병원종류,영업시간,이름,전화번호,병원주소
가정의학과,051-265-8122,1,,"부산 사하구 다대낙조2길 100 상가동 309호
금 09:00 - 18:30
12:30 - 14:00 휴게시간
토 09:00 - 13:00
일 정기휴무 (매주 일요일)
월 09:00 - 18:30
12:30 - 14:00 휴게시간
화(6/6) 현충일 휴무
수 09:00 - 13:00
목 09:00 - 18:30
12:30 - 14:00 휴게시간"
가정의학과,051-293-0375,1,,"부산 강서구 명지국제8로 243 미주프라자 302호
금 10:00 - 18:00
토 10:00 - 14:00
일 정기휴무 (매주 일요일)
월 10:00 - 19:00
화(6/6) 현충일 휴무
수 10:00 - 19:00
목 10:00 - 20:00"
가정의학과,051-304-7584,1,,"부산 사상구 덕상로 14 대원빌딩
금 09:00 - 18:30
12:30 - 14:00 휴게시간
토 09:00 - 13:00
일 정기휴무 (매주 일요일)
월 09:00 - 18:30
12:30 - 14:00 휴게시간
화(6/6) 현충일 휴무
수 09:00 - 18:30
12:30 - 14:00 휴게시간
목 09:00 - 18:30
12:30 - 14:00 휴게시간"
가정의학과,051-323-7577,1,,"부산 사상구 대동로 107 명정빌딩 2층
금 09:00 - 13:00
토 정기휴무 (매주 토요일)
일 09:00 - 17:00
13:00 - 14:00 휴게시간
월 09:00 - 18:30
13:00 - 14:00 휴게시간
화(6/6) 현충일 휴무
수 09:00 - 18:30
13:00 - 14:00 휴게시간
목 09:00 - 18:30
13:00 - 14:00 휴게시간"
가정의학과,051-831-9339,1,,"부산 강서구 과학산단로306번길 10 협성 ds엘리시안 아파트 상가2층 205.206호
금 09:00 - 18:00
13:00 - 14:00 휴게시간
토 09:00 - 13:00
일 정기휴무 (매주 일요일)
월 09:00 - 18:00
13:00 - 14:00 휴게시간
화(6/6) 현충일 휴무
수 09:00 - 18:00
13:00 - 14:00 휴게시간
목 09:00 - 18:00
13:00 - 14:00 휴게시간"
가정의학과,051-970-9123,1,,"부산 강서구 녹산산업중로 333
"
가정의학과,055-723-2295,1,,"경남 김해시 계동로 21
금 09:00 - 19:00
12:30 - 14:00 휴게시간
토 09:00 - 13:00
일 정기휴무 (매주 일요일)
월 09:00 - 19:00
12:30 - 14:00 휴게시간
화(6/6) 현충일 휴무
수 09:00 - 19:00
12:30 - 14:00 휴게시간
목 09:00 - 19:00
12:30 - 14:00 휴게시간"
내과,0507-1304-0449,1,,"경남 김해시 함박로101번길 6 임호빌딩
금 09:00 - 18:30
13:00 - 14:00 휴게시간
토 09:00 - 15:00
일 09:00 - 14:00
월 09:00 - 18:30
13:00 - 14:00 휴게시간
화(6/6) 현충일09:00 - 14:00
수 09:00 - 18:30
13:00 - 14:00 휴게시간
목 09:00 - 18:30
13:00 - 14:00 휴게시간
접기"
내과,0507-1340-7589,1,,"경남 김해시 인제로 168
금 09:00 - 18:00
토 09:00 - 13:00
일 정기휴무 (매주 일요일)
월 09:00 - 18:00
화(6/6) 현충일 휴무
수 09:00 - 18:00
목 09:00 - 18:00"
내과,0507-1388-6633,1,,"부산 강서구 명지국제8로 230 401, 402호
금 09:00 - 18:00
13:00 - 14:00 휴게시간
토 09:00 - 13:00
일 정기휴무 (매주 일요일)
월 09:00 - 18:00
13:00 - 14:00 휴게시간
화(6/6) 현충일 휴무
수 09:00 - 18:00
13:00 - 14:00 휴게시간
목 09:00 - 18:00
13:00 - 14:00 휴게시간"
내과,0507-1493-6622,1,,"부산 강서구 대저로 254
금 09:00 - 18:00
13:00 - 14:00 휴게시간
토 09:00 - 13:00
일 정기휴무 (매주 일요일)
월 09:00 - 18:00
13:00 - 14:00 휴게시간
화(6/6) 현충일 휴무
수 09:00 - 13:00
목 09:00 - 18:00
13:00 - 14:00 휴게시간"
내과,0507-1496-8088,1,,"경남 김해시 김해대로 2078 홈플러스
금 10:00 - 20:00
12:30 - 14:00 휴게시간
토 10:00 - 20:00
12:30 - 14:00 휴게시간
일 10:00 - 18:00
12:30 - 14:00 휴게시간
월 10:00 - 20:00
12:30 - 14:00 휴게시간
화 10:00 - 20:00
12:30 - 14:00 휴게시간
수 10:00 - 20:00
12:30 - 14:00 휴게시간
목 10:00 - 20:00
12:30 - 14:00 휴게시간"
내과,051-201-2115,1,,"부산 강서구 명지국제11로 25
금 09:00 - 18:30
13:00 - 14:00 휴게시간
토 09:00 - 13:00
일 정기휴무 (매주 일요일)
월 09:00 - 18:30
13:00 - 14:00 휴게시간
화(6/6) 현충일 휴무
수 13:30 - 18:30
목 09:00 - 18:30
13:00 - 14:00 휴게시간"
내과,051-202-7722,1,,"부산 사하구 낙동남로 1389 이든 빌딩 6층 - 진료실
금 08:30 - 18:30
12:30 - 14:00 휴게시간
토 08:30 - 14:00
일 정기휴무 (매주 일요일)
월 08:30 - 18:30
12:30 - 14:00 휴게시간
화(6/6) 08:30 - 13:00
수 08:30 - 18:30
12:30 - 14:00 휴게시간
목 08:30 - 18:30
12:30 - 14:00 휴게시간
접기"
내과,051-203-8275,1,,"부산 강서구 명지오션시티4로 64
금 09:00 - 18:30
13:00 - 14:00 휴게시간
18:15 접수마감
토 09:00 - 13:00
12:45 접수마감
일 정기휴무 (매주 일요일)
월 09:00 - 18:30
13:00 - 14:00 휴게시간
18:15 접수마감
화(6/6) 현충일 휴무
수 09:00 - 18:30
13:00 - 14:00 휴게시간
18:15 접수마감
목 09:00 - 18:30
13:00 - 14:00 휴게시간
18:15 접수마감"
내과,051-207-1088,1,,"부산 사하구 낙동대로 438
금 08:00 - 18:00
토 08:00 - 14:00
일 정기휴무 (매주 일요일)
월 08:00 - 18:00
화(6/6) 현충일 휴무
수 08:00 - 18:00
목 08:00 - 18:00"
내과,051-207-9862,1,,"부산 사하구 낙동대로 162 2층
금 09:00 - 18:30
13:00 - 14:00 휴게시간
토 09:00 - 14:00
일 정기휴무 (매주 일요일)
월 09:00 - 18:30
13:00 - 14:00 휴게시간
화 09:00 - 18:30
13:00 - 14:00 휴게시간
수 09:00 - 18:30
13:00 - 14:00 휴게시간
목 09:00 - 18:30
13:00 - 14:00 휴게시간
접기"
내과,051-208-5566,1,,"부산 사하구 낙동남로 1392
금 08:00 - 18:30
13:00 - 14:00 휴게시간
토 08:00 - 13:00
일 정기휴무 (매주 일요일)
월 08:00 - 18:30
13:00 - 14:00 휴게시간
화(6/6) 현충일 휴무
수 08:00 - 18:30
13:00 - 14:00 휴게시간
목 08:00 - 18:30
13:00 - 14:00 휴게시간"
내과,051-253-7553,1,,"부산 강서구 명지오션시티11로 66
금 09:00 - 19:00
토 09:00 - 14:00
일 정기휴무 (매주 일요일)
월 09:00 - 19:00
13:00 - 14:00 휴게시간
화(6/6) 현충일 휴무
수 09:00 - 14:00
목 09:00 - 19:00"
내과,051-265-2468,1,,"부산 사하구 다대로 550 5층
"
내과,051-266-5789,1,,"부산 사하구 다송로 14
금 09:00 - 18:00
12:50 - 14:00 휴게시간
토 09:00 - 13:00
일 정기휴무 (매주 일요일)
월 09:00 - 18:00
12:50 - 14:00 휴게시간
화(6/6) 현충일 휴무
수 09:00 - 18:00
12:50 - 14:00 휴게시간
목 09:00 - 18:00
12:50 - 14:00 휴게시간"
내과,051-271-3227,1,,"부산 강서구 명지새동네길1번길 32
금 09:00 - 18:00
12:30 - 14:00 휴게시간
토 09:00 - 12:00
일 정기휴무 (매주 일요일)
월 09:00 - 18:00
12:30 - 14:00 휴게시간
화(6/6) 현충일 휴무
수 09:00 - 18:00
12:30 - 14:00 휴게시간
목 09:00 - 18:00
12:30 - 14:00 휴게시간"
내과,051-271-3322,1,,"부산 강서구 명지국제8로 241 금남빌딩 3층 김앤박내과의원
금 09:00 - 18:30
12:30 - 14:00 휴게시간
토 08:00 - 13:00
일 정기휴무 (매주 일요일)
월 09:00 - 18:30
12:30 - 14:00 휴게시간
화(6/6) 현충일 휴무
수 09:00 - 12:30
목 09:00 - 18:30
12:30 - 14:00 휴게시간"
내과,051-271-7533,1,,"부산 강서구 명지국제2로 29
금 08:30 - 19:00
13:00 - 14:00 휴게시간
토 08:30 - 13:00
일 08:30 - 13:00
월 08:30 - 19:00
13:00 - 14:00 휴게시간
화 08:30 - 19:00
13:00 - 14:00 휴게시간
수 08:30 - 19:00
13:00 - 14:00 휴게시간
목 08:30 - 19:00
13:00 - 14:00 휴게시간"
내과,051-291-9550,1,,"부산 사하구 낙동대로 449
금 08:50 - 18:20
13:00 - 14:00 휴게시간
18:00 접수마감
토 08:50 - 15:20
13:00 - 13:40 휴게시간
15:00 접수마감
일 정기휴무 (매주 일요일)
월 08:50 - 18:20
13:00 - 14:00 휴게시간
18:00 접수마감
화(6/6) 현충일08:50 - 13:00
수 08:50 - 18:20
13:00 - 14:00 휴게시간
18:00 접수마감
목 08:50 - 18:20
13:00 - 14:00 휴게시간
18:00 접수마감"
내과,051-292-9393,1,,"부산 강서구 명지국제8로 240
금 09:00 - 18:30
13:00 - 14:00 휴게시간
토 09:00 - 14:00
일 정기휴무 (매주 일요일)
월 09:00 - 18:30
13:00 - 14:00 휴게시간
화(6/6) 현충일 휴무
수 09:00 - 18:30
13:00 - 14:00 휴게시간
목 09:00 - 18:30
13:00 - 14:00 휴게시간"
내과,051-317-7855,1,,"부산 사상구 광장로 17 이마트
금 10:00 - 20:00
13:00 - 14:00 휴게시간
18:00 - 18:30 휴게시간
토 10:00 - 17:00
13:00 - 14:00 휴게시간
일 10:00 - 17:00
13:00 - 14:00 휴게시간
월 10:00 - 20:00
13:00 - 14:00 휴게시간
18:00 - 18:30 휴게시간
화(6/6) 현충일10:00 - 17:00
13:00 - 14:00 휴게시간
수 10:00 - 20:00
13:00 - 14:00 휴게시간
18:00 - 18:30 휴게시간
목 10:00 - 20:00
13:00 - 14:00 휴게시간
18:00 - 18:30 휴게시간
접기"
내과,051-321-1231,1,,"부산 사상구 사상로 200 엠시티빌딩 4층
금 09:00 - 19:00
13:00 - 14:00 휴게시간
토 09:00 - 14:00
일 09:00 - 13:00
월 09:00 - 19:00
13:00 - 14:00 휴게시간
화(6/6) 휴무
수 09:00 - 19:00
13:00 - 14:00 휴게시간
목 09:00 - 19:00
13:00 - 14:00 휴게시간"
내과,051-321-2119,1,,"부산 사상구 낙동대로 790 신우프라자
금 09:00 - 18:30
13:00 - 14:00 휴게시간
토 09:00 - 13:00
일 정기휴무 (매주 일요일)
월 09:00 - 18:30
13:00 - 14:00 휴게시간
화(6/6) 현충일 휴무
수 09:00 - 13:00
목 09:00 - 18:30
13:00 - 14:00 휴게시간"
내과,051-325-8275,1,,"부산 사상구 사상로 231
금 09:00 - 17:30
13:00 - 14:00 휴게시간
토 09:00 - 13:00
일 정기휴무 (매주 일요일)
월 09:00 - 17:30
13:00 - 14:00 휴게시간
화 09:00 - 17:30
13:00 - 14:00 휴게시간
수 09:00 - 13:00
목 09:00 - 17:30
13:00 - 14:00 휴게시간
접기"
내과,051-831-7763,1,,"부산 강서구 신호산단2로 41
금 09:00 - 18:00
13:00 - 14:00 휴게시간
토 09:00 - 13:00
일 정기휴무 (매주 일요일)
월 09:00 - 18:00
13:00 - 14:00 휴게시간
화(6/6) 현충일 휴무
수 09:00 - 18:00
13:00 - 14:00 휴게시간
목 09:00 - 18:00
13:00 - 14:00 휴게시간"
내과,051-941-8866,1,,"부산 강서구 대저로 283-1
금 08:30 - 13:00
토 08:00 - 12:00
일 정보없음
월 08:30 - 13:00
화 08:30 - 17:00
수 08:30 - 13:00
목 08:30 - 17:00
접기"
내과,051-966-0029,1,,"부산 강서구 신호산단2로 21
금 09:00 - 18:00
13:00 - 14:00 휴게시간
토 09:00 - 14:00
일 정기휴무 (매주 일요일)
월 09:00 - 18:00
13:00 - 14:00 휴게시간
화(6/6) 현충일 휴무
수 09:00 - 18:00
13:00 - 14:00 휴게시간
목 09:00 - 18:00
13:00 - 14:00 휴게시간"
내과,051-970-5182,1,,"부산 강서구 공항진입로42번길 54
"
내과,051-9710-1572,1,,"부산 강서구 대저중앙로29번길 62 부산교도소부속의원
"
내과,051-973-8575,1,,"부산 강서구 공항앞길 5
금 09:00 - 18:00
토 09:00 - 13:00
일 정기휴무 (매주 일요일)
월 09:00 - 18:00
화(6/6) 현충일 휴무
수 09:00 - 18:00
목 09:00 - 18:00"
내과,051-979-9089,1,,"부산 강서구 르노삼성대로 61
"
내과,055-312-9955,1,,"경남 김해시 능동로155번길 2
금 09:00 - 18:30
13:00 - 14:00 휴게시간
토 09:00 - 15:00
일 정기휴무 (매주 일요일)
월 09:00 - 18:30
13:00 - 14:00 휴게시간
화(6/6) 현충일 휴무
수 09:00 - 18:30
13:00 - 14:00 휴게시간
목 09:00 - 18:30
13:00 - 14:00 휴게시간"
내과,055-313-0095,1,,"경남 김해시 번화1로79번길 2 2층
금 09:00 - 18:00
토 09:00 - 13:00
일 09:00 - 18:00
월 09:00 - 18:00
화(6/6) 현충일 휴무
수 09:00 - 18:00
목 09:00 - 18:00"
내과,055-314-3651,1,,"경남 김해시 계동로23번길 3-19
금 09:00 - 18:30
12:30 - 14:00 휴게시간
토 09:00 - 13:00
일 정기휴무 (매주 일요일)
월 09:00 - 18:30
12:30 - 14:00 휴게시간
화(6/6) 현충일 휴무
수 09:00 - 18:30
12:30 - 14:00 휴게시간
목 09:00 - 18:30
12:30 - 14:00 휴게시간"
내과,055-321-7696,1,,"경남 김해시 율하3로 21 율하메디칼
금 09:00 - 18:30
토 09:00 - 13:00
일 정기휴무 (매주 일요일)
월 09:00 - 18:30
화(6/6) 현충일 휴무
수 09:00 - 18:30
목 09:00 - 18:30"
내과,055-323-1586,1,,"경남 김해시 인제로 190 선교메디칼빌딩 3층
금 08:30 - 18:00
12:30 - 13:30 휴게시간
17:30 접수마감
토 08:30 - 13:00
12:30 접수마감
일 정기휴무 (매주 일요일)
월 08:30 - 18:00
12:30 - 13:30 휴게시간
17:30 접수마감
화 08:30 - 18:00
12:30 - 13:30 휴게시간
17:30 접수마감
수 08:30 - 18:00
12:30 - 13:30 휴게시간
17:30 접수마감
목 08:30 - 18:00
12:30 - 13:30 휴게시간
17:30 접수마감
접기"
내과,055-326-6030,1,,"경남 김해시 내외로 79 2층
금 09:00 - 18:30
토 09:00 - 14:00
일 정기휴무 (매주 일요일)
월 09:00 - 18:30
화(6/6) 현충일 휴무
수 09:00 - 18:30
목 09:00 - 18:30"
내과,055-551-1888,1,,"경남 창원시 진해구 신항동로 141 애플타운헤리티지 210호
금 09:00 - 18:30
13:00 - 14:00 휴게시간
토 09:00 - 13:30
일 정기휴무 (매주 일요일)
월 09:00 - 18:30
13:00 - 14:00 휴게시간
화(6/6) 현충일 휴무
수 09:00 - 18:30
13:00 - 14:00 휴게시간
목 09:00 - 18:30
13:00 - 14:00 휴게시간"
내과,055-902-0119,1,,"경남 김해시 율하로 478 201호
금 09:00 - 18:30
13:00 - 14:00 휴게시간
토 09:00 - 14:00
일 정기휴무 (매주 일요일)
월 09:00 - 18:30
13:00 - 14:00 휴게시간
화(6/6) 현충일 휴무
수 09:00 - 18:30
13:00 - 14:00 휴게시간
목 09:00 - 18:30
13:00 - 14:00 휴게시간"
마취통증의학과,0507-1406-7992,1,,"부산 강서구 명지국제2로28번길 3 302호~305호
금 10:00 - 20:00
13:00 - 14:00 휴게시간
19:30 접수마감
토 10:00 - 15:00
14:30 접수마감
일 정기휴무 (매주 일요일)
월 10:00 - 20:00
13:00 - 14:00 휴게시간
19:30 접수마감
화(6/6) 현충일 휴무
수 10:00 - 20:00
13:00 - 14:00 휴게시간
19:30 접수마감
목 10:00 - 20:00
13:00 - 14:00 휴게시간
19:30 접수마감"
마취통증의학과,0507-1466-7736,1,,"부산 강서구 명지국제2로28번길 3 동건프라자 6층
금 09:00 - 18:30
12:30 - 14:00 휴게시간
토 09:00 - 14:00
일 09:00 - 13:00
월 09:00 - 18:30
12:30 - 14:00 휴게시간
화 09:00 - 18:30
12:30 - 14:00 휴게시간
수 09:00 - 18:30
12:30 - 14:00 휴게시간
목 09:00 - 18:30
12:30 - 14:00 휴게시간"
"병원,의원",0507-1346-7170,1,,"부산 강서구 대저로 266 1층
금 08:00 - 18:00
토 08:00 - 13:00
일 정기휴무 (매주 일요일)
월 08:00 - 18:00
화(6/6) 현충일08:00 - 13:00
수 08:00 - 18:00
목 08:00 - 18:00"
"병원,의원",0507-1392-9013,1,,"부산 강서구 명지오션시티4로 99
매일 09:00 - 18:00
접기"
"병원,의원",0507-1429-7833,1,,"부산 사하구 낙동남로 1410
금 09:00 - 18:00
12:30 - 13:30 휴게시간
토 09:00 - 13:00
일 정기휴무 (매주 일요일)
월 09:00 - 18:00
12:30 - 13:30 휴게시간
화 09:00 - 18:00
12:30 - 13:30 휴게시간
수 09:00 - 18:00
12:30 - 13:30 휴게시간
목 09:00 - 18:00
12:30 - 13:30 휴게시간"
"병원,의원",0507-1430-0340,1,,"경남 김해시 분성로 14-4 일동한신아파트 주상가 204호
금 09:30 - 19:00
12:30 - 14:00 휴게시간
토 09:30 - 17:00
12:30 - 14:00 휴게시간
일 09:30 - 17:00
12:30 - 14:00 휴게시간
월 09:30 - 19:00
12:30 - 14:00 휴게시간
화(6/6) 현충일09:30 - 17:00
12:30 - 14:00 휴게시간
수 09:30 - 20:30
12:30 - 14:00 휴게시간
목 09:30 - 19:00
12:30 - 14:00 휴게시간
접기"
"병원,의원",0507-1440-8275,1,,"부산 강서구 명지국제8로 245 뉴타워 3층 302~304호
금 09:00 - 19:00
13:00 - 14:00 휴게시간
토 09:00 - 14:00
일 정기휴무 (매주 일요일)
월 09:00 - 19:00
13:00 - 14:00 휴게시간
화(6/6) 현충일 휴무
수 09:00 - 19:00
13:00 - 14:00 휴게시간
목 09:00 - 19:00
13:00 - 14:00 휴게시간"
"병원,의원",051-201-8854,1,,"부산 강서구 명지오션시티4로 95 웰하이여성아동병원
"
"병원,의원",051-207-4343,1,,"부산 사하구 낙동남로 1401
"
"병원,의원",051-262-3344,1,,"부산 사하구 다대로 315
금 08:30 - 17:00
12:30 - 13:30 휴게시간
토 08:30 - 12:30
일 정기휴무 (매주 일요일)
월 08:30 - 17:00
12:30 - 13:30 휴게시간
화(6/6) 현충일 휴무
수 08:30 - 17:00
12:30 - 13:30 휴게시간
목 08:30 - 17:00
12:30 - 13:30 휴게시간"
"병원,의원",051-265-7575,1,,"부산 사하구 다대로 321
금 09:00 - 18:00
13:00 - 14:00 휴게시간
토 09:00 - 13:00
일 정기휴무 (매주 일요일)
월 09:00 - 18:00
13:00 - 14:00 휴게시간
화(6/6) 현충일 휴무
수 09:00 - 18:00
13:00 - 14:00 휴게시간
목 09:00 - 18:00
13:00 - 14:00 휴게시간"
"병원,의원",051-266-2600,1,,"부산 사하구 다대로 311
금 09:00 - 17:30
12:30 - 13:30 휴게시간
토 09:00 - 12:30
일 정기휴무 (매주 일요일)
월 09:00 - 17:30
12:30 - 13:30 휴게시간
화(6/6) 현충일 휴무
수 09:00 - 17:30
12:30 - 13:30 휴게시간
목 09:00 - 17:00
12:30 - 13:30 휴게시간"
"병원,의원",051-305-7588,1,,"부산 사상구 사상로 236
금 09:00 - 18:30
13:00 - 14:00 휴게시간
토 08:30 - 13:00
일 정기휴무 (매주 일요일)
월 09:00 - 18:30
13:00 - 14:00 휴게시간
화(6/6) 현충일 휴무
수 09:00 - 18:30
13:00 - 14:00 휴게시간
목 09:00 - 13:00"
"병원,의원",051-363-2331,1,,"부산 북구 금곡대로 133
금 09:00 - 17:30
12:30 - 14:00 휴게시간
17:00 접수마감
토 09:00 - 12:30
12:00 접수마감
일 정기휴무 (매주 일요일)
월 09:00 - 17:30
12:30 - 14:00 휴게시간
17:00 접수마감
화(6/6) 현충일 휴무
수 09:00 - 17:30
12:30 - 14:00 휴게시간
17:00 접수마감
목 09:00 - 17:30
12:30 - 14:00 휴게시간
17:00 접수마감"
"병원,의원",051-710-6888,1,,"부산 강서구 명지오션시티9로 21
금 08:30 - 16:00
12:00 - 13:00 휴게시간
토 정기휴무 (매주 토요일)
일 정기휴무 (매주 일요일)
월 08:30 - 16:00
12:00 - 13:00 휴게시간
화(6/6) 현충일 휴무
수 08:30 - 16:00
12:00 - 13:00 휴게시간
목 08:30 - 16:00
12:00 - 13:00 휴게시간"
"병원,의원",051-974-2888,1,,"부산 강서구 공항진입로 108 김해국제공항국내선청사 1F
금 09:00 - 17:00
토 정기휴무 (매주 토요일)
일 정기휴무 (매주 일요일)
월 09:00 - 17:00
화(6/6) 현충일 휴무
수 09:00 - 17:00
목 09:00 - 17:00"
"병원,의원",051-974-8300,1,,"부산 강서구 녹산산단321로 24-8
금 08:30 - 17:30
12:30 - 13:30 휴게시간
토 08:30 - 12:30
일 정기휴무 (매주 일요일)
월 08:30 - 17:30
12:30 - 13:30 휴게시간
화 08:30 - 17:30
12:30 - 13:30 휴게시간
수 08:30 - 17:30
12:30 - 13:30 휴게시간
목 08:30 - 17:30
12:30 - 13:30 휴게시간"
"병원,의원",051-985-1000,1,,"부산 강서구 과학산단2로20번길 20 행복메디컬빌딩 2층
금 09:00 - 17:00
13:00 - 14:00 휴게시간
토 09:00 - 13:00
일 정기휴무 (매주 일요일)
월(6/5) 휴무
화(6/6) 현충일 휴무
수 09:00 - 18:00
13:00 - 14:00 휴게시간
목 09:00 - 18:00
13:00 - 14:00 휴게시간"
"병원,의원",055-330-9100,1,,"경남 김해시 구지로 56 김해센텀병원
금 09:00 - 18:00
12:30 - 13:30 휴게시간
토 09:00 - 13:00
일 정기휴무 (매주 일요일)
월 09:00 - 18:00
12:30 - 13:30 휴게시간
화(6/6) 현충일 휴무
수 09:00 - 18:00
12:30 - 13:30 휴게시간
목 09:00 - 18:00
12:30 - 13:30 휴게시간"
"병원,의원",055-335-0300,1,,"경남 김해시 분성로 444 굿모닝빌딩
"
"병원,의원",055-339-8811,1,,"경남 김해시 번화1로44번길 6
금 09:00 - 18:00
12:50 - 14:00 휴게시간
토 09:00 - 12:50
일 정기휴무 (매주 일요일)
월 09:00 - 18:00
12:50 - 14:00 휴게시간
화 09:00 - 18:00
12:50 - 14:00 휴게시간
수 09:00 - 18:00
12:50 - 14:00 휴게시간
목 09:00 - 18:00
12:50 - 14:00 휴게시간"
"병원,의원",055-540-7500,1,,"경남 창원시 진해구 용원서로 42 세명병원
금 09:00 - 18:00
12:30 - 14:00 휴게시간
토 09:00 - 13:00
일 정기휴무 (매주 일요일)
월 09:00 - 18:00
12:30 - 13:30 휴게시간
화 09:00 - 18:00
12:30 - 14:00 휴게시간
수 09:00 - 18:00
12:30 - 14:00 휴게시간
목 09:00 - 18:00
12:30 - 14:00 휴게시간"
"병원,의원",055-552-7582,1,,"경남 창원시 진해구 용원로 15 희망병원
"
"병원,의원",1599-8275,1,,"부산 사하구 승학로 8
"
병원부속시설,0507-1376-5104,1,,"부산 강서구 대저중앙로172번길 20
금 09:00 - 18:00
토 정기휴무 (매주 토요일)
일 정기휴무 (매주 일요일)
월 09:00 - 18:00
화(6/6) 현충일 휴무
수 09:00 - 18:00
목 09:00 - 18:00"
병원부속시설,No phone number available,2,,"부산 강서구 가락대로 1476 가락동 주민센터
"
보건소,051-220-5701,1,,"부산 사하구 하신중앙로 185 사하구 제2청사
금 09:00 - 18:00
12:00 - 13:00 휴게시간
토 정보없음
일 정보없음
월 09:00 - 18:00
12:00 - 13:00 휴게시간
화 09:00 - 18:00
12:00 - 13:00 휴게시간
수 09:00 - 18:00
12:00 - 13:00 휴게시간
목 09:00 - 18:00
12:00 - 13:00 휴게시간
접기"
보건소,051-310-4791,1,,"부산 사상구 학감대로 242
금 09:00 - 18:00
12:00 - 13:00 휴게시간
토 정기휴무 (매주 토요일)
일 정기휴무 (매주 일요일)
월 09:00 - 18:00
12:00 - 13:00 휴게시간
화(6/6) 현충일 휴무
수 09:00 - 18:00
12:00 - 13:00 휴게시간
목 09:00 - 18:00
12:00 - 13:00 휴게시간"
보건소,051-970-2926,1,,"부산 강서구 공항로811번길 10
"
보건소,051-970-3411,1,,"부산 강서구 공항로811번가길 36
"
보건소,051-970-3415,1,,"부산 강서구 공항로811번길 10 강서브라이트센터
"
보건소,051-970-3421,1,,"부산 강서구 공항로811번가길 36
"
보건소,051-970-3433,1,,"부산 강서구 공항로811번가길 36
"
보건소,051-970-3445,1,,"부산 강서구 공항로811번가길 36
"
보건소,051-970-3481,1,,"부산 강서구 공항로811번가길 36
"
보건소,1577-9400,2,,"경남 김해시 분성로 227 김해시 보건소
금 09:00 - 18:00
12:00 - 13:00 휴게시간
토 정기휴무 (매주 토요일)
일 정기휴무 (매주 일요일)
월 09:00 - 18:00
12:00 - 13:00 휴게시간
화(6/6) 현충일 휴무
수 09:00 - 18:00
12:00 - 13:00 휴게시간
목 09:00 - 18:00
12:00 - 13:00 휴게시간"
보건지소,051-970-4795,1,,"부산 강서구 낙동북로102번길 76 강동보건지소
금 09:00 - 18:00
토 정보없음
일 정보없음
월 09:00 - 18:00
화 09:00 - 18:00
수 09:00 - 18:00
목 09:00 - 18:00
접기"
보건지소,051-970-4796,1,,"부산 강서구 생곡로 17
금 09:00 - 18:00
토 정보없음
일 정보없음
월 09:00 - 18:00
화 09:00 - 18:00
수 09:00 - 18:00
목 09:00 - 18:00
접기"
보건지소,051-970-4797,1,,"부산 강서구 성북1길 70-1
금 09:00 - 18:00
토 정보없음
일 정보없음
월 09:00 - 18:00
화 09:00 - 18:00
수 09:00 - 18:00
목 09:00 - 18:00
접기"
보건지소,051-970-4798,1,,"부산 강서구 가락대로 1476 가락동 주민센터
금 09:00 - 18:00
토 정보없음
일 정보없음
월 09:00 - 18:00
화 09:00 - 18:00
수 09:00 - 18:00
목 09:00 - 18:00
접기"
보건진료소,051-970-2980,1,,"부산 강서구 과학산단2로20번길 5
금 09:00 - 18:00
토 정보없음
일 정보없음
월 09:00 - 18:00
화 09:00 - 18:00
수 09:00 - 18:00
목 09:00 - 18:00
접기"
보건진료소,051-971-7623,1,,"부산 강서구 가덕해안로821번길 100 천성보건진료소
금 09:00 - 18:00
12:00 - 13:00 휴게시간
토 정기휴무 (매주 토요일)
일 정기휴무 (매주 일요일)
월 09:00 - 18:00
12:00 - 13:00 휴게시간
화(6/6) 현충일 휴무
수 09:00 - 18:00
12:00 - 13:00 휴게시간
목 09:00 - 18:00
12:00 - 13:00 휴게시간"
보건진료소,051-972-7335,1,,"부산 강서구 가덕해안로1208번가길 9 대항보건진료소
"
보훈병원,1800-3100,1,,"부산 사상구 백양대로 420
금 09:00 - 17:00
12:30 - 13:30 휴게시간
토 정기휴무 (매주 토요일)
일 정기휴무 (매주 일요일)
월 09:00 - 17:00
12:30 - 13:30 휴게시간
화(6/6) 현충일 휴무
수 09:00 - 17:00
12:30 - 13:30 휴게시간
목 09:00 - 17:00
12:30 - 13:30 휴게시간"
비뇨의학과,051-205-2017,1,,"부산 강서구 명지국제8로 245 뉴타워상가 7층
금 10:00 - 18:15
13:00 - 14:00 휴게시간
18:00 접수마감
토 09:30 - 13:15
13:00 접수마감
일 정기휴무 (매주 일요일)
월 10:00 - 18:15
13:00 - 14:00 휴게시간
18:00 접수마감
화(6/6) 현충일 휴무
수 14:00 - 18:15
18:00 접수마감
목 10:00 - 18:15
13:00 - 14:00 휴게시간
18:00 접수마감"
비뇨의학과,051-317-7582,1,,"부산 사상구 광장로 77
금 09:30 - 18:00
12:45 - 14:00 휴게시간
토 09:30 - 12:30
일 정기휴무 (매주 일요일)
월 09:30 - 18:00
12:45 - 14:00 휴게시간
화(6/6) 현충일 휴무
수 09:30 - 18:00
12:45 - 14:00 휴게시간
목 09:30 - 18:00
12:45 - 14:00 휴게시간"
산부인과,051-200-9999,1,,"부산 사하구 낙동남로 1388
"
산부인과,051-206-0999,1,,"부산 사하구 낙동대로 361
금 09:00 - 19:30
13:00 - 14:00 휴게시간
토 09:00 - 15:00
일 09:00 - 13:00
월 09:00 - 19:30
13:00 - 14:00 휴게시간
화(6/6) 현충일09:00 - 13:00
수 09:00 - 19:30
13:00 - 14:00 휴게시간
목 09:00 - 19:30
13:00 - 14:00 휴게시간
접기"
산부인과,051-271-1175,1,,"부산 강서구 명지오션시티4로 64 5층 502호 명지일신산부인과
금 09:30 - 17:00
12:30 - 13:30 휴게시간
토 09:30 - 13:00
일 정기휴무 (매주 일요일)
월 09:30 - 17:00
12:30 - 13:30 휴게시간
화(6/6) 현충일 휴무
수 09:30 - 17:00
12:30 - 13:30 휴게시간
목 09:30 - 12:30"
산부인과,051-291-7777,1,,"부산 사하구 낙동대로 234 조일빌딩
금 09:00 - 18:00
13:00 - 14:00 휴게시간
토 09:00 - 15:00
일 정기휴무 (매주 일요일)
월 09:00 - 19:00
13:00 - 14:00 휴게시간
화(6/6) 현충일 휴무
수 09:00 - 19:00
13:00 - 14:00 휴게시간
목 09:00 - 19:00
13:00 - 14:00 휴게시간"
산부인과,051-311-1331,1,,"부산 사상구 광장로 77 4층
금 09:30 - 19:00
13:00 - 14:00 휴게시간
18:50 접수마감
토 09:30 - 15:30
13:00 - 14:00 휴게시간
15:20 접수마감
일 정기휴무 (매주 일요일)
월 09:30 - 19:00
13:00 - 14:00 휴게시간
18:50 접수마감
화(6/6) 현충일 휴무
수 09:30 - 19:00
13:00 - 14:00 휴게시간
18:50 접수마감
목 09:30 - 19:00
13:00 - 14:00 휴게시간
18:50 접수마감"
산부인과,051-330-5000,1,,"부산 북구 금곡대로 15
"
산부인과,055-325-6789,1,,"경남 김해시 인제로 159 2층
금 10:00 - 16:00
토 정기휴무 (매주 토요일)
일 정기휴무 (매주 일요일)
월 10:00 - 16:00
화(6/6) 현충일 휴무
수 정기휴무 (매주 수요일)
목 10:00 - 16:00"
산부인과,055-328-0059,1,,"경남 김해시 경원로55번길 12
금 09:00 - 19:00
13:00 - 14:00 휴게시간
토 09:00 - 13:00
일 09:30 - 12:30
월 09:00 - 19:00
13:00 - 14:00 휴게시간
화(6/6) 현충일09:30 - 12:30
수 09:00 - 19:00
13:00 - 14:00 휴게시간
목 09:00 - 19:00
13:00 - 14:00 휴게시간"
선별진료소,051-970-3415,1,,"부산 강서구 공항로811번길 10
금 09:00 - 18:00
12:00 - 13:00 휴게시간
토 09:00 - 13:00
일 09:00 - 13:00
월 09:00 - 18:00
12:00 - 13:00 휴게시간
화(6/6) 현충일09:00 - 13:00
수 09:00 - 18:00
12:00 - 13:00 휴게시간
목 09:00 - 18:00
12:00 - 13:00 휴게시간
접기"
선별진료소,051-974-8449,1,,"부산 강서구 녹산산단321로 24-8
금 08:30 - 17:30
토 08:30 - 12:30
일 정기휴무 (매주 일요일)
월 08:30 - 17:30
화(6/6) 현충일 휴무
수 08:30 - 17:30
목 08:30 - 17:30"
성형외과,051-202-0060,1,,"부산 사하구 낙동대로 451 금동빌딩
금 10:00 - 21:00
토 10:00 - 15:00
일 정기휴무 (매주 일요일)
월 10:00 - 19:00
화(6/6) 현충일 휴무
수 10:00 - 19:00
목 10:00 - 19:00"
성형외과,051-331-8877,1,,"부산 북구 만덕대로 22
금 10:00 - 20:30
13:00 - 14:00 휴게시간
토 10:00 - 16:00
13:00 - 14:00 휴게시간
일 정기휴무 (매주 일요일)
월 10:00 - 20:30
13:00 - 14:00 휴게시간
화(6/6) 현충일10:00 - 16:00
수 10:00 - 20:30
13:00 - 14:00 휴게시간
목 10:00 - 20:30
13:00 - 14:00 휴게시간
접기"
성형외과,055-326-4321,1,,"경남 김해시 내외중앙로 59 내동 햄튼타워 6층 601호
금 14:00 - 21:00
토 09:30 - 15:00
일 정기휴무 (매주 일요일)
월 09:30 - 19:00
13:00 - 14:00 휴게시간
화(6/6) 현충일 휴무
수 09:30 - 19:00
13:00 - 14:00 휴게시간
목 09:30 - 19:00
13:00 - 14:00 휴게시간"
소아청소년과,0507-1454-6003,1,,"부산 사하구 다대로 234 5, 6, 8, 9층
금 09:00 - 19:00
12:30 - 14:00 휴게시간
토 09:00 - 13:00
일 09:00 - 13:00
월 09:00 - 19:00
12:30 - 14:00 휴게시간
화(6/6) 현충일09:00 - 13:00
수 09:00 - 19:00
12:30 - 14:00 휴게시간
목 09:00 - 19:00
12:30 - 14:00 휴게시간"
소아청소년과,0507-1479-7983,1,,"경남 김해시 율하로 476 3층
금 08:30 - 18:30
12:30 - 14:00 휴게시간
토 09:00 - 14:00
일 정기휴무 (매주 일요일)
월 08:30 - 18:30
12:30 - 14:00 휴게시간
화(6/6) 현충일09:00 - 14:00
수 08:30 - 12:30
목 08:30 - 18:30
12:30 - 14:00 휴게시간
접기"
소아청소년과,051-202-1113,1,,"부산 강서구 명지국제8로 269 유당빌딩 4,5층
금 09:00 - 18:30
12:30 - 14:00 휴게시간
토 09:00 - 12:30
일 정기휴무 (매주 일요일)
월 09:00 - 18:30
12:30 - 14:00 휴게시간
화 09:00 - 18:30
12:30 - 14:00 휴게시간
수 09:00 - 18:30
12:30 - 14:00 휴게시간
목 09:00 - 18:30
12:30 - 14:00 휴게시간"
소아청소년과,051-204-0012,1,,"부산 강서구 명지국제8로 257 티에스스퀘어 502호
금 08:30 - 19:00
12:30 - 14:00 휴게시간
토 08:30 - 15:00
일 09:00 - 14:00
월 08:30 - 19:00
12:30 - 14:00 휴게시간
화(6/6) 현충일09:00 - 14:00
수 08:30 - 19:00
12:30 - 14:00 휴게시간
목 08:30 - 19:00
12:30 - 14:00 휴게시간"
소아청소년과,051-206-5296,1,,"부산 강서구 명지오션시티4로 64
금 09:00 - 18:30
토 09:00 - 15:00
일 정기휴무 (매주 일요일)
월 09:00 - 18:30
화(6/6) 현충일 휴무
수 09:00 - 18:30
목 09:00 - 18:30"
소아청소년과,051-264-9500,1,,"부산 강서구 명지국제1로 25 우진메디컬 8층
금 09:00 - 19:00
13:00 - 14:00 휴게시간
토 09:00 - 16:00
13:00 - 14:00 휴게시간
일 정기휴무 (매주 일요일)
월 09:00 - 19:00
13:00 - 14:00 휴게시간
화(6/6) 현충일09:00 - 13:00
수 09:00 - 19:00
13:00 - 14:00 휴게시간
목 09:00 - 19:00
13:00 - 14:00 휴게시간"
소아청소년과,051-271-1123,1,,"부산 강서구 명지오션시티10로 16
금 09:00 - 18:30
12:30 - 14:00 휴게시간
토 09:00 - 13:00
일 정기휴무 (매주 일요일)
월 09:00 - 18:30
12:30 - 14:00 휴게시간
화(6/6) 현충일 휴무
수 09:00 - 18:30
12:30 - 14:00 휴게시간
목 09:00 - 18:30
12:30 - 14:00 휴게시간"
소아청소년과,051-292-8575,1,,"부산 강서구 명지오션시티11로 74 303호, 304호
금 09:00 - 20:00
13:00 - 14:00 휴게시간
토 08:00 - 13:00
일 정기휴무 (매주 일요일)
월 09:00 - 20:00
13:00 - 14:00 휴게시간
화(6/6) 현충일08:00 - 13:00
수 09:00 - 20:00
13:00 - 14:00 휴게시간
목 09:00 - 20:00
13:00 - 14:00 휴게시간
접기"
소아청소년과,051-293-8001,1,,"부산 강서구 명지국제11로 27 3층
금 09:00 - 18:30
13:00 - 14:00 휴게시간
토 09:00 - 14:00
일 09:00 - 14:00
월 09:00 - 18:30
13:00 - 14:00 휴게시간
화(6/6) 현충일09:00 - 14:00
수 09:00 - 18:30
13:00 - 14:00 휴게시간
목 09:00 - 18:30
13:00 - 14:00 휴게시간
접기"
소아청소년과,051-311-1114,1,,"부산 사상구 가야대로 274
금 09:00 - 18:00
13:00 - 14:00 휴게시간
토 09:00 - 13:00
일 정보없음
월 09:00 - 18:00
13:00 - 14:00 휴게시간
화 09:00 - 18:00
13:00 - 14:00 휴게시간
수 09:00 - 18:00
13:00 - 14:00 휴게시간
목 09:00 - 18:00
13:00 - 14:00 휴게시간
접기"
소아청소년과,051-317-9234,1,,"부산 사상구 엄궁북로 24 한사랑가정의원
금 09:00 - 18:30
토 09:00 - 13:30
일 정기휴무 (매주 일요일)
월 09:00 - 18:30
화(6/6) 현충일 휴무
수 09:00 - 18:30
목 09:00 - 18:30"
소아청소년과,051-717-0230,1,,"부산 강서구 명지국제8로 240
금 09:00 - 19:00
13:00 - 14:00 휴게시간
토 09:00 - 16:00
13:00 - 14:00 휴게시간
일 09:00 - 13:00
월 09:00 - 19:00
13:00 - 14:00 휴게시간
화(6/6) 현충일09:00 - 13:00
수 09:00 - 19:00
13:00 - 14:00 휴게시간
목 09:00 - 19:00
13:00 - 14:00 휴게시간
접기"
소아청소년과,051-831-3725,1,,"부산 강서구 과학산단로306번길 10 협성·DS 엘리시안아파트
금 09:00 - 18:00
13:00 - 14:00 휴게시간
토 09:00 - 13:00
일 정보없음
월 09:00 - 18:00
13:00 - 14:00 휴게시간
화 09:00 - 18:00
13:00 - 14:00 휴게시간
수 09:00 - 18:00
13:00 - 14:00 휴게시간
목 09:00 - 18:00
13:00 - 14:00 휴게시간
접기"
소아청소년과,051-941-3339,1,,"부산 강서구 신호산단2로 33 골든뷰 401호
금 09:00 - 18:30
12:30 - 14:00 휴게시간
토 09:00 - 13:00
일 정기휴무 (매주 일요일)
월 09:00 - 18:30
12:30 - 14:00 휴게시간
화(6/6) 현충일 휴무
수 09:00 - 18:30
12:30 - 14:00 휴게시간
목 09:00 - 18:30
12:30 - 14:00 휴게시간"
소아청소년과,055-312-9000,1,,"경남 김해시 율하3로 53
금 09:00 - 18:30
13:00 - 14:30 휴게시간
토 09:00 - 13:00
일(6/4) 정기휴무 (매달 1, 3, 5번째 일요일)
월 09:00 - 18:30
13:00 - 14:30 휴게시간
화(6/6) 현충일09:00 - 13:00
수 09:00 - 18:30
13:00 - 14:30 휴게시간
목 09:00 - 18:30
13:00 - 14:30 휴게시간"
소아청소년과,055-314-7007,1,,"경남 김해시 번화1로80번길 5
금 09:00 - 18:00
토 09:00 - 12:30
일 정보없음
월 09:00 - 18:00
화 09:00 - 18:00
수 09:00 - 18:00
목 09:00 - 18:00
접기"
소아청소년과,055-323-3360,1,,"경남 김해시 율하1로 110 중앙프라자
금 09:00 - 20:30
13:00 - 14:30 휴게시간
토 09:00 - 14:00
일 09:00 - 13:00
월 09:00 - 20:30
13:00 - 14:30 휴게시간
화(6/6) 현충일09:00 - 13:00
수 09:00 - 20:30
13:00 - 14:30 휴게시간
목 09:00 - 20:30
13:00 - 14:30 휴게시간"
소아청소년과,055-325-5050,1,,"경남 김해시 율하6로 56 메이저타워 3층
금 09:00 - 19:00
12:30 - 14:00 휴게시간
토 09:00 - 14:00
일 정기휴무 (매주 일요일)
월 09:00 - 19:00
12:30 - 14:00 휴게시간
화(6/6) 현충일 휴무
수 09:00 - 19:00
12:30 - 14:00 휴게시간
목 09:00 - 19:00
12:30 - 14:00 휴게시간"
소아청소년과,055-325-5775,1,,"경남 김해시 활천로 22 아이사랑병원
금 09:00 - 21:00
12:30 - 14:00 휴게시간
토 09:00 - 17:00
12:30 - 14:00 휴게시간
일 09:00 - 12:00
월 09:00 - 21:00
12:30 - 14:00 휴게시간
화(6/6) 현충일09:00 - 17:00
12:30 - 14:00 휴게시간
수 09:00 - 21:00
12:30 - 14:00 휴게시간
목 09:00 - 21:00
12:30 - 14:00 휴게시간
접기"
소아청소년과,055-331-9600,1,,"경남 김해시 율하3로 38
"
소아청소년과,055-551-6220,1,,"경남 창원시 진해구 신항동로 141 애플타운헤리티지 2층 205호
금 09:00 - 18:30
12:30 - 14:00 휴게시간
토 09:00 - 13:00
일 정기휴무 (매주 일요일)
월 09:00 - 18:30
12:30 - 14:00 휴게시간
화(6/6) 현충일 휴무
수 09:00 - 18:30
12:30 - 14:00 휴게시간
목 09:00 - 18:30
12:30 - 14:00 휴게시간"
소아청소년과,055-724-2575,1,,"경남 김해시 율하6로 49 솔리비오빌딩 4층
금 09:30 - 19:30
12:30 - 14:00 휴게시간
19:15 접수마감
토 09:30 - 14:00
13:45 접수마감
일 정기휴무 (매주 일요일)
월 09:30 - 19:30
12:30 - 14:00 휴게시간
19:15 접수마감
화(6/6) 현충일 휴무
수 09:30 - 19:30
12:30 - 14:00 휴게시간
19:15 접수마감
목 09:30 - 19:30
12:30 - 14:00 휴게시간
19:15 접수마감"
신경외과,0507-1468-0926,1,,"경남 김해시 분성로 208 김해 the큰병원
금 09:00 - 17:30
12:30 - 13:30 휴게시간
토 09:00 - 13:00
일 정기휴무 (매주 일요일)
월 09:00 - 17:30
12:30 - 13:30 휴게시간
화 09:00 - 17:30
12:30 - 13:30 휴게시간
수 09:00 - 17:30
12:30 - 13:30 휴게시간
목 09:00 - 17:30
12:30 - 13:30 휴게시간
접기"
신경외과,051-710-0960,1,,"부산 강서구 명지국제8로 242 씨에스프라자 201,202호
금 09:00 - 19:00
13:00 - 14:00 휴게시간
토 09:00 - 14:00
일 정기휴무 (매주 일요일)
월 09:00 - 19:00
13:00 - 14:00 휴게시간
화(6/6) 현충일 휴무
수 09:00 - 19:00
13:00 - 14:00 휴게시간
목 09:00 - 19:00
13:00 - 14:00 휴게시간"
안과,0507-1381-1207,1,,"부산 강서구 명지국제2로 41 249-252호
금 09:00 - 18:00
12:30 - 14:00 휴게시간
토 09:00 - 13:00
일 정기휴무 (매주 일요일)
월 09:00 - 18:00
12:30 - 14:00 휴게시간
화(6/6) 현충일09:00 - 13:00
수 14:00 - 18:00
목 09:00 - 18:00
12:30 - 14:00 휴게시간
접기"
안과,0507-1458-0391,1,,"경남 김해시 장유로 230 프리마빌딩
금 09:10 - 18:00
13:00 - 14:00 휴게시간
17:30 접수마감
토 09:10 - 13:00
12:30 접수마감
일 정기휴무 (매주 일요일)
월 09:10 - 18:00
13:00 - 14:00 휴게시간
17:30 접수마감
화(6/6) 현충일 휴무
수 09:10 - 18:00
13:00 - 14:00 휴게시간
17:30 접수마감
목 09:10 - 18:00
13:00 - 14:00 휴게시간
17:30 접수마감"
안과,051-291-0015,1,,"부산 사하구 낙동남로 1412 경부빌딩 4층
금 09:00 - 18:00
17:30 접수마감
토 09:00 - 14:00
13:30 접수마감
일 정기휴무 (매주 일요일)
월 09:00 - 18:00
17:30 접수마감
화(6/6) 현충일 휴무
수 09:00 - 18:00
17:30 접수마감
목 09:00 - 18:00
17:30 접수마감"
안과,051-331-7575,1,,"부산 북구 만덕대로 5
금 09:00 - 18:00
13:00 - 14:00 휴게시간
토 09:00 - 16:00
일 정기휴무 (매주 일요일)
월 09:00 - 18:00
13:00 - 14:00 휴게시간
화(6/6) 현충일09:00 - 13:00
수 09:00 - 18:00
13:00 - 14:00 휴게시간
목 09:00 - 18:00
13:00 - 14:00 휴게시간"
안과,051-334-3632,1,,"부산 북구 만덕대로 14
금 09:30 - 18:00
13:00 - 14:00 휴게시간
토 09:30 - 12:30
일 정기휴무 (매주 일요일)
월 09:30 - 18:00
13:00 - 14:00 휴게시간
화(6/6) 현충일09:30 - 11:30
수 09:30 - 18:00
13:00 - 14:00 휴게시간
목 09:30 - 18:00
13:00 - 14:00 휴게시간
접기"
안과,051-711-3233,1,,"부산 강서구 명지국제8로 245 6층
금 09:00 - 18:00
13:00 - 14:00 휴게시간
토 09:00 - 14:00
일 정기휴무 (매주 일요일)
월 09:00 - 18:00
13:00 - 14:00 휴게시간
화(6/6) 현충일 휴무
수 09:00 - 18:00
13:00 - 14:00 휴게시간
목 09:00 - 18:00
13:00 - 14:00 휴게시간"
안과,051-714-0800,1,,"부산 강서구 명지오션시티11로 66
금 08:40 - 18:00
12:40 - 14:00 휴게시간
토 08:40 - 13:40
일 정기휴무 (매주 일요일)
월(6/5) 휴무
화(6/6) 휴무
수(6/7) 휴무
목(6/8) 휴무"
안과,051-791-0075,1,,"부산 사하구 낙동대로 448 5층
금 09:00 - 18:00
13:00 - 14:00 휴게시간
토 09:00 - 13:00
일 정기휴무 (매주 일요일)
월 09:00 - 18:00
13:00 - 14:00 휴게시간
화(6/6) 현충일 휴무
수 09:00 - 18:00
13:00 - 14:00 휴게시간
목 09:00 - 18:00
13:00 - 14:00 휴게시간"
안과,055-327-1900,1,,"경남 김해시 가락로 19 메디칼센터 7층, 8층 최안과의원
금 09:15 - 19:00
12:40 - 14:00 휴게시간
토 09:15 - 15:00
일 정기휴무 (매주 일요일)
월 09:15 - 18:00
12:40 - 14:00 휴게시간
화(6/6) 현충일09:15 - 13:00
수 09:15 - 18:00
12:40 - 14:00 휴게시간
목 09:15 - 18:00
12:40 - 14:00 휴게시간
접기"
안과,055-327-7582,1,,"경남 김해시 내외중앙로 84 서울메디컬센터8F(망막/드림렌즈)9F(시력교정/백내장)
금 09:30 - 18:30
12:50 - 14:00 휴게시간
토 09:30 - 13:00
일 정기휴무 (매주 일요일)
월 09:30 - 18:30
12:50 - 14:00 휴게시간
화(6/6) 현충일 휴무
수 09:30 - 18:30
12:50 - 14:00 휴게시간
목 09:30 - 18:30
12:50 - 14:00 휴게시간"
안과,055-546-2002,1,,"경남 창원시 진해구 안골로 338
금 09:00 - 18:00
13:00 - 14:00 휴게시간
토(6/3) 휴무
일 정기휴무 (매주 일요일)
월 09:00 - 18:00
13:00 - 14:00 휴게시간
화(6/6) 현충일 휴무
수(6/7) 휴무
목 09:00 - 18:00
13:00 - 14:00 휴게시간"
외과,0507-1428-0025,1,,"경남 김해시 분성로 180 해산빌딩
금 09:00 - 19:30
12:30 - 14:00 휴게시간
19:00 접수마감
토 09:00 - 12:30
12:00 접수마감
일 정기휴무 (매주 일요일)
월 09:00 - 17:00
12:30 - 14:00 휴게시간
16:30 접수마감
화(6/6) 현충일 휴무
수 09:00 - 17:00
12:30 - 14:00 휴게시간
16:30 접수마감
목 09:00 - 17:00
12:30 - 14:00 휴게시간
16:30 접수마감"
요양병원,051-941-1002,1,,"부산 강서구 공항로811번길 1
금 09:00 - 18:00
토 09:00 - 13:00
일 정기휴무 (매주 일요일)
월 09:00 - 18:00
화(6/6) 현충일 휴무
수 09:00 - 18:00
목 09:00 - 18:00"
이비인후과,0507-1330-5275,1,,"부산 강서구 명지국제8로 230 산양타워 5층 503호
금 09:00 - 18:00
13:00 - 14:00 휴게시간
토 09:00 - 13:00
일 정기휴무 (매주 일요일)
월 09:00 - 18:00
13:00 - 14:00 휴게시간
화(6/6) 현충일 휴무
수 09:00 - 18:00
13:00 - 14:00 휴게시간
목 09:00 - 18:00
13:00 - 14:00 휴게시간"
이비인후과,0507-1368-7500,1,,"경남 김해시 내외로 79 꿀벌상가 3층
금 09:00 - 18:30
13:00 - 14:00 휴게시간
토 09:00 - 15:00
13:00 - 13:30 휴게시간
일 정기휴무 (매주 일요일)
월 09:00 - 18:30
13:00 - 14:00 휴게시간
화(6/6) 휴무
수 09:00 - 18:30
13:00 - 14:00 휴게시간
목 09:00 - 18:30
13:00 - 14:00 휴게시간"
이비인후과,0507-1409-7176,1,,"부산 강서구 명지국제8로 254 시온프라자 5층 양지이비인후과 의원
금 09:00 - 19:00
13:00 - 14:00 휴게시간
토 09:00 - 14:00
일 정기휴무 (매주 일요일)
월 09:00 - 19:00
13:00 - 14:00 휴게시간
화 09:00 - 19:00
13:00 - 14:00 휴게시간
수 09:00 - 19:00
13:00 - 14:00 휴게시간
목 09:00 - 19:00
13:00 - 14:00 휴게시간
접기"
이비인후과,0507-1422-7570,1,,"부산 강서구 명지오션시티11로 66
금 09:00 - 19:00
13:00 - 14:00 휴게시간
토 09:00 - 14:00
일 정기휴무 (매주 일요일)
월(6/5) 휴무
화(6/6) 현충일 휴무
수 09:00 - 19:00
13:00 - 14:00 휴게시간
목 09:00 - 19:00
13:00 - 14:00 휴게시간"
이비인후과,051-201-5656,1,,"부산 사하구 하신번영로 199 3층
금 09:00 - 18:30
12:30 - 14:00 휴게시간
토 09:00 - 13:00
일 정기휴무 (매주 일요일)
월 09:00 - 18:30
12:30 - 14:00 휴게시간
화(6/6) 현충일 휴무
수 09:00 - 13:00
목 09:00 - 18:30
12:30 - 14:00 휴게시간"
이비인후과,051-202-3447,1,,"부산 사하구 낙동대로 448 3층
금 09:30 - 18:15
13:00 - 14:30 휴게시간
18:10 접수마감
토 09:30 - 13:00
12:55 접수마감
일 정기휴무 (매주 일요일)
월 09:30 - 18:15
13:00 - 14:30 휴게시간
18:10 접수마감
화(6/6) 현충일 휴무
수 09:30 - 18:15
13:00 - 14:30 휴게시간
18:10 접수마감
목 09:30 - 18:15
13:00 - 14:30 휴게시간
18:10 접수마감"
이비인후과,051-291-1888,1,,"부산 강서구 명지국제8로 245 뉴타워 502호
금 09:00 - 19:00
13:00 - 14:00 휴게시간
토 09:00 - 14:00
일 정기휴무 (매주 일요일)
월 09:00 - 19:00
13:00 - 14:00 휴게시간
화(6/6) 현충일 휴무
수 09:00 - 19:00
13:00 - 14:00 휴게시간
목 09:00 - 19:00
13:00 - 14:00 휴게시간"
이비인후과,051-291-9325,1,,"부산 강서구 명지오션시티4로 67
금 09:00 - 18:30
13:00 - 14:00 휴게시간
토 09:00 - 14:00
일 정기휴무 (매주 일요일)
월 09:00 - 18:30
13:00 - 14:00 휴게시간
화 09:00 - 18:30
13:00 - 14:00 휴게시간
수 09:00 - 18:30
13:00 - 14:00 휴게시간
목 09:00 - 18:30
13:00 - 14:00 휴게시간
접기"
이비인후과,051-292-0365,1,,"부산 강서구 명지국제8로 233 더스퀘어 3층 301호
금 10:00 - 22:00
13:00 - 14:00 휴게시간
18:00 - 19:00 휴게시간
토 10:00 - 22:00
13:00 - 14:00 휴게시간
18:00 - 19:00 휴게시간
일 10:00 - 22:00
13:00 - 14:00 휴게시간
18:00 - 19:00 휴게시간
월 10:00 - 22:00
13:00 - 14:00 휴게시간
18:00 - 19:00 휴게시간
화 10:00 - 22:00
13:00 - 14:00 휴게시간
18:00 - 19:00 휴게시간
수 10:00 - 22:00
13:00 - 14:00 휴게시간
18:00 - 19:00 휴게시간
목 10:00 - 22:00
13:00 - 14:00 휴게시간
18:00 - 19:00 휴게시간
접기"
이비인후과,051-311-7528,1,,"부산 사상구 사상로 200
금 09:00 - 19:00
13:00 - 14:00 휴게시간
18:50 접수마감
토 09:00 - 13:00
12:50 접수마감
일 정기휴무 (매주 일요일)
월 09:00 - 19:00
13:00 - 14:00 휴게시간
18:50 접수마감
화(6/6) 현충일 휴무
수 09:00 - 19:00
13:00 - 14:00 휴게시간
18:50 접수마감
목 09:00 - 19:00
13:00 - 14:00 휴게시간
18:50 접수마감"
이비인후과,051-316-1117,1,,"부산 사상구 낙동대로 786
금 09:00 - 18:00
12:30 - 14:00 휴게시간
토 09:00 - 12:00
일 정기휴무 (매주 일요일)
월 09:00 - 18:00
12:30 - 14:00 휴게시간
화(6/6) 현충일 휴무
수 09:00 - 18:00
12:30 - 14:00 휴게시간
목 09:00 - 18:00
12:30 - 14:00 휴게시간"
이비인후과,051-316-8275,1,,"부산 사상구 운산로 52
금 09:00 - 18:00
13:00 - 14:00 휴게시간
토 09:00 - 13:00
일 정기휴무 (매주 일요일)
월 09:00 - 18:00
13:00 - 14:00 휴게시간
화(6/6) 현충일 휴무
수 09:00 - 18:00
13:00 - 14:00 휴게시간
목 09:00 - 18:00
13:00 - 14:00 휴게시간"
이비인후과,051-322-9937,1,,"부산 사상구 대동로 98 학장반도보라타운
금 09:00 - 18:30
13:00 - 14:00 휴게시간
토 09:00 - 13:00
일 정기휴무 (매주 일요일)
월 09:00 - 18:30
13:00 - 14:00 휴게시간
화(6/6) 현충일 휴무
수 09:00 - 18:30
13:00 - 14:00 휴게시간
목 09:00 - 18:30
13:00 - 14:00 휴게시간"
이비인후과,051-325-5075,1,,"부산 사상구 엄궁북로 22
금 09:00 - 18:30
12:30 - 14:00 휴게시간
토 09:00 - 13:00
일 정기휴무 (매주 일요일)
월 09:00 - 18:30
12:30 - 14:00 휴게시간
화(6/6) 현충일 휴무
수 09:00 - 18:30
12:30 - 14:00 휴게시간
목 09:00 - 18:30
12:30 - 14:00 휴게시간"
이비인후과,051-334-8899,1,,"부산 북구 백양대로 1202 4층 열린이비인후과
금 09:00 - 18:30
13:00 - 14:00 휴게시간
토 09:00 - 13:00
일 정기휴무 (매주 일요일)
월 09:00 - 18:30
13:00 - 14:00 휴게시간
화(6/6) 현충일 휴무
수 09:00 - 18:30
13:00 - 14:00 휴게시간
목 09:00 - 18:30
13:00 - 14:00 휴게시간"
이비인후과,051-341-9525,1,,"부산 북구 백양대로 1013-1 용원상가빌
금 09:00 - 19:00
12:30 - 14:00 휴게시간
토 09:00 - 14:00
12:30 - 14:00 휴게시간
일 정기휴무 (매주 일요일)
월 09:00 - 19:00
12:30 - 14:00 휴게시간
화(6/6) 현충일09:00 - 13:00
12:30 - 14:00 휴게시간
수 14:00 - 20:00
12:30 - 14:00 휴게시간
목 09:00 - 19:00
12:30 - 14:00 휴게시간"
이비인후과,051-710-7655,1,,"부산 사상구 가야대로 276 M-square 메디컬센터 5층 501호 (주례동)
금 09:00 - 18:30
12:30 - 14:00 휴게시간
토 09:00 - 13:00
일 정기휴무 (매주 일요일)
월 09:00 - 18:30
12:30 - 14:00 휴게시간
화(6/6) 현충일09:00 - 13:00
수 09:00 - 18:30
12:30 - 14:00 휴게시간
목 09:00 - 18:30
12:30 - 14:00 휴게시간
접기"
이비인후과,055-312-0222,1,,"경남 김해시 율하로 478 모산메디피아 3층
금 09:00 - 18:25
12:30 - 14:00 휴게시간
토 09:00 - 12:55
일 정기휴무 (매주 일요일)
월 09:00 - 18:25
12:30 - 14:00 휴게시간
화(6/6) 현충일 휴무
수 09:00 - 18:25
12:30 - 14:00 휴게시간
목 09:00 - 18:25
12:30 - 14:00 휴게시간"
이비인후과,055-312-0302,1,,"경남 김해시 율하3로 37 경보센텀 4층 402호
금 09:00 - 19:00
13:00 - 14:00 휴게시간
토 08:30 - 14:00
일 정기휴무 (매주 일요일)
월 09:00 - 19:00
13:00 - 14:00 휴게시간
화(6/6) 현충일09:00 - 13:00
수 09:00 - 19:00
13:00 - 14:00 휴게시간
목 09:00 - 19:00
13:00 - 14:00 휴게시간
접기"
이비인후과,055-312-7731,1,,"경남 김해시 능동로 159
금 09:00 - 19:00
13:00 - 14:00 휴게시간
토 09:00 - 16:00
일 정기휴무 (매주 일요일)
월 09:00 - 19:00
13:00 - 14:00 휴게시간
화(6/6) 현충일 휴무
수 09:00 - 19:00
13:00 - 14:00 휴게시간
목 09:00 - 19:00
13:00 - 14:00 휴게시간"
이비인후과,055-314-7585,1,,"경남 김해시 월산로 1 농협
금 09:00 - 18:30
13:00 - 14:00 휴게시간
토 09:00 - 14:00
일 정기휴무 (매주 일요일)
월 09:00 - 18:30
13:00 - 14:00 휴게시간
화(6/6) 현충일 휴무
수 09:00 - 18:30
13:00 - 14:00 휴게시간
목 09:00 - 18:30
13:00 - 14:00 휴게시간"
이비인후과,055-314-7599,1,,"경남 김해시 장유로 232 코아상가
금 09:00 - 19:00
12:30 - 14:00 휴게시간
토 09:00 - 14:00
일 정기휴무 (매주 일요일)
월 09:00 - 19:00
12:30 - 14:00 휴게시간
화(6/6) 현충일 휴무
수 09:00 - 19:00
12:30 - 14:00 휴게시간
목 09:00 - 19:00
12:30 - 14:00 휴게시간"
이비인후과,055-314-8900,1,,"경남 김해시 번화1로80번길 15 다성빌딩
금 09:00 - 18:40
12:30 - 14:00 휴게시간
18:30 접수마감
토 09:00 - 13:20
13:10 접수마감
일 정기휴무 (매주 일요일)
월 09:00 - 18:40
12:30 - 14:00 휴게시간
18:30 접수마감
화 09:00 - 18:40
12:30 - 14:00 휴게시간
18:30 접수마감
수 09:00 - 18:40
12:30 - 14:00 휴게시간
18:30 접수마감
목 09:00 - 18:40
12:30 - 14:00 휴게시간
18:30 접수마감
접기"
이비인후과,055-323-6525,1,,"경남 김해시 율하1로 106 4층
금 09:00 - 19:00
13:00 - 14:00 휴게시간
토 08:45 - 16:00
일 정기휴무 (매주 일요일)
월 09:00 - 19:00
13:00 - 14:00 휴게시간
화(6/6) 현충일09:00 - 13:00
수 09:00 - 19:00
13:00 - 14:00 휴게시간
목 09:00 - 19:00
13:00 - 14:00 휴게시간
접기"
이비인후과,055-323-7582,1,,"경남 김해시 인제로 174 포세븐 게임랜드
금 09:00 - 18:20
12:40 - 14:00 휴게시간
토 09:00 - 13:00
일 정기휴무 (매주 일요일)
월 09:00 - 18:20
12:40 - 14:00 휴게시간
화(6/6) 현충일 휴무
수 09:00 - 18:20
12:40 - 14:00 휴게시간
목 09:00 - 18:20
12:40 - 14:00 휴게시간"
이비인후과,055-336-0660,1,,"경남 김해시 내외중앙로 84 서울메디컬센터 10층
금 09:00 - 18:00
13:00 - 14:00 휴게시간
토 09:00 - 13:00
일 정기휴무 (매주 일요일)
월 09:00 - 18:00
13:00 - 14:00 휴게시간
화 09:00 - 18:00
13:00 - 14:00 휴게시간
수 09:00 - 18:00
13:00 - 14:00 휴게시간
목 09:00 - 18:00
13:00 - 14:00 휴게시간
접기"
이비인후과,055-552-8600,1,,"경남 창원시 진해구 안골로 336 형제빌딩
금 09:00 - 18:00
13:00 - 14:00 휴게시간
토 09:00 - 13:00
일 정기휴무 (매주 일요일)
월 09:00 - 18:00
13:00 - 14:00 휴게시간
화(6/6) 현충일 휴무
수 09:00 - 18:00
13:00 - 14:00 휴게시간
목 09:00 - 18:00
13:00 - 14:00 휴게시간"
이비인후과,1544-3898,1,,"부산 사하구 낙동남로 1412 경부빌딩 7층, 8층
금 09:00 - 21:00
13:00 - 14:00 휴게시간
토 09:00 - 17:00
일 09:00 - 13:00
월 09:00 - 21:00
13:00 - 14:00 휴게시간
화(6/6) 현충일09:00 - 13:00
수 09:00 - 21:00
13:00 - 14:00 휴게시간
목 09:00 - 21:00
13:00 - 14:00 휴게시간
접기"
정신건강의학과,0507-1314-8486,1,,"부산 강서구 명지국제5로 42 동진빌딩 6층, 명지정신건강의학과의원
금 09:30 - 18:30
13:00 - 14:00 휴게시간
12:30, 18:00 접수마감
토 09:30 - 13:30
13:00 접수마감
일 정기휴무 (매주 일요일)
월 09:30 - 18:30
13:00 - 14:00 휴게시간
12:30, 18:00 접수마감
화(6/6) 현충일 휴무
수 09:30 - 18:30
13:00 - 14:00 휴게시간
12:30, 18:00 접수마감
목 09:30 - 18:30
13:00 - 14:00 휴게시간
12:30, 18:00 접수마감"
정신건강의학과,051-263-0911,1,,"부산 사하구 다대로 547 4층
금 09:30 - 18:30
13:00 - 14:30 휴게시간
18:15 접수마감
토 09:00 - 13:00
12:45 접수마감
일 정기휴무 (매주 일요일)
월 09:30 - 18:30
13:00 - 14:30 휴게시간
18:15 접수마감
화(6/6) 현충일 휴무
수 09:30 - 18:30
13:00 - 14:30 휴게시간
18:15 접수마감
목 09:30 - 18:30
13:00 - 14:30 휴게시간
18:15 접수마감"
정신건강의학과,051-361-8875,1,,"부산 북구 만덕대로 15
금 09:30 - 18:30
13:00 - 14:00 휴게시간
토 09:30 - 14:00
일 정기휴무 (매주 일요일)
월 09:30 - 18:30
13:00 - 14:00 휴게시간
화(6/6) 현충일 휴무
수 09:30 - 18:30
13:00 - 14:00 휴게시간
목 14:00 - 18:30"
정신건강의학과,055-325-8275,1,,"경남 김해시 능동로149번길 6
금 09:00 - 18:00
13:00 - 14:00 휴게시간
17:00 접수마감
토 09:00 - 13:00
12:00 접수마감
일 정기휴무 (매주 일요일)
월 09:00 - 18:00
13:00 - 14:00 휴게시간
17:00 접수마감
화(6/6) 현충일 휴무
수 09:00 - 13:00
12:00 접수마감
목 09:00 - 18:00
13:00 - 14:00 휴게시간
17:00 접수마감"
정형외과,0507-1316-9399,1,,"경남 김해시 율하1로 106 네오프라자빌딩 6층
금 09:00 - 19:00
12:30 - 14:00 휴게시간
18:30 접수마감
토 09:00 - 13:30
13:00 접수마감
일 정기휴무 (매주 일요일)
월(6/5) 휴무
화(6/6) 휴무
수(6/7) 휴무
목 09:00 - 19:00
12:30 - 14:00 휴게시간
18:30 접수마감"
정형외과,0507-1397-1000,1,,"부산 사하구 사하로 189 상가 201호, 301호, 401호
금 09:00 - 17:00
12:30 - 13:30 휴게시간
토 09:00 - 13:00
일 정기휴무 (매주 일요일)
월 09:00 - 17:00
12:30 - 13:30 휴게시간
화(6/6) 현충일 휴무
수 09:00 - 17:00
12:30 - 13:30 휴게시간
목 09:00 - 17:00
12:30 - 13:30 휴게시간"
정형외과,051-202-3136,1,,"부산 강서구 명지오션시티4로 75 서린프라자 4층
금 09:30 - 18:00
12:30 - 14:00 휴게시간
토 09:00 - 13:00
일 정기휴무 (매주 일요일)
월 09:30 - 19:00
12:30 - 14:00 휴게시간
화(6/6) 현충일 휴무
수 09:30 - 18:00
12:30 - 14:00 휴게시간
목 09:30 - 19:00
12:30 - 14:00 휴게시간"
정형외과,051-205-0776,1,,"부산 강서구 명지오션시티11로 66
금 09:00 - 18:30
12:30 - 14:00 휴게시간
18:00 접수마감
토 09:00 - 14:00
13:30 접수마감
일 정기휴무 (매주 일요일)
월 09:00 - 18:30
12:30 - 14:00 휴게시간
18:00 접수마감
화(6/6) 현충일 휴무
수 09:00 - 20:00
12:30 - 14:00 휴게시간
19:30 접수마감
목 09:00 - 12:30
12:00 접수마감"
정형외과,051-205-7776,1,,"부산 사하구 낙동대로 410
금 08:30 - 18:00
13:00 - 14:00 휴게시간
17:00 접수마감
토 08:30 - 13:00
12:00 접수마감
일 정기휴무 (매주 일요일)
월 08:30 - 18:00
13:00 - 14:00 휴게시간
17:00 접수마감
화(6/6) 현충일 휴무
수 08:30 - 18:00
13:00 - 14:00 휴게시간
17:00 접수마감
목 08:30 - 18:00
13:00 - 14:00 휴게시간
17:00 접수마감"
정형외과,051-209-1100,1,,"부산 사하구 다대로 145
금 09:00 - 18:00
13:00 - 14:00 휴게시간
토 09:00 - 13:00
일 09:00 - 22:00
월 09:00 - 18:00
13:00 - 14:00 휴게시간
화(6/6) 현충일09:00 - 22:00
수 09:00 - 18:00
13:00 - 14:00 휴게시간
목 09:00 - 18:00
13:00 - 14:00 휴게시간
접기"
정형외과,051-292-9119,1,,"부산 강서구 명지국제8로 230 산양타워 3층 듣는마음이선호정형외과
금 09:00 - 19:00
13:00 - 14:00 휴게시간
18:45 접수마감
토 09:00 - 14:00
13:45 접수마감
일 정기휴무 (매주 일요일)
월 09:00 - 19:00
13:00 - 14:00 휴게시간
18:45 접수마감
화(6/6) 현충일 휴무
수 09:00 - 19:00
13:00 - 14:00 휴게시간
18:45 접수마감
목 09:00 - 20:00
13:00 - 14:00 휴게시간
19:45 접수마감"
정형외과,051-293-7582,1,,"부산 사하구 하신번영로 183 2,3,5,6층
금 09:00 - 18:00
13:00 - 14:00 휴게시간
12:50, 17:50 접수마감
토 09:00 - 13:00
12:50 접수마감
일 정기휴무 (매주 일요일)
월 09:00 - 18:00
13:00 - 14:00 휴게시간
12:50, 17:50 접수마감
화(6/6) 현충일 휴무
수 09:00 - 18:00
13:00 - 14:00 휴게시간
12:50, 17:50 접수마감
목 09:00 - 18:00
13:00 - 14:00 휴게시간
12:50, 17:50 접수마감"
정형외과,051-710-8899,1,,"부산 강서구 명지오션시티4로 88
금 09:00 - 19:00
12:30 - 13:30 휴게시간
토 09:00 - 15:00
12:30 - 13:30 휴게시간
일 09:00 - 16:00
12:30 - 13:30 휴게시간
월 09:00 - 19:00
12:30 - 13:30 휴게시간
화 09:00 - 19:00
12:30 - 13:30 휴게시간
수 09:00 - 19:00
12:30 - 13:30 휴게시간
목 09:00 - 19:00
12:30 - 13:30 휴게시간"
정형외과,051-711-0280,1,,"부산 사상구 가야대로 276 M-suare 메디컬센터 8층
금 09:00 - 18:30
12:30 - 14:00 휴게시간
토 09:00 - 13:00
일 정기휴무 (매주 일요일)
월 09:00 - 18:30
12:30 - 14:00 휴게시간
화 09:00 - 18:30
12:30 - 14:00 휴게시간
수 09:00 - 18:30
12:30 - 14:00 휴게시간
목 09:00 - 18:30
12:30 - 14:00 휴게시간"
정형외과,051-714-7105,1,,"부산 사하구 낙동남로 1417 락희빌딩 3층(내과) 4층(정형외과)
"
정형외과,051-973-8219,1,,"부산 강서구 신호산단2로 33
금 09:00 - 19:00
13:00 - 14:00 휴게시간
토 09:00 - 14:00
일 정기휴무 (매주 일요일)
월 09:00 - 19:00
13:00 - 14:00 휴게시간
화(6/6) 현충일 휴무
수 09:00 - 19:00
13:00 - 14:00 휴게시간
목 09:00 - 19:00
13:00 - 14:00 휴게시간"
정형외과,051-987-0123,1,,"부산 사하구 사하로 200 형지스퀘어 6층
금 09:00 - 19:00
13:00 - 14:00 휴게시간
토 09:00 - 14:00
일 정기휴무 (매주 일요일)
월 09:00 - 19:00
13:00 - 14:00 휴게시간
화(6/6) 현충일 휴무
수 09:00 - 19:00
13:00 - 14:00 휴게시간
목 09:00 - 19:00
13:00 - 14:00 휴게시간"
정형외과,055-313-3875,1,,"경남 김해시 능동로 161 제일프라자
금 09:00 - 19:00
12:30 - 14:00 휴게시간
토 09:00 - 14:00
일 정기휴무 (매주 일요일)
월 09:00 - 19:00
12:30 - 14:00 휴게시간
화(6/6) 현충일 휴무
수 09:00 - 13:00
목 09:00 - 19:00
12:30 - 14:00 휴게시간"
정형외과,055-325-7881,1,,"경남 김해시 율하3로 21 율하메디칼
금 09:00 - 18:30
12:30 - 14:00 휴게시간
토 09:00 - 12:30
일 정기휴무 (매주 일요일)
월 09:00 - 18:30
12:30 - 14:00 휴게시간
화(6/6) 현충일 휴무
수 09:00 - 18:30
12:30 - 14:00 휴게시간
목 09:00 - 18:30
12:30 - 14:00 휴게시간"
정형외과,055-327-7525,1,,"경남 김해시 활천로 229 한빛메디칼센터
금 09:00 - 18:00
12:30 - 13:30 휴게시간
토 09:00 - 12:00
일 정기휴무 (매주 일요일)
월 09:00 - 18:00
12:30 - 13:30 휴게시간
화(6/6) 현충일 휴무
수 09:00 - 18:00
12:30 - 13:30 휴게시간
목 09:00 - 18:00
12:30 - 13:30 휴게시간"
정형외과,055-329-8787,1,,"경남 김해시 내외로 79 꿀벌상가
금 09:00 - 19:00
12:30 - 14:00 휴게시간
토 09:00 - 15:00
일 정기휴무 (매주 일요일)
월 09:00 - 19:00
12:30 - 14:00 휴게시간
화 09:00 - 19:00
12:30 - 14:00 휴게시간
수 09:00 - 19:00
12:30 - 14:00 휴게시간
목 14:00 - 19:00"
정형외과,055-333-0088,1,,"경남 김해시 번화1로80번길 15 다성빌딩 5층
금 09:00 - 18:30
12:30 - 14:00 휴게시간
17:50 접수마감
토 09:00 - 13:00
12:20 접수마감
일 정기휴무 (매주 일요일)
월(6/5) 휴무
화(6/6) 현충일 휴무
수 09:00 - 18:30
12:30 - 14:00 휴게시간
17:50 접수마감
목 09:00 - 20:00
12:30 - 14:00 휴게시간
19:20 접수마감"
정형외과,055-552-0052,1,,"경남 창원시 진해구 용원로 9 엠파이어상가 4층 402호
금 09:00 - 19:00
13:00 - 14:00 휴게시간
18:50 접수마감
토 09:00 - 13:00
12:50 접수마감
일 정기휴무 (매주 일요일)
월 09:00 - 19:00
13:00 - 14:00 휴게시간
18:50 접수마감
화(6/6) 현충일 휴무
수 정기휴무 (매주 수요일)
목 09:00 - 19:00
13:00 - 14:00 휴게시간
18:50 접수마감"
정형외과,1644-5530,1,,"부산 사상구 새벽로 226
금 09:00 - 17:30
12:30 - 13:30 휴게시간
12:00, 17:00 접수마감
토 09:00 - 13:00
12:30 접수마감
일 정기휴무 (매주 일요일)
월 09:00 - 18:00
12:30 - 13:30 휴게시간
12:00, 17:30 접수마감
화(6/6) 현충일 휴무
수 09:00 - 17:30
12:30 - 13:30 휴게시간
12:00, 17:00 접수마감
목 09:00 - 17:30
12:30 - 13:30 휴게시간
12:00, 17:00 접수마감"
종합병원,051-322-0900,1,,"부산 사상구 가야대로 326
금 09:00 - 17:00
12:30 - 13:30 휴게시간
토 09:00 - 13:00
일 정기휴무 (매주 일요일)
월 09:00 - 18:00
12:30 - 13:30 휴게시간
화(6/6) 현충일 휴무
수 09:00 - 17:00
12:30 - 13:30 휴게시간
목 09:00 - 17:00
12:30 - 13:30 휴게시간"
종합병원,055-330-4000,1,,"경남 김해시 대청로104번길 80-1
금 09:00 - 18:00
12:30 - 13:30 휴게시간
토 09:00 - 13:00
일 정기휴무 (매주 일요일)
월 09:00 - 18:00
12:30 - 13:30 휴게시간
화(6/6) 현충일 휴무
수 09:00 - 18:00
12:30 - 13:30 휴게시간
목 09:00 - 18:00
12:30 - 13:30 휴게시간"
종합병원,055-330-8888,1,,"경남 김해시 활천로 33 김해복음병원
"
종합병원,1577-9116,1,,"경남 김해시 분성로 94-8
"
치과,0507-1308-7522,1,,"부산 강서구 명지국제2로28번길 3 동건프라자 2층 203호
금 09:30 - 18:30
12:30 - 14:00 휴게시간
토 09:00 - 14:00
일 정기휴무 (매주 일요일)
월 09:30 - 18:30
12:30 - 14:00 휴게시간
화(6/6) 현충일 휴무
수 09:30 - 18:30
12:30 - 14:00 휴게시간
목 09:30 - 20:00
12:30 - 14:00 휴게시간"
치과,0507-1321-5387,1,,"경남 김해시 인제로 182 2층 202호
금 09:40 - 20:00
13:00 - 14:30 휴게시간
19:30 접수마감
토 09:40 - 13:30
13:00 접수마감
일 정기휴무 (매주 일요일)
월 09:40 - 19:00
13:00 - 14:30 휴게시간
18:30 접수마감
화(6/6) 현충일 휴무
수 14:30 - 20:00
19:30 접수마감
목 09:40 - 13:00
12:30 접수마감"
치과,0507-1406-2882,1,,"부산 강서구 명지국제7로 37 더샵 명지퍼스트월드 2단지 상가 2층
금 10:00 - 19:00
토 09:30 - 14:30
일 정기휴무 (매주 일요일)
월 10:00 - 19:00
화(6/6) 현충일 휴무
수 10:00 - 19:00
목 10:00 - 21:00"
치과,0507-1418-2804,1,,"부산 강서구 과학산단로306번길 10 협성·DS 엘리시안아파트
금 10:00 - 13:00
토 정기휴무 (매주 토요일)
일 정기휴무 (매주 일요일)
월 10:00 - 20:30
13:00 - 14:00 휴게시간
화(6/6) 현충일 휴무
수 10:00 - 20:30
13:00 - 14:00 휴게시간
목 10:00 - 20:30
13:00 - 14:00 휴게시간"
치과,0507-1425-2882,1,,"부산 강서구 명지국제8로 254
금 10:00 - 19:00
13:00 - 14:30 휴게시간
토 10:00 - 14:00
일 정기휴무 (매주 일요일)
월 10:00 - 19:00
13:00 - 14:30 휴게시간
화(6/6) 현충일 휴무
수 10:00 - 19:00
13:00 - 14:30 휴게시간
목 10:00 - 20:30
13:00 - 14:30 휴게시간
17:00 - 17:30 휴게시간"
치과,0507-1434-2877,1,,"경남 김해시 율하3로 49 유성프라자 401호
금 09:30 - 19:00
12:30 - 14:00 휴게시간
토 09:00 - 13:00
일 정기휴무 (매주 일요일)
월 09:30 - 19:00
12:30 - 14:00 휴게시간
화(6/6) 현충일 휴무
수 09:30 - 19:00
12:30 - 14:00 휴게시간
목 09:30 - 19:00
12:30 - 14:00 휴게시간"
치과,0507-1440-6000,1,,"부산 사하구 낙동남로 1412 경부빌딩 2F, 3F, 5F
금 09:00 - 21:00
토 09:00 - 21:00
일 09:00 - 18:00
월 09:00 - 21:00
화(6/6) 현충일09:00 - 21:00
수 09:00 - 21:00
목 09:00 - 21:00
접기"
치과,0507-1480-2875,1,,"부산 강서구 명지국제8로 230
금 09:30 - 18:30
토 09:30 - 17:00
일 정기휴무 (매주 일요일)
월 09:30 - 21:00
12:00 - 14:00 휴게시간
화(6/6) 현충일 휴무
수 09:30 - 18:30
목 14:00 - 21:00"
치과,051-201-6700,1,,"부산 강서구 명지국제8로 233
금 10:00 - 19:00
토 10:00 - 17:00
일 정기휴무 (매주 일요일)
월 10:00 - 19:00
화(6/6) 현충일 휴무
수 10:00 - 21:00
목 10:00 - 21:00"
치과,051-203-2875,2,,"부산 강서구 명지오션시티4로 59
금 09:30 - 18:30
12:30 - 14:00 휴게시간
17:30 접수마감
토 09:00 - 14:00
13:00 접수마감
일 정기휴무 (매주 일요일)
월(6/5) 휴무
화(6/6) 현충일 휴무
수 09:30 - 20:30
12:30 - 14:00 휴게시간
19:30 접수마감
목 09:30 - 18:30
12:30 - 14:00 휴게시간
17:30 접수마감"
치과,051-203-8070,1,,"부산 강서구 명지국제2로 29 성광타워 5층
금 09:30 - 18:30
13:00 - 14:00 휴게시간
토 09:30 - 13:30
일 정기휴무 (매주 일요일)
월 09:30 - 20:30
13:00 - 14:00 휴게시간
화(6/6) 현충일 휴무
수 09:30 - 20:30
13:00 - 14:00 휴게시간
목 09:30 - 18:30
13:00 - 14:00 휴게시간"
치과,051-204-2801,1,,"부산 사하구 사하로 189 307,308호
금 09:30 - 19:00
12:30 - 14:00 휴게시간
18:30 접수마감
토 09:30 - 13:00
12:30 접수마감
일 정기휴무 (매주 일요일)
월 09:30 - 19:00
12:30 - 14:00 휴게시간
18:30 접수마감
화(6/6) 현충일 휴무
수 09:30 - 19:00
12:30 - 14:00 휴게시간
18:30 접수마감
목 14:00 - 20:00
19:30 접수마감"
치과,051-205-2080,1,,"부산 강서구 명지국제11로 25 동명빌딩 4층
금 10:00 - 19:00
13:00 - 14:00 휴게시간
토 10:00 - 14:00
일 정기휴무 (매주 일요일)
월 10:00 - 19:00
13:00 - 14:00 휴게시간
화 10:00 - 19:00
13:00 - 14:00 휴게시간
수 10:00 - 21:00
13:00 - 14:00 휴게시간
목 정기휴무 (매주 목요일)"
치과,051-205-2486,1,,"부산 강서구 명지국제5로 42 동진빌딩 5층
금 09:30 - 18:30
13:00 - 14:00 휴게시간
토 09:00 - 14:00
일 정기휴무 (매주 일요일)
월 09:30 - 18:30
13:00 - 14:00 휴게시간
화(6/6) 현충일 휴무
수 09:30 - 18:30
13:00 - 14:00 휴게시간
목 14:00 - 21:00"
치과,051-205-2888,1,,"부산 강서구 명지국제8로 245 명지뉴타워4층
금 09:30 - 19:00
13:00 - 14:00 휴게시간
토 09:30 - 14:00
일 정기휴무 (매주 일요일)
월 09:30 - 19:00
13:00 - 14:00 휴게시간
화(6/6) 현충일 휴무
수 09:30 - 19:00
13:00 - 14:00 휴게시간
목 09:30 - 19:00
13:00 - 14:00 휴게시간"
치과,051-208-8275,1,,"부산 강서구 명지국제8로 240
금 10:00 - 18:00
12:30 - 14:00 휴게시간
토(6/3) 휴무
일 정기휴무 (매주 일요일)
월 10:00 - 18:00
12:30 - 14:00 휴게시간
화(6/6) 현충일 휴무
수 정기휴무 (매주 수요일)
목 10:00 - 18:00
12:30 - 14:00 휴게시간"
치과,051-241-2875,1,,"부산 강서구 명지국제8로 234 정우빌딩2차 4층
금 10:00 - 18:30
13:00 - 14:30 휴게시간
토 09:30 - 14:00
일 정기휴무 (매주 일요일)
월 09:30 - 18:30
13:00 - 14:30 휴게시간
화(6/6) 현충일 휴무
수 09:30 - 18:30
13:00 - 14:30 휴게시간
목 09:30 - 20:30
13:00 - 14:30 휴게시간
17:30 - 18:00 휴게시간"
치과,051-266-8275,1,,"부산 사하구 다대로 550 해랑빌딩 2층
금 09:30 - 19:00
13:00 - 14:00 휴게시간
18:00 접수마감
토 09:30 - 14:00
13:00 접수마감
일 정기휴무 (매주 일요일)
월 09:30 - 19:00
13:00 - 14:00 휴게시간
18:00 접수마감
화(6/6) 현충일 휴무
수 09:30 - 13:00
12:00 접수마감
목 09:30 - 19:00
13:00 - 14:00 휴게시간
18:00 접수마감"
치과,051-271-2842,2,,"부산 강서구 명지오션시티4로 61 이건빌딩 301호
금 09:30 - 18:30
12:30 - 14:00 휴게시간
토 09:30 - 13:30
일 정기휴무 (매주 일요일)
월 09:30 - 18:30
12:30 - 14:00 휴게시간
화(6/6) 현충일 휴무
수 09:30 - 18:30
12:30 - 14:00 휴게시간
목 09:30 - 20:30"
치과,051-271-2875,1,,"부산 강서구 명지새동네길1번길 32
금 09:30 - 18:30
12:30 - 14:00 휴게시간
토 09:30 - 12:30
일 정기휴무 (매주 일요일)
월 09:30 - 18:30
12:30 - 14:00 휴게시간
화(6/6) 현충일 휴무
수 09:30 - 18:30
12:30 - 14:00 휴게시간
목 09:30 - 18:30
12:30 - 14:00 휴게시간"
치과,051-271-7528,1,,"부산 강서구 명지오션시티4로 70 6층
금 09:30 - 18:00
12:30 - 14:00 휴게시간
토 09:30 - 13:00
일 정기휴무 (매주 일요일)
월 09:30 - 18:00
12:30 - 14:00 휴게시간
화(6/6) 현충일 휴무
수 09:30 - 21:00
12:30 - 14:00 휴게시간
목 09:30 - 18:00
12:30 - 14:00 휴게시간"
치과,051-271-7751,1,,"부산 강서구 명지오션시티4로 67
금 09:30 - 18:30
13:00 - 14:00 휴게시간
토 09:30 - 13:00
일 정기휴무 (매주 일요일)
월 09:30 - 18:30
13:00 - 14:00 휴게시간
화(6/6) 현충일 휴무
수 09:30 - 18:30
13:00 - 14:00 휴게시간
목 09:30 - 18:30
13:00 - 14:00 휴게시간"
치과,051-271-7755,1,,"부산 강서구 명지오션시티4로 62
금 09:30 - 18:30
토 09:30 - 13:30
일 정기휴무 (매주 일요일)
월 09:30 - 20:00
화(6/6) 현충일 휴무
수 09:30 - 18:30
목 09:30 - 20:00"
치과,051-271-8808,1,,"부산 강서구 명지오션시티4로 64
금 09:30 - 18:30
13:00 - 14:00 휴게시간
토 09:00 - 15:00
일 정기휴무 (매주 일요일)
월 09:30 - 18:30
13:00 - 14:00 휴게시간
화(6/6) 현충일 휴무
수 09:30 - 18:30
13:00 - 14:00 휴게시간
목 09:30 - 18:30
13:00 - 14:00 휴게시간"
치과,051-291-1275,1,,"부산 강서구 명지오션시티4로 64
금 10:00 - 18:30
토 09:30 - 14:00
일 정기휴무 (매주 일요일)
월 10:00 - 18:30
화(6/6) 현충일 휴무
수 정기휴무 (매주 수요일)
목 10:00 - 18:30"
치과,051-292-0010,1,,"부산 강서구 명지오션시티11로 74
금 09:30 - 19:00
12:30 - 14:00 휴게시간
토 09:30 - 14:00
일 정기휴무 (매주 일요일)
월 09:30 - 21:00
12:30 - 14:00 휴게시간
화(6/6) 현충일 휴무
수 09:30 - 21:00
12:30 - 14:00 휴게시간
목 정기휴무 (매주 목요일)"
치과,051-293-6528,1,,"부산 강서구 명지국제8로 251
금 정기휴무 (매주 금요일)
토 09:30 - 14:30
일 정기휴무 (매주 일요일)
월 10:00 - 20:00
13:30 - 15:00 휴게시간
화(6/6) 현충일 휴무
수 10:00 - 20:00
13:30 - 15:00 휴게시간
목 10:00 - 20:00
13:30 - 15:00 휴게시간"
치과,051-322-2875,1,,"부산 사상구 가야대로 276
금 09:30 - 18:00
12:30 - 14:00 휴게시간
토 09:30 - 13:00
일 정기휴무 (매주 일요일)
월 09:30 - 20:00
12:30 - 14:00 휴게시간
화(6/6) 현충일 휴무
수 09:30 - 20:00
12:30 - 14:00 휴게시간
목 09:30 - 20:00
12:30 - 14:00 휴게시간"
치과,051-322-3332,1,,"부산 사상구 사상로 194 괘법동 메디컬센터 4층, 5층
금 09:30 - 19:00
12:30 - 14:00 휴게시간
토 09:30 - 14:00
일 09:30 - 14:00
월 09:30 - 19:00
12:30 - 14:00 휴게시간
화(6/6) 현충일 휴무
수 09:30 - 20:00
12:30 - 14:00 휴게시간
목 09:30 - 19:00
12:30 - 14:00 휴게시간"
치과,051-330-6000,1,,"부산 북구 금곡대로 28
금 09:00 - 21:00
토 09:00 - 21:00
일 09:00 - 18:00
월 09:00 - 21:00
화(6/6) 현충일09:00 - 21:00
수 09:00 - 21:00
목 09:00 - 21:00
접기"
치과,051-715-7528,1,,"부산 강서구 명지국제8로 229 403호
금 09:30 - 18:00
12:30 - 14:00 휴게시간
토 09:30 - 13:00
일 정기휴무 (매주 일요일)
월 09:30 - 18:00
12:30 - 14:00 휴게시간
화(6/6) 현충일 휴무
수 정기휴무 (매주 수요일)
목 09:30 - 20:00
12:30 - 14:00 휴게시간"
치과,051-831-2875,1,,"부산 강서구 범방3로46번길 13 3층 다온치과
금 08:30 - 18:30
토 09:00 - 13:00
일 정기휴무 (매주 일요일)
월 08:30 - 18:30
화 08:30 - 18:30
수 08:30 - 18:30
목 08:30 - 18:30
접기"
치과,051-832-2875,1,,"부산 강서구 공항로811번가길 56
금 10:00 - 19:00
13:00 - 14:30 휴게시간
토 정기휴무 (매주 토요일)
일 정기휴무 (매주 일요일)
월 10:00 - 19:00
13:00 - 14:30 휴게시간
화(6/6) 현충일 휴무
수 10:00 - 19:00
13:00 - 14:30 휴게시간
목 10:00 - 19:00
13:00 - 14:30 휴게시간"
치과,051-971-2871,1,,"부산 강서구 낙동북로 74
금 09:30 - 18:30
12:30 - 13:30 휴게시간
토 09:30 - 13:00
일 정기휴무 (매주 일요일)
월 09:30 - 18:30
12:30 - 13:30 휴게시간
화(6/6) 현충일 휴무
수 09:30 - 18:30
12:30 - 13:30 휴게시간
목 14:00 - 18:30"
치과,051-971-2875,1,,"부산 강서구 대저로 276
금 09:30 - 18:30
12:30 - 14:00 휴게시간
토 09:30 - 13:00
일 정기휴무 (매주 일요일)
월 09:30 - 18:30
12:30 - 14:00 휴게시간
화(6/6) 현충일 휴무
수 09:30 - 18:30
12:30 - 14:00 휴게시간
목 14:00 - 18:30"
치과,051-973-2272,1,,"부산 강서구 신호산단2로 33
금 09:30 - 18:30
13:00 - 14:00 휴게시간
토 정기휴무 (매주 토요일)
일 정기휴무 (매주 일요일)
월 09:30 - 18:30
13:00 - 14:00 휴게시간
화(6/6) 현충일 휴무
수 13:30 - 18:30
목 09:30 - 20:30
17:30 - 18:00 휴게시간"
치과,051-989-9111,1,,"부산 강서구 신호산단2로 21
금 10:00 - 18:00
13:00 - 14:00 휴게시간
토 정기휴무 (매주 토요일)
일 정기휴무 (매주 일요일)
월 10:00 - 20:00
13:00 - 14:00 휴게시간
17:30 - 18:00 휴게시간
화(6/6) 현충일 휴무
수 10:00 - 18:00
13:00 - 14:00 휴게시간
목 10:00 - 20:00
13:00 - 14:00 휴게시간
17:30 - 18:00 휴게시간"
치과,051-990-0040,1,,"부산 강서구 명지국제6로 168 명지 스타필드시티 4층
금 10:00 - 18:30
13:30 - 15:00 휴게시간
토 10:00 - 17:00
13:30 - 15:00 휴게시간
일 10:00 - 17:00
13:30 - 15:00 휴게시간
월 정기휴무 (매주 월요일)
화(6/6) 현충일10:00 - 17:00
13:30 - 15:00 휴게시간
수 10:00 - 18:30
13:30 - 15:00 휴게시간
목 10:00 - 18:30
13:30 - 15:00 휴게시간
접기"
치과,055-311-2879,1,,"경남 김해시 번화1로44번길 6 엠아이병원 신관 4층, 5층(대청동 다이소 뒤편)
금 10:00 - 21:00
13:00 - 14:00 휴게시간
17:00 - 18:00 휴게시간
토 10:00 - 17:00
13:00 - 14:00 휴게시간
일 10:00 - 17:00
13:00 - 14:00 휴게시간
월 10:00 - 21:00
13:00 - 14:00 휴게시간
17:00 - 18:00 휴게시간
화(6/6) 현충일10:00 - 17:00
13:00 - 14:00 휴게시간
수 10:00 - 21:00
13:00 - 14:00 휴게시간
17:00 - 18:00 휴게시간
목 10:00 - 21:00
13:00 - 14:00 휴게시간
17:00 - 18:00 휴게시간"
치과,055-312-9100,1,,"경남 김해시 능동로 161 제일프라자 5,7층
금 09:30 - 19:00
13:00 - 14:30 휴게시간
토 09:30 - 14:00
일 정기휴무 (매주 일요일)
월 09:30 - 19:00
13:00 - 14:30 휴게시간
화(6/6) 현충일 휴무
수 09:30 - 19:00
13:00 - 14:30 휴게시간
목 09:30 - 20:30
13:00 - 14:30 휴게시간"
치과,055-314-1275,1,,"경남 김해시 능동로 157 거북빌딩 4층
금 09:30 - 18:00
13:00 - 14:30 휴게시간
토 09:30 - 13:00
일 정기휴무 (매주 일요일)
월 09:30 - 18:00
13:00 - 14:30 휴게시간
화(6/6) 현충일 휴무
수 09:30 - 18:00
13:00 - 14:30 휴게시간
목 09:30 - 18:00
13:00 - 14:30 휴게시간"
치과,055-325-7528,1,,"경남 김해시 김해대로 2361
금 09:00 - 21:00
12:30 - 14:00 휴게시간
토 09:00 - 21:00
12:30 - 14:00 휴게시간
일 09:00 - 21:00
12:30 - 14:00 휴게시간
월 09:00 - 21:00
12:30 - 14:00 휴게시간
화(6/6) 현충일09:00 - 21:00
12:30 - 14:00 휴게시간
수 09:00 - 21:00
12:30 - 14:00 휴게시간
목 09:00 - 21:00
12:30 - 14:00 휴게시간
접기"
피부과,0507-1304-5873,1,,"부산 강서구 명지국제8로 229 아이메디컬빌딩 5층 명지맑은피부과
금 09:30 - 18:30
12:30 - 13:30 휴게시간
토 09:00 - 13:30
일 정기휴무 (매주 일요일)
월 09:30 - 18:30
12:30 - 13:30 휴게시간
화(6/6) 현충일 휴무
수(6/7) 09:30 - 18:30
12:30 - 13:30 휴게시간
목 09:30 - 18:30
12:30 - 13:30 휴게시간"
피부과,0507-1406-3344,1,,"부산 북구 만덕대로27번길 3 세빈빌딩 6층
금 09:30 - 19:00
13:00 - 14:00 휴게시간
토 09:30 - 14:30
일 정기휴무 (매주 일요일)
월 09:30 - 19:00
13:00 - 14:00 휴게시간
화(6/6) 현충일 휴무
수 09:30 - 19:00
13:00 - 14:00 휴게시간
목 09:30 - 19:00
13:00 - 14:00 휴게시간"
피부과,0507-1412-1236,1,,"부산 북구 만덕대로 22 드림메디칼빌딩 6층
금 09:30 - 17:30
12:50 - 14:00 휴게시간
토 09:30 - 12:30
일 정기휴무 (매주 일요일)
월 09:30 - 17:30
12:50 - 14:00 휴게시간
화(6/6) 현충일 휴무
수 09:30 - 17:30
12:50 - 14:00 휴게시간
목 14:00 - 17:30"
피부과,0507-1417-6114,1,,"경남 김해시 율하1로 110 중앙프라자 601호
금 09:30 - 18:30
12:30 - 14:00 휴게시간
토 09:00 - 14:00
일 정기휴무 (매주 일요일)
월 09:30 - 18:30
12:30 - 14:00 휴게시간
화(6/6) 현충일 휴무
수 09:30 - 18:30
12:30 - 14:00 휴게시간
목 09:30 - 18:30"
피부과,0507-1423-3111,1,,"경남 김해시 번화1로80번길 15 다성빌딩
금 09:00 - 18:30
12:30 - 14:00 휴게시간
토 09:00 - 13:30
일 정기휴무 (매주 일요일)
월 09:00 - 18:30
12:30 - 14:00 휴게시간
화(6/6) 현충일 휴무
수 09:00 - 12:30
목 09:00 - 18:30
12:30 - 14:00 휴게시간"
피부과,0507-1424-7990,1,,"부산 강서구 명지국제6로 246 예성빌딩 4층
금 10:00 - 19:00
토 10:00 - 14:00
일 정기휴무 (매주 일요일)
월 10:00 - 19:00
화(6/6) 현충일 휴무
수 10:00 - 20:00
목 10:00 - 19:00"
피부과,0507-1492-5445,1,,"부산 사상구 가야대로 272
금 09:10 - 18:00
13:00 - 14:00 휴게시간
17:30 접수마감
토 09:10 - 13:00
12:30 접수마감
일 정기휴무 (매주 일요일)
월 09:10 - 18:00
13:00 - 14:00 휴게시간
17:30 접수마감
화(6/6) 현충일 휴무
수 09:10 - 18:00
13:00 - 14:00 휴게시간
17:30 접수마감
목 09:10 - 18:00
13:00 - 14:00 휴게시간
17:30 접수마감"
피부과,0507-1495-3210,1,,"부산 사상구 가야대로 276 엘리트치과병원건물 3층 선샤인피부과의원
금 09:30 - 20:00
13:00 - 14:30 휴게시간
토 09:30 - 14:00
일 정기휴무 (매주 일요일)
월 09:30 - 20:00
13:00 - 14:30 휴게시간
화(6/6) 현충일 휴무
수 09:30 - 19:00
13:00 - 14:30 휴게시간
목 09:30 - 19:00
13:00 - 14:30 휴게시간"
피부과,051-202-1997,1,,"부산 강서구 명지국제2로28번길 23 네오웨스턴스퀘아 2동 2층
금 10:00 - 19:00
13:00 - 14:00 휴게시간
토 10:00 - 15:00
일 정기휴무 (매주 일요일)
월 10:00 - 19:00
13:00 - 14:00 휴게시간
화(6/6) 현충일 휴무
수 10:00 - 19:00
13:00 - 14:00 휴게시간
목 10:00 - 21:00
13:00 - 14:00 휴게시간"
피부과,051-202-8272,1,,"부산 사하구 낙동남로 1412 경부빌딩 9층
금 10:00 - 21:00
13:00 - 14:00 휴게시간
19:30 접수마감
토 10:00 - 14:00
12:30 접수마감
일 정기휴무 (매주 일요일)
월 10:00 - 19:00
13:00 - 14:00 휴게시간
17:30 접수마감
화(6/6) 현충일 휴무
수 10:00 - 19:00
13:00 - 14:00 휴게시간
17:30 접수마감
목 10:00 - 19:00
13:00 - 14:00 휴게시간
17:30 접수마감"
피부과,051-204-1204,1,,"부산 사하구 낙동대로 212
금 09:30 - 18:30
12:30 - 14:00 휴게시간
토 09:30 - 14:40
일 정기휴무 (매주 일요일)
월 09:30 - 18:40
12:30 - 14:00 휴게시간
화(6/6) 현충일 휴무
수 09:30 - 18:30
12:30 - 14:00 휴게시간
목 14:00 - 19:10"
피부과,051-204-7870,1,,"부산 사하구 낙동대로 213
금 09:30 - 19:00
토 09:30 - 13:00
일 정기휴무 (매주 일요일)
월 09:30 - 19:00
화(6/6) 현충일 휴무
수 09:30 - 19:00
목 09:30 - 19:00"
피부과,051-204-8114,1,,"부산 사하구 낙동대로 466
금 10:00 - 19:30
12:30 - 14:00 휴게시간
토 09:30 - 14:00
일 정기휴무 (매주 일요일)
월 09:30 - 18:30
12:30 - 14:00 휴게시간
화(6/6) 현충일 휴무
수 09:30 - 18:30
12:30 - 14:00 휴게시간
목 09:30 - 18:30
12:30 - 14:00 휴게시간"
피부과,051-204-8275,1,,"부산 사하구 낙동남로 1424 하단역 8번출구 동원빌딩 6층
금 09:30 - 18:30
12:30 - 14:00 휴게시간
토 09:30 - 13:30
일 정기휴무 (매주 일요일)
월 09:30 - 18:30
12:30 - 14:00 휴게시간
화(6/6) 현충일 휴무
수 09:30 - 19:00
12:30 - 14:00 휴게시간
목 09:30 - 13:30"
피부과,051-205-2456,1,,"부산 강서구 명지오션시티4로 64 명지메디칼 4층 401호
금 09:00 - 18:00
12:30 - 14:00 휴게시간
토 09:00 - 13:30
12:30 - 13:00 휴게시간
일 정기휴무 (매주 일요일)
월 09:00 - 18:00
12:30 - 14:00 휴게시간
화(6/6) 현충일 휴무
수 09:00 - 18:00
12:30 - 14:00 휴게시간
목 14:00 - 18:30"
피부과,051-205-9777,1,,"부산 사하구 낙동남로 1426
금 10:00 - 19:00
14:00 - 15:00 휴게시간
토 10:00 - 16:00
일 정기휴무 (매주 일요일)
월 10:00 - 19:00
14:00 - 15:00 휴게시간
화(6/6) 현충일 휴무
수 10:00 - 19:00
14:00 - 15:00 휴게시간
목 10:00 - 22:00
14:00 - 15:00 휴게시간"
피부과,051-262-7511,1,,"부산 사하구 다대로 263 5층 501호
금 09:00 - 18:00
12:30 - 13:30 휴게시간
17:30 접수마감
토 09:00 - 13:00
12:30 접수마감
일 정기휴무 (매주 일요일)
월 09:00 - 18:00
12:30 - 13:30 휴게시간
17:30 접수마감
화(6/6) 현충일 휴무
수 09:00 - 18:00
12:30 - 13:30 휴게시간
17:30 접수마감
목 09:00 - 18:00
12:30 - 13:30 휴게시간
17:30 접수마감"
피부과,051-326-7582,1,,"부산 사상구 사상로 200
금 10:00 - 18:30
13:00 - 14:00 휴게시간
토 10:00 - 14:00
일 정기휴무 (매주 일요일)
월 10:00 - 18:30
13:00 - 14:00 휴게시간
화(6/6) 현충일 휴무
수 14:00 - 18:30
목 10:00 - 18:30
13:00 - 14:00 휴게시간"
피부과,051-337-9960,1,,"부산 북구 만덕대로 16 8층
금 10:30 - 20:30
토 10:00 - 17:00
일 정기휴무 (매주 일요일)
월 10:30 - 20:30
화(6/6) 현충일 휴무
수 10:30 - 20:30
목 10:30 - 20:30"
피부과,051-343-2255,1,,"부산 북구 만덕대로 24 4층
금 10:00 - 21:00
13:00 - 14:00 휴게시간
토 10:00 - 15:00
일 정기휴무 (매주 일요일)
월 10:00 - 19:00
13:00 - 14:00 휴게시간
화(6/6) 현충일 휴무
수 10:00 - 19:00
13:00 - 14:00 휴게시간
목 10:00 - 19:00
13:00 - 14:00 휴게시간"
피부과,051-715-2216,1,,"부산 강서구 명지국제5로 42 3층
금 09:30 - 20:00
12:30 - 14:00 휴게시간
토 09:30 - 14:00
일 정기휴무 (매주 일요일)
월 09:30 - 18:30
12:30 - 14:00 휴게시간
화(6/6) 현충일 휴무
수 09:30 - 20:00
12:30 - 14:00 휴게시간
목 09:30 - 18:30
12:30 - 14:00 휴게시간"
피부과,055-322-6300,1,,"경남 김해시 가락로 23 김밥천국
금 09:05 - 17:45
12:30 - 14:00 휴게시간
토 08:40 - 15:00
12:40 - 13:30 휴게시간
일 정기휴무 (매주 일요일)
월 09:05 - 17:45
12:30 - 14:00 휴게시간
화 09:05 - 17:45
12:30 - 14:00 휴게시간
수 09:05 - 17:45
12:30 - 14:00 휴게시간
목 09:05 - 17:45
12:30 - 14:00 휴게시간
접기"
피부과,055-326-7575,1,,"경남 김해시 내외중앙로 60 신한프라자 2층
금 10:00 - 19:00
13:00 - 14:00 휴게시간
18:30 접수마감
토 10:00 - 15:00
14:30 접수마감
일 정기휴무 (매주 일요일)
월 10:00 - 19:00
13:00 - 14:00 휴게시간
18:30 접수마감
화(6/6) 현충일 휴무
수 10:00 - 19:00
13:00 - 14:00 휴게시간
18:30 접수마감
목 13:00 - 19:30
19:00 접수마감"
피부과,055-327-0651,1,,"경남 김해시 내외중앙로 62 종로엠스쿨
금 09:30 - 19:00
12:30 - 14:00 휴게시간
토 09:30 - 17:00
일 정기휴무 (매주 일요일)
월 09:30 - 19:00
12:30 - 14:00 휴게시간
화(6/6) 현충일 휴무
수 09:30 - 19:00
12:30 - 14:00 휴게시간
목 정기휴무 (매주 목요일)"
피부과,055-337-7582,1,,"경남 김해시 내외중앙로 84 서울메디컬센터 6층
금 09:30 - 19:00
13:00 - 14:00 휴게시간
토 09:30 - 14:00
일 정기휴무 (매주 일요일)
월 09:30 - 19:00
13:00 - 14:00 휴게시간
화(6/6) 현충일 휴무
수 09:30 - 19:00
13:00 - 14:00 휴게시간
목 09:30 - 19:00
13:00 - 14:00 휴게시간"
피부과,055-338-7510,1,,"경남 김해시 내외중앙로 57 경남프라자
금 10:00 - 18:00
17:30 접수마감
토 10:00 - 16:00
15:30 접수마감
일 정기휴무 (매주 일요일)
월 10:00 - 18:00
17:30 접수마감
화(6/6) 현충일 휴무
수 10:00 - 18:00
17:30 접수마감
목 정기휴무 (매주 목요일)"
피부과,055-338-7791,1,,"경남 김해시 가락로 26
금 09:00 - 20:00
12:30 - 14:00 휴게시간
토 09:00 - 14:30
일 정기휴무 (매주 일요일)
월 09:00 - 18:00
12:30 - 14:00 휴게시간
화(6/6) 현충일 휴무
수 09:00 - 18:00
12:30 - 14:00 휴게시간
목 09:00 - 12:30"
피부과,055-339-9100,1,,"경남 김해시 능동로167번길 1
금 09:30 - 18:00
12:30 - 14:00 휴게시간
17:50 접수마감
토 09:00 - 13:00
12:50 접수마감
일 정기휴무 (매주 일요일)
월 09:30 - 19:30
12:30 - 14:00 휴게시간
19:20 접수마감
화(6/6) 현충일 휴무
수 09:30 - 12:30
12:20 접수마감
목 09:30 - 19:30
12:30 - 14:00 휴게시간
19:20 접수마감"
피부과,055-723-3070,1,,"경남 김해시 율하3로 38 경보오션 6층
금 09:30 - 18:30
12:30 - 14:00 휴게시간
토 09:30 - 13:30
일 정기휴무 (매주 일요일)
월 09:30 - 18:30
12:30 - 14:00 휴게시간
화(6/6) 현충일 휴무
수 14:00 - 19:30
목 09:30 - 18:30
12:30 - 14:00 휴게시간"
피부과,055-724-2449,1,,"경남 김해시 율하6로 56 율하메이저타워 6층 센텀코어더율의원
금 10:00 - 19:30
12:30 - 14:00 휴게시간
토 10:00 - 16:00
12:30 - 14:00 휴게시간
일 정기휴무 (매주 일요일)
월 10:00 - 19:30
12:30 - 14:00 휴게시간
화(6/6) 현충일 휴무
수 10:00 - 19:30
12:30 - 14:00 휴게시간
목 14:30 - 20:00"
피부과,055-724-3997,1,,"경남 김해시 가락로 19 아름다운 뉴욕 메디컬센터 3층
금 10:00 - 21:00
13:00 - 14:00 휴게시간
토 10:00 - 15:00
일 정기휴무 (매주 일요일)
월 10:00 - 19:00
13:00 - 14:00 휴게시간
화(6/6) 현충일 휴무
수 10:00 - 19:00
13:00 - 14:00 휴게시간
목 10:00 - 19:00
13:00 - 14:00 휴게시간"
피부과,1522-4340,1,,"경남 김해시 내외중앙로 92 5층 뮤즈의원 김해
금 10:00 - 20:00
토 10:00 - 16:00
일 정기휴무 (매주 일요일)
월 10:00 - 20:00
화(6/6) 10:00 - 16:00
수 10:00 - 20:00
목 10:00 - 20:00
접기"
한방병원,0507-1460-8082,1,,"부산 강서구 명지국제1로 25 우진메디컬프라자 5층 501, 502, 503호
금 10:00 - 21:00
13:00 - 14:00 휴게시간
토 10:00 - 16:00
일 정기휴무 (매주 일요일)
월 10:00 - 21:00
13:00 - 14:00 휴게시간
화(6/6) 현충일10:00 - 16:00
수 10:00 - 21:00
13:00 - 14:00 휴게시간
목 10:00 - 21:00
13:00 - 14:00 휴게시간
접기"
한방병원,055-331-2020,1,,"경남 김해시 가락로 23 당당메디컬센터 5, 6, 7, 8, 9층
금 09:00 - 20:30
12:30 - 14:00 휴게시간
토 09:00 - 15:00
일 정기휴무 (매주 일요일)
월 09:00 - 20:30
12:30 - 14:00 휴게시간
화(6/6) 현충일 휴무
수 09:00 - 20:30
12:30 - 14:00 휴게시간
목 09:00 - 20:30
12:30 - 14:00 휴게시간"
한방병원,1577-0007,1,,"부산 사하구 낙동남로 1427 6, 7, 8, 9층
금 09:00 - 19:00
13:00 - 14:00 휴게시간
12:00 접수마감
토 09:00 - 18:00
13:00 - 14:00 휴게시간
12:00 접수마감
일 정기휴무 (매주 일요일)
월 09:00 - 19:00
13:00 - 14:00 휴게시간
12:00 접수마감
화(6/6) 현충일09:00 - 18:00
수 09:00 - 19:00
13:00 - 14:00 휴게시간
12:00 접수마감
목 09:00 - 19:00
13:00 - 14:00 휴게시간
12:00 접수마감"
한의원,0507-1309-0365,1,,"부산 강서구 명지국제5로 42 402호
금 10:00 - 20:00
13:00 - 14:30 휴게시간
12:30, 19:30 접수마감
토 09:30 - 13:30
13:00 접수마감
일 정기휴무 (매주 일요일)
월 10:00 - 20:00
13:00 - 14:30 휴게시간
12:30, 19:30 접수마감
화 10:00 - 20:00
13:00 - 14:30 휴게시간
12:30, 19:30 접수마감
수 10:00 - 20:00
13:00 - 14:30 휴게시간
12:30, 19:30 접수마감
목 14:30 - 20:00
19:30 접수마감
접기"
한의원,0507-1310-7510,2,,"부산 강서구 명지국제8로 257 3층
금 10:00 - 20:00
13:00 - 14:00 휴게시간
토 10:00 - 14:00
일 10:00 - 14:00
월 10:00 - 20:00
13:00 - 14:00 휴게시간
화(6/6) 현충일10:00 - 14:00
수 10:00 - 20:00
13:00 - 14:00 휴게시간
목 10:00 - 20:00
13:00 - 14:00 휴게시간
접기"
한의원,0507-1359-1075,1,,"부산 강서구 명지국제8로 251 302호 다온한의원
금 09:30 - 21:00
12:30 - 14:00 휴게시간
토 09:30 - 14:30
일 09:30 - 14:30
월 09:30 - 21:00
12:30 - 14:00 휴게시간
화(6/6) 현충일09:30 - 14:30
수 09:30 - 21:00
12:30 - 14:00 휴게시간
목 09:30 - 21:00
12:30 - 14:00 휴게시간
접기"
한의원,0507-1384-0366,1,,"부산 강서구 명지국제8로 254 시온플라자 1동 201호, 202호, 203호
금 10:00 - 21:00
토 10:00 - 17:00
13:00 - 14:00 휴게시간
일 10:00 - 17:00
13:00 - 14:00 휴게시간
월 10:00 - 21:00
화 10:00 - 21:00
수 10:00 - 21:00
목 10:00 - 21:00
접기"
한의원,0507-1394-0333,1,,"부산 북구 백양대로 1200 정수빌딩 3층
금 10:00 - 20:30
13:00 - 14:00 휴게시간
토 10:00 - 16:00
일 정기휴무 (매주 일요일)
월 10:00 - 20:30
13:00 - 14:00 휴게시간
화 10:00 - 18:30
13:00 - 14:00 휴게시간
수 10:00 - 20:30
13:00 - 14:00 휴게시간
목 정기휴무 (매주 목요일)"
한의원,0507-1402-8275,1,,"부산 강서구 명지국제5로 14 서진빌딩 2,3층
금 10:00 - 20:00
13:00 - 14:30 휴게시간
토 10:00 - 14:30
일 10:00 - 14:30
월 10:00 - 20:00
13:00 - 14:30 휴게시간
화(6/6) 현충일10:00 - 14:30
수 10:00 - 19:00
13:00 - 14:30 휴게시간
목 10:00 - 19:00
13:00 - 14:30 휴게시간
접기"
한의원,0507-1488-3637,1,,"부산 강서구 신호산단2로 33 골든뷰 2층
금 09:30 - 20:00
13:00 - 14:30 휴게시간
19:40 접수마감
토 09:30 - 15:00
14:40 접수마감
일 정기휴무 (매주 일요일)
월 09:30 - 20:00
13:00 - 14:30 휴게시간
19:40 접수마감
화(6/6) 현충일 휴무
수 09:30 - 20:00
13:00 - 14:30 휴게시간
19:40 접수마감
목 09:30 - 20:00
13:00 - 14:30 휴게시간
19:40 접수마감"
한의원,051-202-3155,1,,"부산 강서구 명지오션시티11로 74
금 09:30 - 18:30
12:30 - 14:00 휴게시간
토 09:30 - 13:30
일 정기휴무 (매주 일요일)
월 09:30 - 18:30
12:30 - 14:00 휴게시간
화(6/6) 현충일 휴무
수 09:30 - 18:30
12:30 - 14:00 휴게시간
목 14:00 - 18:30"
한의원,051-206-1075,1,,"부산 강서구 명지오션시티4로 62 파빌리온빌딩 3층
금 09:30 - 19:00
12:30 - 14:00 휴게시간
토 09:30 - 13:30
일 정기휴무 (매주 일요일)
월 09:30 - 19:00
12:30 - 14:00 휴게시간
화(6/6) 현충일 휴무
수 09:30 - 19:00
12:30 - 14:00 휴게시간
목 14:00 - 19:00"
한의원,051-206-5649,1,,"부산 강서구 명지국제11로 25 1동 2층
금 10:00 - 20:00
토 09:00 - 14:00
일 정기휴무 (매주 일요일)
월 10:00 - 20:00
화(6/6) 현충일 휴무
수 10:00 - 20:00
목 14:00 - 20:00"
한의원,051-207-1365,1,,"부산 강서구 명지국제8로 230 5층
금 09:30 - 20:00
13:00 - 14:30 휴게시간
토 09:30 - 16:00
일 09:30 - 16:00
월 09:30 - 20:00
13:00 - 14:30 휴게시간
화(6/6) 현충일09:30 - 16:00
수 09:30 - 20:00
13:00 - 14:30 휴게시간
목 09:30 - 20:00
13:00 - 14:30 휴게시간
접기"
한의원,051-271-1056,1,,"부산 강서구 명지오션시티4로 61 이건빌딩 302호
금 09:30 - 19:00
13:00 - 14:30 휴게시간
토 09:00 - 13:00
일 정기휴무 (매주 일요일)
월 09:30 - 19:00
13:00 - 14:30 휴게시간
화(6/6) 현충일 휴무
수 09:30 - 19:00
13:00 - 14:30 휴게시간
목 09:30 - 19:00
13:00 - 14:30 휴게시간"
한의원,051-271-2800,1,,"부산 강서구 명지오션시티11로 66 G타워 4층
금 09:30 - 20:00
13:00 - 14:30 휴게시간
19:20 접수마감
토 09:30 - 13:30
12:50 접수마감
일 정기휴무 (매주 일요일)
월 09:30 - 20:00
13:00 - 14:30 휴게시간
19:20 접수마감
화(6/6) 현충일 휴무
수 09:30 - 20:00
13:00 - 14:30 휴게시간
19:20 접수마감
목 09:30 - 20:00
13:00 - 14:30 휴게시간
19:20 접수마감"
한의원,051-312-7648,1,,"부산 사상구 광장로87번길 63
금 10:00 - 18:00
12:50 - 14:00 휴게시간
토 10:00 - 17:00
12:50 - 14:00 휴게시간
일 정기휴무 (매주 일요일)
월 10:00 - 18:00
12:50 - 14:00 휴게시간
화(6/6) 현충일10:00 - 17:00
12:50 - 14:00 휴게시간
수 10:00 - 18:00
12:50 - 14:00 휴게시간
목 정기휴무 (매주 목요일)
접기"
한의원,051-503-8818,1,,"부산 강서구 명지오션시티4로 70
금 09:30 - 19:00
12:30 - 14:00 휴게시간
18:10 접수마감
토 09:30 - 14:00
13:10 접수마감
일 정기휴무 (매주 일요일)
월 09:30 - 19:00
12:30 - 14:00 휴게시간
18:10 접수마감
화(6/6) 현충일 휴무
수 09:30 - 19:00
12:30 - 14:00 휴게시간
18:10 접수마감
목 14:00 - 19:00
18:10 접수마감"
한의원,051-624-7575,1,,"부산 강서구 낙동남로 1042
금 09:00 - 18:00
12:30 - 14:00 휴게시간
토 09:00 - 17:00
일 정기휴무 (매주 일요일)
월 09:00 - 18:00
12:30 - 14:00 휴게시간
화(6/6) 현충일 휴무
수 09:00 - 18:00
12:30 - 14:00 휴게시간
목 09:00 - 18:00
12:30 - 14:00 휴게시간"
한의원,051-711-2625,2,,"부산 강서구 명지국제8로 243
금 09:30 - 19:00
토 09:15 - 14:00
일 정기휴무 (매주 일요일)
월 09:30 - 20:00
화(6/6) 현충일 휴무
수 09:30 - 20:00
목 09:30 - 19:00"
한의원,051-941-7575,1,,"부산 강서구 대저로274번길 15
금 09:30 - 18:30
13:00 - 14:00 휴게시간
토 09:30 - 13:00
일 정기휴무 (매주 일요일)
월 09:30 - 18:30
13:00 - 14:00 휴게시간
화(6/6) 현충일09:30 - 13:00
수 09:30 - 18:30
13:00 - 14:00 휴게시간
목 09:30 - 13:00
접기"
한의원,051-941-8275,1,,"부산 강서구 신호산단2로 21
금 10:00 - 19:30
13:00 - 14:00 휴게시간
19:00 접수마감
토 10:00 - 15:00
14:30 접수마감
일 정기휴무 (매주 일요일)
월 10:00 - 19:30
13:00 - 14:00 휴게시간
19:00 접수마감
화(6/6) 현충일 휴무
수 10:00 - 19:30
13:00 - 14:00 휴게시간
19:00 접수마감
목 10:00 - 20:30
13:00 - 14:00 휴게시간
20:00 접수마감"
한의원,051-973-3075,1,,"부산 강서구 신호산단2로49번길 16
금 09:30 - 19:00
토 09:30 - 15:00
일 정기휴무 (매주 일요일)
월 09:30 - 19:00
화(6/6) 현충일 휴무
수 09:30 - 19:00
목 09:30 - 19:00"
한의원,051-973-9737,1,,"부산 강서구 공항로811번길 43
금 09:00 - 18:30
12:30 - 14:00 휴게시간
토 09:00 - 13:00
일 정기휴무 (매주 일요일)
월 09:00 - 18:30
12:30 - 14:00 휴게시간
화 09:00 - 18:30
12:30 - 14:00 휴게시간
수 09:00 - 18:30
12:30 - 14:00 휴게시간
목 09:00 - 18:30
12:30 - 14:00 휴게시간
접기"
한의원,055-311-0001,1,,"경남 김해시 율하3로 5 정한의원
금 09:30 - 17:00
12:30 - 14:00 휴게시간
토(6/3) 휴무
일(6/4) 휴무
월(6/5) 휴무
화(6/6) 휴무
수 09:30 - 17:00
12:30 - 14:00 휴게시간
목 14:00 - 20:00"
한의원,055-334-0365,1,,"경남 김해시 율하3로 53 경보프라자 2층
금 10:00 - 20:00
13:00 - 14:00 휴게시간
토 10:00 - 15:00
일 10:00 - 15:00
월 10:00 - 20:00
13:00 - 14:00 휴게시간
화(6/6) 현충일10:00 - 15:00
수 10:00 - 20:00
13:00 - 14:00 휴게시간
목 10:00 - 20:00
13:00 - 14:00 휴게시간
접기"
한의원,No phone number available,1,,"부산 강서구 대저로 285
"
