"adate", "atitle", "article"
"2023-05-11", "칸막이 없앤 플랫폼 대학 생태계로 새로운 교육모델 만들자", "한림대 정범모 교수 추모 심포지엄대학은 새로운 유형 질문 던지고 희소 고품질 교육 자료 확보해챗 생성형 시대 대비해야 인공지능 기술 의존도 높아질수록사제동행 사회적 가치 중요해져3일 강원 춘천시 한림대에서 운주 정범모 교수의 흉상 제막식이 열렸다. 정진수 충북대 명예교수앞줄 왼쪽에서 두 번째 정진웅 전 덕성여대 교수앞줄 왼쪽에서 네 번째 윤대원 일송학원 이사장앞줄 왼쪽에서 여섯 번째 최양희 한림대 총장앞줄 왼쪽에서 일곱 번째 등 참석자들이 흉상 앞에서 기념 촬영을 하고 있다. 한림대 제공21세기는 디지털 혁명 덕분에 20세기와는 전혀 다른 새로운 문명으로 전환되고 있다. 대학이 이런 변화를 거부하면 19세기 말 근대화 물결을 거부했던 조선의 유생과 같은 비난을 면치 못하게 될 것이다. 염재호 태재대 총장은 3일 강원 춘천시 한림대에서 열린 운주 정범모 교수 추모 학술 심포지엄에서 이같이 말했다. 이날 심포지엄은 인공지능 시대 한국 대학의 미래와 혁신방안 탐색을 주제로 열렸다. 한국 교육계의 거목이자 한림대 2대 총장을 지낸 정범모 교수19252022를 추모하기 위한 행사로 정 교수의 교육 정신과 학문적 업적을 기리고 계승발전시키기 위해 마련됐다. 시대 대학 간 개방으로 한계 넘어야 이날 디지털 문명시대의 고등교육 패러다임 대전환을 주제로 기조 발제를 맡은 염 총장은 교수학습 방법이 완전히 바뀌어야 한다고 지적했다. 그는 객관적이고 세분된 전공 지식은 대학의 전통적인 지식 전수 방식보다 디지털 미디어를 통해 훨씬 효과적으로 학습될 수 있다고 했다. 주제 발제를 맡은 이정동 서울대 공과대학 교수도 시대를 맞아 교육의 핵심이 바뀌었다고 설명했다. 많은 지식을 보유하는 것은 더 이상 인간만이 할 수 있는 차별적인 능력이 아니다라며 축적된 지식을 암기하는 능력이 아니라 새로운 유형의 대답이 나오도록 고유한 질문을 던지는 능력이 핵심이라고 말했다. 참석자들은 고등교육의 대전환을 위해서는 대학이 먼저 변화해야 한다고 입을 모았다. 염 총장은 교육 중심의 학부 체제 개편 학생 성공을 위한 맞춤형 교육 유럽의 볼로냐 프로세스와 같은 동북아 대학연대 등 글로벌 협력 평생교육 강화가 필요하다고 조언했다. 볼로냐 프로세스는 영국 프랑스 독일 등 29개 유럽 국가들이 모여 단일한 고등교육 제도를 설립해 유럽 고등교육의 경쟁력을 높이고자 하는 협의체다. 챗와 같은 생성형 의 시대를 맞아 대학이 한국어로 된 지식을 관리하고 발전시키기 위한 주도적인 역할을 해야 한다는 의견도 나왔다. 지금까지 지식이 저장되고 유통되는 방법이었던 책 문서 웹 사람은 생성형 와 같은 대규모 언어 모델로 전환되고 있다. 이에 언어 주권과 학문 주권을 지키기 위해 모국어에 기반을 둔 대규모 언어 모델의 중요성이 커지는 상황이다. 박섭형 한림대 소프트웨어학부 교수는 대학은 희소 고품질 교육연구용 자료를 확보하고 대규모 언어 모델에서 이를 활용할 수 있는 기반을 구축해야 한다고 설명했다. 조영헌 고려대 역사교육과 교수는 대학이 현재의 취업사관학교가 아니라 본래의 목적인 학문의 요람으로 기능하기 위해서는 전공별 학과별 학교별 칸막이를 없애야 한다고 조언했다. 조 교수는 플랫폼 대학 생태계를 통해 개별 대학이 서로 개방하고 연결한다면 각 대학이 가진 한계를 뛰어넘어 새로운 학교 경영 및 다양한 교육 모델이 만들어진다고 말했다. 기술이 발전될수록 교수와 제자 학생과 학생 간 관계의 중요성도 커지고 있다. 박 교수는 기술이 발전할수록 이에 대한 의존도는 높아지고 인간의 사회적 상호작용과 관계 형성을 저해할 가능성이 크다며 정 교수의 교육 원칙인 사제동행교수와 학생이 서로 가르침을 주고받는다는 의미의 가치가 더 중요해진 것이라고 덧붙였다. 운주의 생애 후학 가는 길에 큰 이정표한림대와 태재대는 이날 심포지엄에 앞서 고등교육 혁신과 글로컬글로벌로컬 파트너십 구축을 위한 상호협력 협약식을 맺었다. 두 대학은 혁신적 글로컬 대학으로 나아가기 위한 비전 및 전략을 함께 수립하고 교육 플랫폼 및 소프트웨어를 공동 개발활용하고 사업화할 계획이다. 한림대는 최양희 총장 취임 이후 더 뉴 한림 슬로건 아래 데이터 사이언스 의료바이오 반도체 등 첨단 미래 유망 분야 특성화과 교육 혁신을 추진하고 있다. 9월 개교를 앞둔 태재대는 캠퍼스 없이 여러 나라를 돌며 과제를 수행하고 온라인 강의를 듣는 미네르바 대학을 모델로 한다. 협약식과 함께 정 교수의 흉상 제막식도 함께 열렸다. 최 총장은 정 교수의 삶과 학문은 후학들이 나아가는 길에 지금도 큰 이정표가 되고 있다며 흉상 제막식에 이어 유품 전시와 스토리보드 설치 등 추모 공간 조성을 통해 정 교수의 교육 철학과 업적을 널리 알리고 계승하고자 한다고 말했다. 조유라 기자 0101. 플랫폼 대학 생태계새로운 교육모델사제동행 조유라 기자동아일보 정책사회부0101.정책사회부 교육팀 기자입니다. 2017년 입사해 정책사회부와 국제부를 거쳐 교육으로 돌아왔습니다.학교 일찍 와도 외롭지 않아요 초등교 늘봄교실 인기내 삶의 나침반 그 이름은 선생님 연세대 중고교 은사제자를 잇다구독 좋아요 이미지좋아요슬퍼요 이미지슬퍼요화나요 이미지화나요공유 이미지공유기사추천 이미지기사추천공유하기닫기 동아일보 ."
"2023-05-11", "학교 일찍 와도 외롭지 않아요 초등교 늘봄교실 인기", "오전 7시 반부터 돌봄 서비스 제공골프코딩 등 다양한 프로그램 운영2일 대전 중구 보성초에서 김시명 양 돌봄 전담사 이은순 씨 김설 양 신소헌 양왼쪽부터이 도서실에 모여 책을 읽고 있다. 3월 늘봄교실 시범학교로 선정된 보성초는 1 2학년 수업 시간인 오전 9시보다 1시간 반 이른 7시 반부터 도서실을 개방해 아이들을 돌보고 있다. 교육부 제공예전에는 학교에 일찍 오면 혼자 교실에서 책을 읽었는데 이제는 선생님이랑 같이 책을 읽을 수 있어서 정말 좋아요. 2일 오전 8시 대전 중구 보성초. 수업 시작 시간인 9시보다 1시간가량 일찍 등교하는 신소헌 양8은 올해부터는 학교에 일찍 와도 외롭지 않다. 2층 도서실에 가면 항상 돌봄 전담사 이은순 씨가 맞아주기 때문이다. 보성초는 3월부터 늘봄교실 시범학교로 선정돼 아침 돌봄을 운영 중이다. 1 2학년 수업 시작 시간인 9시보다 1시간 반 이른 7시 반부터 도서실을 개방해 아이들을 돌보고 있다. 이 학교는 전교생 298명 중 4명의 아이들이 부모의 맞벌이 등을 이유로 아침 돌봄을 신청했다. 오전 시간 아이들의 안전을 책임지는 이 씨는 보육교사 자격증을 갖고 10년간 관련 업종에서 근무하다 퇴직한 뒤 아이들을 위해 봉사하고자 실버돌봄지원단으로 활동하고 있다. 아침 돌봄을 신청한 학생들이 2층 도서실에 도착하면 이 씨는 아이들을 한 명 한 명 챙긴다. 수업이 시작되기 전까지 이 씨와 아이들은 함께 책을 읽거나 그림을 그린다. 1학년 김설 양7은 선생님이랑 색칠 놀이도 할 수 있고 여기는 장난감도 많다고 했다. 8시 50분이 되면 이 씨가 아이들을 각 교실까지 인솔한다. 아침 돌봄을 신청하지 않은 학생들도 원하면 일찍 등교해 보살핌을 받을 수 있다. 이날도 고학년 학생 10여 명은 도서실에서 저마다 읽고 싶은 책을 들고 자유롭게 독서를 했다. 이 씨는 맞벌이 부모가 믿고 아이를 맡기기 때문에 보람을 느낀다고 말했다. 보성초와 함께 늘봄학교 시범학교로 선정된 대전 서구 원앙초는 골프 방송댄스 인공지능 코딩 등 다양한 방과후 프로그램을 운영 중이다. 이날 원앙초 다목적실에서는 1 2학년 학생 20여 명이 골프 스윙 연습을 했다. 어린이용 골프채 골프공 연습용 매트까지 장비를 두루 갖췄다. 이 학교는 전교생 308명 중 69.8%인 215명이 방과후 프로그램에 참여해 전국 평균 45.1%를 웃돈다. 원앙초는 1학년 학생들의 학교 적응을 위해 정규 수업 이후 오후 3시까지 특기적성 프로그램을 운영하는 에듀케어새봄교실 프로그램도 운영 중이다. 놀이수학 놀이한글 등을 교사 7명과 방과후 학교 강사 1명이 지도하는데 이 프로그램에는 19명이 참여하고 있다. 학부모들의 만족도는 높다. 1학년 자녀를 새봄교실에 보내고 있는 학부모 최현정 씨는 학교 선생님들께서 한글과 수를 봐 줘서 아이 학습에 도움이 된다고 말했다. 다만 인력 문제는 가장 시급히 해결해야 할 과제로 꼽힌다. 전진영 원앙초 교사방과후학교부장는 강사 구하기가 어려워 1 2학년 교사들이 새봄학교 수업을 추가로 담당하고 있다며 기간제교사 추가 배치 방과후 강사진 확보 등이 필요하다고 호소했다. 김용옥 대전시교육청 장학관은 각 학교의 늘봄교실 운영을 돕는 늘봄지원센터에도 늘봄학교와 방과후 교실의 전반적인 지원을 담당할 인력이 추가적으로 필요하다고 말했다. 대전조유라 기자 0101. 늘본교실돌봄 서비스실버돌봄지원단 조유라 기자동아일보 정책사회부0101.정책사회부 교육팀 기자입니다. 2017년 입사해 정책사회부와 국제부를 거쳐 교육으로 돌아왔습니다.칸막이 없앤 플랫폼 대학 생태계로 새로운 교육모델 만들자내 삶의 나침반 그 이름은 선생님 연세대 중고교 은사제자를 잇다구독 좋아요 이미지좋아요슬퍼요 이미지슬퍼요화나요 이미지화나요공유 이미지공유기사추천 이미지기사추천공유하기닫기 동아일보 ."
"2023-05-11", "시대엔 인터넷시대 저지른 잘못 되풀이 안돼", " 개발 촉진하되 규제 병행을 한국지능정보사회진흥원이 인공지능 개발을 촉진할 수 있는 방향으로 제도와 질서가 마련돼야 한다고 강조했다. 황종성 원장은 10일 기자간담회를 열고 산업이 초기 단계이기 때문에 일단은 진흥을 강화하고 지속적인 모니터링을 통해 규제가 병행돼야 한다고 밝혔다. 는 이날 해외 입법 동향을 공유하며 국내 진흥규제법안의 방향성을 제시했다. 는 전문가로 구성된 인공지능 법제정비단을 운영하며 의 개발이나 활용 과정에서 나타날 수 있는 부작용을 최소화하고 활용성을 높이기 위한 법제도 연구를 진행 중이다. 유럽연합이 입법을 추진 중인 법안 은 가 일으킬 수 있는 위험을 4단계로 구분하고 고위험 에 대한 강한 규제안을 담고 있다. 반면 미국이 입법을 추진 중인 알고리즘책임법안은 일정 매출이나 자본 이상인 기업을 대상으로 규제를 부과해 에 비해 완화된 법안이라는 평가를 받는다. 국내 국회에서 발의되고 있는 인공지능법안은 국민 생명과 신체기본권 보호를 위한 고위험영역 를 규제하고 기술 개발과 산업진흥을 위한 자율규제를 마련하는 내용을 담고 있다. 황 원장은 우리나라는 규제가 강한 와 비교적 완화된 미국의 중간 정도 규제안이 마련되고 있다고 본다고 평가했다. 이어 인터넷 시대는 정부의 개입 없이 무질서하게 방치돼 많은 사회적 비용이 들어가고 있다며 시대는 인터넷 시대에 저지른 잘못을 되풀이하지 않겠다고 말했다. 전남혁 기자 .시대인터넷시대 전남혁 기자동아일보 산업1부.2020년 입사해 분야를 취재하고 있습니다. 통신과 미디어 플랫폼에 관심이 많습니다.위메이드 김남국 위믹스 로비설 반박오히려 게임학회가 후원금 요구게임학회 2업계의원 이익공동체 의심구독 좋아요 이미지좋아요슬퍼요 이미지슬퍼요화나요 이미지화나요공유 이미지공유기사추천 이미지기사추천공유하기닫기 동아일보 ."
"2023-05-11", " 활용해 운전자 상태 확인", "10일 서울 강남구 코엑스에서 열린 제6회 국제인공지능대전에서 인공지능 감지 시스템 업체 딥인사이트 관계자가 를 활용한 운전자 상태 인식 장치를 시연하고 있다. 뉴시스 4차 산업혁명 시대 이어 핵융합 눈독5년 안에 전기 공급 받는다축구공 보여요 외친 순간 삼성 시각보조기술 빛을 보다카카오헬스케어 활용해 위절제술 부작용 줄인다구독 활용운전자 상태 확인국제인공지능대전 좋아요 이미지좋아요슬퍼요 이미지슬퍼요화나요 이미지화나요공유 이미지공유기사추천 이미지기사추천공유하기닫기 동아일보 ."
"2023-05-11", "한국인 74% 일 줄이려 활용 57% 일자리 뺏길까 두려워", " 31개국 근로자 대상 설문 결과 글로벌 테크기술 기업이 한국 시장을 겨냥해 경쟁적으로 인공지능 기술을 적용한 소프트웨어 애플리케이션앱 등의 업무용 도구를 쏟아내고 있다. 기술을 통해 업무 효율을 높일 수 있을 것이란 기대감이 높아지자 시장 선점을 위해 기업들이 앞다퉈 새로운 서비스를 내놓는 모양새다. 한국마이크로소프트는 10일 서울 종로구 사무실에서 기자간담회를 열어 전 세계 근로자의 인식 등을 담은 보고서 업무동향지표 2023을 발표했다. 보고서에 따르면 31개국 3만1000명이 참여한 설문조사에서 응답자의 70%는 업무량을 줄이기 위해 가능한 한 많은 일을 에 위임하겠다고 답했다. 설문조사에 한국인은 1000여 명이 참여했다. 같은 질문에 한국인 중 74%가 에 업무량을 위임하는 것에 긍정적 반응을 보였다. 기술 발전으로 일자리를 잃을 가능성을 우려하는 한국인 응답자는 57%였다. 회사 측은 한국 근로자들은 로 인한 고용 불안보다 활용에 대한 기대가 큰 것으로 나타났다고 설명했다. 글로벌 테크 기업이 기술 적용을 통해 효율성을 높일 수 있는 영역으로 꼽는 것은 소통 관련 업무다. 가 올해 3월 자사 업무 앱 이용자의 경향성을 확인한 결과 일과 시간의 57%는 이메일 작성 회의 등 소통 관련 업무였다. 아이디어를 발전시키기 위한 창작 관련 업무 시간의 비중은 43%였다. 가 올해 3월 공개한 생성형 기반의 코파일럿부조종사도 직장 내 핵심 소통 수단인 이메일아웃룩을 알아서 관리해주고 이용자가 놓친 중요한 내용이 있는지를 알려주는 기능을 담고 있다. 회의 도구인 팀스에선 코파일럿이 주요 회의 내용을 실시간으로 요약해주고 참석자 간 의견이 다른 대목을 짚어주기도 한다. 파워포인트에는 오픈의 기술로 이미지를 이용자 맞춤형으로 자동 생성할 수 있는 기능을 추가하기로 했다. 크게보기미국 실리콘밸리 테크 기업이 업무용 플랫폼으로 사용하면서 널리 알려진 슬랙도 구성원 간 소통 업무 부담을 줄이기 위한 기능을 새로 공개했다. 이용자가 한 번의 슬랙 앱 조작으로 읽지 않은 메시지를 빠르게 확인하거나 다른 직원에게 보낼 답장 내용을 자동으로 작성하는 방식 등이다. 슬랙은 챗를 개발한 오픈의 대규모 언어모델을 적용해 이러한 기능을 구현했다. 를 기반으로 글의 자연스러운 맥락까지 파악해 다른 언어로 번역해주는 온라인 서비스로 유명한 독일 테크 기업 딥엘은 8월 한국 시장에 서비스를 정식 시작한다고 9일 발표했다. 딥엘 관계자는 세계 수천 개의 기업과 수억 명의 이용자가 직장 동료 등과 더 효율적으로 소통할 수 있도록 지원하는 서비스라고 설명했다. 사티아 나델라 최고경영자는 새로운 세대의 는 근로자들의 역량 강화를 도우면서 반복적 업무를 줄이고 창의성을 높여주는 등 상당한 기회를 제공할 것이라고 말했다.지민구 기자 .한국인 74% 활용근로자 대상 설문 결과 지민구 기자동아일보 산업1부.신문 읽기가 취미인 신문 기자입니다. 2012년부터 기자로 활동해 정치 경제 사회 산업 분야의 다양한 사람과 사건을 둘러싼 이야기를 기록해왔습니다. 9900원 유튜브편의점 할인 상품 출시유플러스 숭실대에 채용 연계형 정보보호학과구독 좋아요 이미지좋아요슬퍼요 이미지슬퍼요화나요 이미지화나요공유 이미지공유기사추천 이미지기사추천공유하기닫기 동아일보 ."
"2023-05-11", "축구공 보여요 외친 순간 삼성 시각보조기술 빛을 보다", "삼성 릴루미노 모드 개발 뒷얘기시각장애인을 위한 릴루미노 모드를 개발한 박재성 삼성전자 영상디스플레이사업부 개발팀 수석연구원왼쪽과 임상실험을 진행한 박경아 삼성서울병원 안과 교수가 릴루미노 모드를 적용 중인 를 소개하고 있다. 삼성전자 제공저시력 시각장애를 갖고 계신 분들은 모든 여가활동이 를 통해 이뤄져요. 시각장애인과 라니 낯설겠지만 다른 여가는 더 어려워서. 환한 에 가까이 다가가 볼 수밖에 없죠. 8일 서울 강남구에서 만난 박경아 삼성서울병원 안과 교수는 에서 릴루미노 모드 개발이 필요한 이유에 대해 이같이 말했다. 릴루미노는 빛을 되돌려주다라는 뜻의 라틴어로 삼성전자가 개발한 저시력 시각장애인 대상 시각보조기술의 명칭이기도 하다. 삼성전자는 사내벤처 랩을 통해 릴루미노 기술을 개발해 스마트폰 애플리케이션과 안경 등에 적용해 왔는데 올해부터는 에도 탑재했다. 릴루미노 모드는 인공지능 알고리즘을 활용해 화면 속 이미지를 분석하여 외곽선을 또렷하게 만드는 기능이다. 명암비 밝기 색상 선명도 등을 조절해 저시력 시각장애인들의 눈에 뿌옇게 보이는 이미지를 선명하게 인지하도록 돕는다. 국민건강통계에 의하면 교정시력 0.32 이하의 시력장애 유병률은 40세 이상에서 0.9% 65세 이상에서 3.0%로 고령일수록 높다. 삼성전자가 본격적으로 에 릴루미노 기능을 탑재하기로 한 것은 지난해 3월이다. 삼성전자 영상디스플레이사업부 개발팀은 릴루미노 모드를 적용한 시제품을 들고 서울 관악구에 위치한 실로암시각장애인복지관을 찾았다. 시각장애인들에게 유의미한 도움이 될지를 파악하기 위해 직접 기능을 시연한 것이다. 시연에 참석했던 시각장애인 중 한 명이 축구공이 보여요라고 말했다. 축구 경기 보는 것을 좋아했지만 시력을 점점 잃어가며 제대로 감상하기 힘들었다고 했다. 박재성 수석연구원은 그 순간 이거 하면 되겠구나라고 생각했다고 한다. 기술을 적용하는 것은 쉽지 않았다. 기존 릴루미노 기술은 스마트폰과 안경 등 가까운 거리에서 활용하는데 는 13가량 떨어져서 보기 때문이다. 개발팀 전원이 일반 시력자였다는 점도 어려움이었다. 릴루미노 기술이 제대로 개발되고 있는지 확인해야 하는데 오히려 의 노이즈를 잡아내는 등 일반인보다 눈썰미가 좋은 이들로 가득했다. 그래서 택한 것이 저시력 체험안경이었다. 개발팀은 필름으로 시야를 뿌옇게 처리하는 체험 안경을 구입해 직접 써보면서 릴루미노 모드를 직접 체감하며 개발했다. 4차 산업혁명 시대 이어 핵융합 눈독5년 안에 전기 공급 받는다 활용해 운전자 상태 확인카카오헬스케어 활용해 위절제술 부작용 줄인다구독 릴루미노 모드의 효과를 과학적으로 증명하기 위한 임상시험도 진행했다. 박 교수는 지난해 4월부터 11월까지 두 차례에 걸쳐 67명의 시각장애인을 대상으로 한 임상시험을 통해 릴루미노 모드가 유의미한 효과를 갖고 있음을 증명했다. 박 교수는 임상 과정에서 시각장애인들이 사람의 얼굴을 볼 때 선명한 것보다 자연스러운 것을 선호한다는 사실도 파악했다. 이건 시험을 시작하기 전에는 예상하지 못했던 것이라고 설명했다. 후천적 시각장애인의 경우 기존에 인지하고 있는 형체나 피부색에 대한 기억이 남아 있기 때문에 자연스러움을 선호하게 되는 것이다. 삼성전자는 이 같은 임상 결과를 반영해 강중약으로 적용하는 기능을 적용했다. 삼성전자는 릴루미노 모드를 더 강화하는 방안도 검토 중이다. 박 교수는 매장의 키오스크 학교에서 사용하는 교육용 장비 등에도 적용할 수 있다면 시각장애인들에게 큰 도움이 될 것이라고 말했다.홍석호 기자 . 삼성시각보조기술릴루미노 모드 홍석호 기자동아일보 산업1부.2015년 신문 기자가 돼 사회 경제 산업 분야를 취재했습니다. 2020년 6월부터 재계를 출입하며 기업의 고민 전략 등에 대한 기사를 쓰고 있습니다.초산 자연분만 국내 첫 네 쌍둥이 탄생일렉트릭 그룹과 마이크로그리드 구독 좋아요 이미지좋아요슬퍼요 이미지슬퍼요화나요 이미지화나요공유 이미지공유기사추천 이미지기사추천공유하기닫기 동아일보 ."
"2023-05-11", "프리미엄뷰역대 가장 따뜻했던 봄 더 길고 무더운 여름이 온다 폭염이 걱정된다면 무풍이 해답", "3월 22일 서울의 낮 최고 기온이 25.1도까지 올랐다. 이날 서울은 1907년 기상 관측을 시행한 이래 116년 만에 가장 따뜻한 봄 날씨를 기록했다. 우리나라의 연평균 기온은 지난 41년간 약 1.4도 상승했고 지역에 따라 벚꽃 개화는 평년보다 최대 16일 빨랐다. 역대급 무더위는 우리나라만의 얘기가 아니다. 올해는 엘니뇨 현상으로 지구 평균 기온이 1.5도 이상 상승할 것으로 전망하고 있다. 점점 길어지고 더워지는 여름 다가올 폭염에도 안심할 수 있는 에어컨이 필요하다. 프리미엄뷰신발은 더 많이 들어가고 전기료 부담은 줄였다 온 가족이 함께 쓰는 신발관리기 2023년형 슈드레서초대형 벌룬 페스티벌 인기 캐릭터 전시 온 가족에게 웃음꽃 가득한 시간을 선사합니다1박에 1억원 두바이 초호화 호텔 빛낸 디스플레이 더 월구독 이른 무더위와 폭염에도쾌적한 공간을 선사하는 무풍에어컨전국적으로 개화 시기가 빨라지고 봄철 무더위가 기승을 부리는 등 이상 고온 현상으로 올해 여름은 더 빠르게 찾아올 것으로 예상된다. 봄이 사라진 듯 이른 무더위를 맞이하며 본격적으로 다가올 여름철 폭염에 대한 걱정으로 냉방기기를 찾는 소비자가 늘어나고 있다. 삼성전자는 2023년 한층 강력한 냉방 기능을 갖춘 무풍에어컨 갤러리를 선보였다. 무풍에어컨 갤러리는 하이패스 서큘레이션 냉방으로 역대급 무더위에도 빠르고 강력한 냉방 제공이 가능하다. 하이패스 방식으로 더운 공기를 흡입한 뒤 팬에서 강력한 냉기를 전면으로 뿜어주고 서큘레이터 팬이 멀리까지 보내주면 집 안 구석구석까지 풍성한 냉기를 가득 채울 수 있어 쾌적한 공간을 빠르게 완성한다. 또 2023년형 무풍에어컨 갤러리는 더 풍부해진 3차원3 와이드 무풍으로 장시간 냉방이 필요한 여름에도 차가운 직바람이 피부에 닿을 걱정 없이 쾌적하게 사용할 수 있다. 메탈 패널에 실루엣 공법을 적용해 직전 모델 대비 1500개 많아진 리얼 메탈 무풍홀은 차가운 냉기를 풍성하게 뿜어내며 쾌적한 공간을 오랜 시간 유지할 수 있도록 도와준다. 무더운 여름날에도 하이패스 서큘레이션 냉방으로 빠르게 실내 온도를 낮춘 뒤 직바람 없이 쾌적한 무풍 모드를 사용하면 마치 동굴에 들어온 듯 기분 좋은 시원함을 누릴 수 있다.쾌적한 3 와이드 무풍 전기요금 걱정 없이사용할 수 있는 무풍에어컨무더운 여름을 대비해 에어컨을 장만했지만 전기요금 부담으로 마음 편하게 사용하지 못하는 경우도 있다. 특히 올해는 3월부터 이른 무더위의 시작과 함께 기록적인 폭염이 예상되는 만큼 냉방으로 인한 전력 수요도 늘어날 것으로 전망된다. 이른 무더위에도 한여름 폭염에도 전기요금 걱정 없이 쾌적함을 누리기 위해서는 에너지 절감 기술을 갖춘 에어컨이 필요하다. 무풍에어컨 갤러리는 높은 에너지소비효율 등급과 절전 기능으로 소비자들의 전기요금 부담을 줄여준다. 2023년형 무풍에어컨 갤러리는 전 모델 에너지소비효율 1 2등급을 획득해 안심하고 사용이 가능하다. 특히 올해는 열교환기 전열 면적을 2배 늘리고 더 커진 실외기 팬과 고효율 모터를 적용해 에너지소비효율 1등급 최저 기준보다 소비전력량이 10% 더 적은 에너지 세이빙 모델17936도 출시했다. 무더운 여름철 폭염에도 무풍에어컨 갤러리의 무풍 모드라면 전기요금 걱정 없이 쾌적한 실내 온도를 오랜 시간 유지할 수 있다. 무풍에어컨 갤러리 기준 무풍 모드 사용 시 풍 대비 최대 90%까지 소비전력 절감이 가능해 마음 편하게 쾌적한 공간을 즐길 수 있다. 또 스마트싱스 앱에서 절약모드를 설정하면 상황에 맞게 알아서 에너지를 절감해주어 소비전력을 최대 20%까지 줄일 수 있다. 다양한 에너지 절감 기술 친환경 32 냉매 적용으로지구까지 생각한 무풍에어컨올 3월 기후변화에 관한 정부 간 협의체는 단기 기후 행동의 시급성을 강조한 제6차 평가보고서 종합보고서를 발표했다. 향후 10년 내 적극적으로 탄소배출을 감축하려는 노력을 하지 않을 경우 기후 재앙을 막을 수 있는 선택지가 거의 없다는 전망이다. 해마다 더욱 뜨거워지는 여름과 함께 탄소배출을 줄이려는 노력은 세계적인 추세다. 무풍에어컨은 현재의 더위를 해결하는 것에 그치지 않고 환경에 대한 부담을 덜어주기 위한 노력을 더하고 있다. 무풍에어컨은 2022년 국내 가정용 에어컨 최초로 친환경 32 냉매를 도입했다. 32 냉매는 기존 냉매 대비 지구온난화지수가 낮아 탄소배출량을 절감할 수 있는 기술이다. 삼성전자는 32 냉매 적용 대상을 기존 무풍에어컨 갤러리 클래식 벽걸이 와이드 라인에 이어 2023년에는 무풍에어컨 슬림 라인까지 확대했다. 무풍에어컨 갤러리는 솔라셀 리모컨과 워셔블 필터를 탑재해 일회용 폐기물 배출 제로를 위한 노력도 지속 중이다. 솔라셀 리모컨은 태양광 충전 배터리를 사용해 건전지 폐기물 배출 걱정을 덜어준다. 또 필터와 1.0 필터 항균 구리 극세필터 모두 물로 세척 가능한 워셔블 필터로 반영구적으로 사용 가능하다. 정기적으로 교체할 필요가 없어 폐기물을 줄여주고 필터 교체에 드는 비용까지 아낄 수 있다. 친환경 32 냉매 및 솔라셀 리모컨 116년 만에 찾아온 따뜻한 봄 날씨는 올여름 경험해보지 못한 무더위를 예고하고 있다. 폭염에도 강력하고 쾌적한 냉방은 물론이고 전기요금 부담 없는 에너지 절감 기술에 지속가능한 지구를 위한 노력까지. 역대급 무더위와 함께 찾아올 여름에 대한 해답은 언제나 무풍이다. 무풍 미국 냉공조학회 기준 가 없는 0.15 이하의 바람을 무풍 으로 정의함. 3 와이드 무풍 와이드 무풍 패널에 입체감을 주는 3 프레스 공법을 적용. 친환경 32 냉매 23년형 무풍에어컨 갤러리 클래식 슬림 모델에 32 냉매 적용무풍 시스템에어컨 제외. 친환경 32 냉매는 410 대비 가 67% 낮은 32 냉매를 적용한 당사 가정용 에어컨의 2023년 예상 판매량 기준. 탄소배출량 최대 85만 절감 예상. 솔라셀 리모컨 타입 충전을 한 뒤 사용 가능. 3개월에 한 번 충전을 권장하며 태양광 충전은 배터리를 유지해주는 기능으로 태양광 충전만으로는 사용 불가. 에너지소비효율 23년형 무풍에어컨 갤러리 전 모델 기준 에너지소비효율 1 2등급 획득. 에너지 세이빙 모델 산업통상자원부 효율관리기자재운용규정에서 제시한 에너지소비효율 1등급 충족 최저 기준인 7.0 대비 10% 높은 냉방효율 7.7임. 9306에서 제시한 에어컨 효율 측정 방법 및 계산에 의함. 시험 조건 규격 표준 시험 실내 조건건구온도습구온도 27도19도 실외 조건건구온도습구온도 35도24도 위 조건에서 측정값이 안정되었을 때 에어컨에서 소비되는 전력을 측정 에너지 세이빙 모델은 17936 모델에 한함. 무풍냉방 소비전력 절약 무풍냉방 시 냉방 대비 최대 90 % 소비전력 절약은 자사 실험 결과 실험실 수치로 실환경에 따라 다를 수 있음. 시험 조건규격 실내외 조건 및 측정 방법은 에너지 특화모델 에너지효율 측정 방법과 동일함. 운전 모드 무풍 운전 시 소음 비교. 시험 모델 25934갤러리 절약 모드 를 통해 절약 모드 소비전력 최대 20% 절약 가능하며 자사 시험 결과로 실사용 환경과 다를 수 있음. 시험 조건 35도24도건구온도습구온도 9306 에어컨디셔너 설치 조건 당사 주택환경 실험실 132 시험 방법 인공지능쾌적모드에서 절약모드 켜짐 여부에 따른 소비전력량 비교 시험 모델 당사 25934 절약모드로 누진 단계에 따른 에너지 관리를 위해서는 사용 환경에 따라 스마트미터별도 구매 필요 절약모드는 에서만 지원하며 는 지원 환경 및 사용 방법에 일부 제한이 있음. 자세한 내용은 삼성닷컴 참조.폭염무풍무풍에어컨 좋아요 이미지좋아요슬퍼요 이미지슬퍼요화나요 이미지화나요공유 이미지공유기사추천 이미지기사추천공유하기닫기 동아일보 ."
"2023-05-11", "카카오헬스케어 활용해 위절제술 부작용 줄인다", " 카카오헬스케어가 디지털 치료제 기업 헤링스와 함께 위절제술 후 증후군 해결을 위한 솔루션 개발에 나선다고 10일 발표했다. 양사는 실시간으로 혈당을 확인할 수 있는 연속혈당측정기와 스마트기기 데이터를 활용해 위절제술 후 저혈당 쇼크 어지러움 빈맥 등의 후유증을 겪는 환자들을 위한 솔루션을 개발하기로 했다. 카카오헬스케어는 이번 협업을 위해 헤링스에 전략적 투자를 할 계획이다. 카카오헬스케어는 다양한 변수를 분석해 증상에 미치는 영향을 예측하는 인공지능 분석 기술을 고도화하고 헤링스는 영양 정보와 다양한 임상 결과를 바탕으로 한 알고리즘 개발을 맡는다. 회사는 위암이나 위궤양 등으로 인한 위절제술뿐만 아니라 고도 비만 치료를 위한 위절제술이 늘고 있어 국내를 시작으로 미국 등 글로벌 시장 진출을 추진할 방침이다. 최지원 기자 . 4차 산업혁명 시대 이어 핵융합 눈독5년 안에 전기 공급 받는다 활용해 운전자 상태 확인축구공 보여요 외친 순간 삼성 시각보조기술 빛을 보다구독 카카오헬스케어위절제술 부작용 좋아요 이미지좋아요슬퍼요 이미지슬퍼요화나요 이미지화나요공유 이미지공유기사추천 이미지기사추천공유하기닫기 동아일보 ."
"2023-05-11", "경북도 첨단과학기술 적용한 농업 대전환 프로젝트 속도낸다", "대규모 농지에 지능형 농장 접목생산성 향상 비용 감축 효과 기대안동시에 사과 스마트팜 시범 조성자동화 시설 갖춰 노동시간 감소9일 경북 안동시 임하면 오대리에서 진행된 사과 스마트팜 공개 행사에서 이철우 경북도지사가운데를 비롯한 관계자들이 자율주행형 인공지능 카메라를 살펴보고 있다. 자율주행형 카메라는 스마트팜 내부를 자유롭게 돌아다니면서 사과나무의 병충해 피해 상황과 과실 상태 정보를 수합해 농장주에게 알려준다. 경북도 제공경북도가 핵심 과제인 농업 대전환 프로젝트 추진에 속도를 내고 있다. 민선 8기 역점 사업인 농업 대전환 프로젝트는 영세 농민을 모아 대규모 농지를 만들고 여기에 최첨단 스마트팜지능형 농장을 접목해 생산성을 크게 높이는 게 목표다. 생산량이 증가함에 따라 비용 감축 효과를 거둘 수 있는 규모의 경제 생태계를 구축해 침체된 농촌에 활력을 불어넣을 것으로 기대하고 있다. 경북도는 농업 대전환 프로젝트의 성과를 높이기 위해 지난해 9월 세계 최고 스마트팜 기술 보유국인 네덜란드를 방문했다. 당시 스마트팜 관련 교육기관인 세계원예센터와 업무협약을 맺고 농업 기술 강화를 위해 긴밀한 관계를 유지하고 있다. 도는 최근 안동시 임하면 오대리 예향농원에 시범 조성한 사과 스마트팜을 통해 프로젝트를 본격화하고 있다. 전국에서 처음으로 조성한 사과 스마트팜은 그동안 시설 원예를 중심으로 적용해 온 스마트팜을 사과 같은 노지 작물로 확대했다는 점에서 의미가 크다. 사과 농사는 농지 면적이 넓고 노동력이 많이 필요한 품목이라 스마트팜을 접목하기 어렵다는 평가가 많았다. 그럼에도 경북도가 사과 스마트팜을 구축한 것은 농촌 인구 감소와 고령화 기후 변화 등으로 겪고 있는 사과 산업의 위기를 극복하기 위해서다. 면적 1만 규모의 사과 스마트팜에서는 정보통신과 과학기술을 접목한 최고 수준의 농업 기술을 엿볼 수 있다. 관수관비 자동화 시설을 비롯해 인공 안개 생성 시설인 에어포그와 미세살수 시설 자동 방조망 등을 갖추고 있다. 여기에 더해 무인 해충 발생 감시 시스템인 정보기술 페로몬 트랩과 병해충 감염 여부 및 과실 상태 등 생육 정보를 실시간으로 확인해주는 인공지능 카메라도 갖췄다. 도는 사과 스마트팜이 효율적인 성과를 낼 것으로 기대하고 있다. 경북도에 따르면 잠정 성과를 분석한 결과 생산성과 상품화율은 각 25% 10% 증가하고 노동 시간과 병충해 피해는 50% 이상 감소할 것으로 나타났다. 권오현 경북도 친환경농업과장은 앞으로 경북농민사관학교와 한국미래농업연구원을 통해 사과 농가 교육 및 스마트팜 전환 컨설팅을 실시할 예정이라며 정보통신기술 융복합 시설장비 설치와 정보시스템 구축도 지원할 방침이라고 설명했다. 경북도는 사과 스마트팜 운영을 시작으로 스마트팜 적용 작물을 확대해 나갈 계획이다. 현재 의성군 사곡면과 봉양면 분토리에서 마늘 스마트팜 시범단지를 조성하고 있다. 약 82만 에 이르는 방대한 규모로 2025년까지 조성 완료하겠다는 계획이다. 마늘 생산부터 유통에 이르기까지 전 과정에 과학기술을 도입한다는 목표를 세웠다. 이철우 경북도지사는 노동 집약적 형태의 전통 농업으로는 더 이상 효율성을 보장할 수 없다. 4차 산업혁명 시대에 맞게 첨단 과학기술을 바탕으로 농업 경쟁력을 끌어올려야 한다며 빠른 시일 내 스마트팜 기술이 농가에 보급될 수 있도록 실속형 보급형 모델을 개발할 계획이라고 말했다.명민준 기자 86. 첨단과학기술농업 대전화 프로젝트지능형 농장 명민준 기자동아일보 대구경북취재본부86.대구경북의 어제와 오늘 그리고 내일을 알려 드립니다.대구시 진로탐색학교 길 참가자 17일까지 모집버스 빗길 미끄러져 2명 중상 광주 2800가구 정전구독 좋아요 이미지좋아요슬퍼요 이미지슬퍼요화나요 이미지화나요공유 이미지공유기사추천 이미지기사추천공유하기닫기 동아일보 ."
"2023-05-10", "로 학폭 감지해 신고 사생활 침해유출 우려", "교육부 스마트 안전시스템 개발교내 범죄사고 사전 차단 나서데이터 유출 가능성 배제못해적용 방법 두고 의견 분분할듯교육부가 학교 안에서 일어나는 학교폭력 범죄 안전사고 등을 막기 위해 인공지능 및 사물인터넷 등을 활용한 안전관리 시스템을 구축하겠다고 9일 발표했다. 초중고교에 지능형 폐쇄회로 등을 달아 학폭이나 외부인 출입을 감시하고 불미스러운 상황을 사전에 차단하겠다는 취지다. 하지만 학생 교사 등의 일거수일투족이 데이터로 수집될 수밖에 없기 때문에 인권 및 사생활 침해 현행법 위반 우려가 불거지고 있다. 학생과 교사 등 구성원이 교육적 윤리적으로 풀어야 할 갈등과 문제를 기계에 떠넘기는 것 아니냐는 지적도 나온다. 교내에 전과 조회 시스템 추진이날 교육부는 올해부터 과학기술정보통신부 산하 한국지능정보사회진흥원과 함께 학교복합시설 스마트 안전관리 시스템 개발을 추진한다고 밝혔다. 내년까지 시스템을 개발해 2025년 학교복합시설부터 시범 도입할 예정이다. 수영장 도서관 등 주민 편의시설이 있는 학교복합시설에서 학생이 범죄에 노출될 수 있다는 우려가 있었기 때문이다. 시스템이 도입되면 학교 곳곳에 설치된 지능형 가 각종 위험 상황을 실시간으로 감지한다. 교내 화장실에서 구타 욕설 등 학폭이 발생하면 음성 감지 센서가 이를 감지해 학교 보안담당자나 학교전담경찰관에게 알린다. 이 시스템은 학생의 활동 영상 데이터를 축적해 낙상 사고 미끄럼 사고 등이 일어날 수 있는 구조물과 위치를 파악하고 이를 토대로 예방 조치를 취할 수도 있다. 안면 무선인식 기술을 활용하면 학생의 등교 여부 등교 시간을 학부모에게 전송하는 것도 가능하다. 교육부는 앞으로 학교 공간을 활용한 학교복합시설이 확대되면서 안전 사고가 증가할 상황에 대비하기 위해 이번 시스템을 추진했다. 외부인이 돌봄교실 등 접근이 금지된 곳으로 이동하는 것을 시스템으로 차단할 수도 있다. 또 학교 보안관이 교문에서 방문객의 신분증을 시스템에 조회해 성범죄 이력이 있는지 확인한 뒤 출입증을 발급하고 교내 안전 시스템으로 해당 인물의 동선을 실시간으로 파악할 수도 있다. 위법윤리성 우려 제기 학교 의견 들어야일각에서는 이 시스템이 인권 사생활 개인의 자유를 침해할 수 있다는 우려도 제기된다. 우선 학교에서 근무하지도 않는 단순 방문객의 범죄 이력을 학교가 조회하는 것은 현행법상 불가능하다. 학폭 문제는 교사와 학생의 역할 인식 개선 교육이 중요한데 과연 이를 첨단 감시기술에 의존해 해결하려는 것이 교육적으로 바람직하냐는 지적도 나온다. 관련 데이터가 유출될 수도 있다. 학내 설치도 찬반 의견이 팽팽하다. 범죄 예방 효과가 있다는 의견이 있는 반면에 인권 침해를 우려하는 목소리도 높다. 교육부가 도입하려는 스마트 시스템이 음성을 인식하는 것도 현행법 위반 소지가 있다. 개인정보보호법에서 영상정보처리기기의 녹음 기능 사용을 금지하고 있기 때문이다. 자칫하면 도청 우려가 일 수도 있다. 심각한 초중고 학교 폭력태안 여중생 학교폭력 영상 온라인 확산 경찰 수사 착수고2 학폭 가해자 5개 학교장 추천 지원 못한다고2 대입부터 147개 대학 학폭 반영21개교는 정시도구독 정하경 전 개인정보보호위원장은 정부가 안전한 학교를 위해 개인정보를 더 취득하겠다면 법 제도 개선이 우선돼야 한다. 교사 학생의 의견을 경청할 필요가 있다고 말했다.박성민 기자 .이소정 기자 .교육부학교폭력학폭스마트 안전시스템 박성민 기자동아일보 정책사회부.정책사회부에서 환경 분야를 취재합니다. 원인의 원인의 원인이 뭘까 고민합니다.학교 관둘까 교사 87% 사직 고민고려대 개교 118주년 기념행사 세상에 없어선 안될 대학으로구독 이소정 기자동아일보 사회부.안녕하세요. 이소정 기자입니다.우여곡절 끝에 확정된 서울의 세 번째 슬로건 메트로 돋보기전동 킥보드 안전교육 받고 타세요구독 좋아요 이미지좋아요슬퍼요 이미지슬퍼요화나요 이미지화나요공유 이미지공유기사추천 이미지기사추천공유하기닫기 동아일보 ."
"2023-05-10", "하이브리드 범죄 대응 메워야 할 틈이 많다동아시론김기범", "보이스피싱 마약 등 접목된 신종 범죄 기승첨단기술 더한 조직범죄로 예방검거 어려워기관별 협업 기반 마련하고 가중처벌 필요김기범 성균관대 과학수사학과 교수최근 보이스피싱 트렌드에 또 하나의 큰 변화가 일어났다. 학생들에게 마약 음료를 시음하게 하고 경품을 미끼로 부모의 전화번호를 알아낸 후 억대의 금품을 뜯어내려 한 것이다. 텔레그램으로 중국의 공범과 연락하고 해외 번호를 국내 번호로 바꿔주는 심박스 도 사용했다. 보이스피싱과 마약범죄가 결합한 하이브리드 범죄가 등장한 것이다. 물론 범죄 형태들의 결합이 새로운 일은 아니다. 협박공갈은 가상자산이 등장하자 데이터에 암호를 설정하는 정보 범죄와 결합해 랜섬웨어를 만들어냈다. 번방 사건은 현실 공간의 성범죄와 불법 촬영물 유포라는 디지털 성범죄가 결합한 것이다. 도박사이트는 음란불법저작물 사이트와 결합하고 있다. 범죄 시장이 점점 확장되고 성공 가능성을 높여 수익을 극대화하는 추세다. 하이브리드 범죄에는 몇 가지 특징이 있다. 첫째 이질적인 범죄 간의 결합이다. 현실 공간의 범죄와 사이버 공간의 범죄를 교묘하게 연결한다. 범행 방법이 일반의 상상을 뛰어넘기 때문에 누구나 쉽게 당한다. 둘째 범죄의 조직화전문화다. 조직의 우두머리를 검거하지 못하면 근절하기 어렵다. 셋째 첨단기술의 적극적인 활용이다. 엔지니어를 고용해 랜섬웨어와 심박스를 설계하고 텔레그램 가상자산 암호통신을 활용해 수사 당국의 추적을 무력화한다. 넷째 초국가적 범죄다. 여러 국가에 분산돼 활동하고 조직원도 글로벌하게 모집해 단속이 쉽지 않다. 국제공조의 빈틈을 이용해 검거를 피하고 있다. 하이브리드 범죄는 예측 자체가 어렵고 대책도 빨리 나올 수 없다. 중요한 1개의 죄명만을 코드화하는 현재의 범죄 통계로는 실태 파악도 어렵다. 현재 범죄유형별로 수사조직이 만들어져 적시에 대응하기도 곤란하다. 수사관들이 첨단기술을 학습해야 하는 어려움도 크다. 압수수색과 감청만으로는 암호통신 가상자산 텔레그램을 이용한 범죄를 추적할 수 없다. 정부가 손을 놓고 있는 것은 아니다. 보이스피싱과 랜섬웨어에 대한 종합대책을 수립했다. 아동청소년성착취물에 대해 위장수사를 할 수 있도록 근거를 마련했다. 가상자산 사업자에게 자금세탁 방지 의무를 부과하도록 법률도 개정했다. 대통령은 마약음료 사건이 발생하자 수사역량을 총동원하라고 지시했고 범정부 마약범죄 특별수사본부가 840명 규모로 만들어졌다. 하지만 여전히 메워야 할 틈이 있다. 먼저 관련 부처 간 거버넌스를 강화해야 한다. 다수의 행정 부처와 수사기관이 함께 대응해야 한다. 각 기관의 역할을 명확히 하고 협업 기반을 마련해야 한다. 하이브리드 범죄가 노린 법제와 기술의 취약점을 정비해야 한다. 특수수사본부는 단기 처방에 그칠 수 있다. 동아시론제2의 김포골드라인 사태 막으려면국민연금 약속대로 국민에게 지급되려면전기차가 한국 산업의 미래를 이끌게 하려면구독 하이브리드 범죄에 대한 실태조사가 시급하다. 범죄 통계 산출방식도 개선해야 한다. 가중처벌하는 새로운 죄명을 만드는 것도 방법이다. 폭행과 상해죄를 강간죄로 규정하듯이 보이스피싱도 전기통신금융사기로 새롭게 정의해 강하게 처벌하고 있다. 랜섬웨어도 협박공갈과 악성 프로그램 유포로 처벌하는 대신 단일 죄명을 만들어 가중처벌하는 것이 필요하다. 법 집행기관 종사자의 교육은 두말할 필요가 없다. 무엇보다 정보통신 정보보호 인공지능 디지털포렌식 등 공학 교육이 시급하다. 행정학과 법학 지식만으로 하이브리드 범죄에 적절히 대응할 수 없다. 수사관이 스마트폰의 패스워드나 가상자산의 원리를 이해하지 못하면 현장에서 증거를 확보하지 못한다. 수사기관이 암호통신 가상자산 악성코드를 추적하고 안티포렌식에 대응할 수 있도록 기술을 지원하는 연구기관도 필요하다. 기존의 연구기관들은 정보통신과 정보보호에 방점을 두고 있어 수사기관에서 필요로 하는 연구가 제대로 이루어지지 않는다. 마지막으로 국제공조 수사역량을 제고해야 한다. 유엔마약범죄사무소 등 국제기구에 전문가 파견을 확대하고 국제협력을 한층 강화해야 한다. 국제기구에 하이브리드 범죄 대응을 위한 프로젝트 펀딩도 확대해야 한다. 우리나라가 피해를 당한 사건뿐만 아니라 국제사회에 위협이 되는 사건 수사에도 적극적으로 참여해 책임 있는 역할을 해야 한다. 하이브리드 범죄는 내일의 첨단기술과 결합해 더욱 빠르게 진화할 것이다. 특정 개인의 노력과 역량만으로는 예측하고 대응할 수 없다. 정부 차원의 역량을 총동원해 해결책을 찾아야 사회구성원을 보호하고 공동체를 유지할 수 있을 것이다. 헌법 전문처럼 국가가 우리들과 우리들의 자손의 안전과 자유와 행복을 영원히 확보할 것을 다짐하고 실천하기를 소망한다. 김기범 성균관대 과학수사학과 교수신종 범죄 기승가중처벌 필요 좋아요 이미지좋아요슬퍼요 이미지슬퍼요화나요 이미지화나요공유 이미지공유기사추천 이미지기사추천공유하기닫기 동아일보 ."
"2023-05-10", "고령사회 더 치열해진 노인 일자리 경쟁 초저임금 근로자 절반이 60세이상", "초저임금 고령 비율 5년새 10%노인들 위한 양질의 일자리 적어남은 저임금단순직에 더 몰릴 것김정수가명68 씨는 4년 전 국내의 한 외국계 회사에서 정년퇴직했다. 명문대 출신으로 남부럽지 않은 연봉을 받았지만 은퇴 이후의 처지는 동년배 친구들과 다를 게 없었다. 골프도 치고 취미도 즐기는 여유로운 노후는 꿈에 불과했다. 월 200만 원에 못 미치는 노령연금은 부부 생활비를 대기에도 빠듯했다. 퇴직금으로 버티던 김 씨는 최근 일자리를 알아보기 시작했다. 하지만 들어오는 일자리라고는 신용카드 배달원 음식점 발레파킹대리주차 같은 아르바이트성 일자리뿐이었다. 김 씨는 카드 한 장 배달하면 1500원 월 40만50만 원 정도 번다며 최저임금올해 시급 9620원이라도 받는 안정적인 일자리를 찾고 싶지만 젊은이만 선호하더라라고 말했다. 크게보기김 씨처럼 능력 의지와 관계없이 저임금 일자리로 내몰리는 고령자가 늘고 있다. 9일 동아일보는 최저임금위원회와 한국경영자총협회가 산출한 최근 5년간20172022년 최저임금 미만 급여 근로자 자료를 분석했다. 그 결과 지난해 최저임금당시 시급 9160원보다 적은 급여를 받은 근로자 275만6000명 중 45.5%125만5000명가 60세 이상이었다. 최저임금보다 낮은 초저임금 급여를 받는 근로자 2명 중 1명이 고령자라는 뜻이다. 이 비율은 2017년 35.6%였는데 2018년 32.5%로 다소 줄었다가 이후 꾸준히 올랐다. 경제활동이 가능한 인구 중 60세 이상 고령층이 30% 정도임을 감안하면 초저임금을 받는 고령자가 빠르게 늘고 있고 저임금 일자리도 여전히 많다는 것이다. 고령자는 젊은층에 비해 상대적으로 노동생산성이 떨어지기 때문에 저임금으로 갈수록 고령층 비율이 높은 것은 이례적인 현상이 아니다. 하지만 전문가들은 그 비율이 가파르게 늘고 노인 일자리 경쟁이 치열해지고 있는 점에 주목한다. 박지순 고려대 법학전문대학원 교수는 고령인구를 위한 양질의 일자리는 적고 모두가 도전할 수 있는 괜찮은 일자리는 청년으로 먼저 채워진다며 남은 저임금 단순단기직으로 고령자가 더욱 몰릴 것이라고 말했다. 노인빈곤율 1위 건당 1500원 배달이라도 해야 생계 유지 저출산 고령화서울 대형 전광판에 생명부부탄생 축하 영상 뜬다고용보험 가입 60세 이상만 두자릿수 증가은행권 만 60세 이상 이체수수료 사라지나구독 초저임금 절반이 고령자퇴직금연금만으론 버티기 힘들어일 안할수 없어 노인고용률도 1위불황 속 일자리 상황 더 나빠질 것 고령층 위한 구직 지원 강화해야 미래 산업 구조가 인공지능 첨단산업 등으로 가면 고령자 취업의 기회는 더욱 상실될 것이다. 홍기용 인천대 경영학부 교수는 9일 고령 근로자가 처한 현실을 지적하며 이렇게 말했다. 홍 교수는 젊은이들도 업종에 따라 적응이 어렵다며 하물며 첨단산업 경험이나 학습이 부족한 고령층은 더 많은 어려움을 겪을 수밖에 없다고 말했다. 노인빈곤율 1위 단기 근로 내몰려 노인들의 저임금 일자리가 특히 한국에서 문제인 이유는 한국 고령층의 특수한 상황 때문이다. 한국은 연금의 사회 보장성이 낮아 노인들이 늦은 나이까지 일을 할 수밖에 없다. 1월 기준 국민연금 가입자의 월평균 수령액은 약 61만 원. 최상위 수급자들의 수급액도 200만 원 전후다. 생애 평균소득에서 연금 수령액의 비율을 뜻하는 소득대체율은 40% 가입자들의 실제 소득대체율을 뜻하는 실질 소득대체율은 20%대에 불과하다. 정년과 연금 수급 개시까지 공백 기간소득 크레바스도 존재한다. 법정 정년은 60세인 반면 연금 개시 연령은 2023년 현재 63세이고 2033년까지 65세로 상향될 예정이다. 65세 이상 고령자에게 추가 지원금을 주는 기초연금이 있지만 부족한 소득을 뒷받침하기는 역부족이다. 이러다 보니 고령이 되면 상대적 빈곤층으로 전락한다. 한국의 노인 빈곤율은 세계 최고 수준이다. 2021년 경제협력개발기구 회원국 노인 빈곤율 조사에 따르면 이웃 나라 일본의 노인 빈곤율은 20.0% 호주 23.7% 미국 23.1% 프랑스는 4.4%였다. 같은 조사에서 한국은 43.4%로 회원국 중 1위를 기록했다. 노인들이 오랫동안 노동시장에 머물며 생계를 위해 일을 할 수밖에 없는 이유다. 한국의 65세 이상 고용률 역시 2021년 기준 34.9%로 1위다. 평균15.0%의 2배 이상이다. 베이비붐 세대 고령 인구가 급증하면서 고용률은 더 높아질 가능성이 크다. 노사발전재단 중장년내일센터 관계자는 재취업 수업을 수강하고자 하는 분들은 물론이고 1 대 1 컨설팅을 요청하는 고령층까지 꾸준히 늘고 있다고 전했다. 현재 노인 일자리는 단기단순노무직에 치우쳐 있다. 고용노동부에 따르면 지난해 55세 이상 취업인구 중 37.1%는 비임금 근로자 27.8%는 임시일용직이었다. 반면 55세 미만 중 비임금 근로자는 17.1% 임시일용직은 17.4%에 불과했다. 이상호 전국경제인연합회 경제조사팀장은 한국의 고령층은 건물 청소나 아파트 경비 등 단순 노무 단순 기계조작 음식점 종업원이나 전단 배부 등 서비스 판매 노동에 다수 종사한다며 한번 일자리를 잃으면 재취업이 사실상 불가능한 경우도 많다고 말했다. 전문가들 더 나빠질 것 구직 지원 강화해야문제는 앞으로 상황이 더 나빠질 수 있다는 점이다. 통계청에 따르면 지난해 직원 없이 혼자 사업체를 운영하는 나 홀로 사장이 426만7000명으로 2008년 이래 최다를 기록했다. 인건비 부담에 고용을 줄인다는 뜻이다. 이지만 연세대 경영학과 교수는 인건비 부담이 커지면 가장 먼저 타격을 입는 것은 고령층 같은 근로 최취약계층이라고 말했다. 서울에서 편의점을 운영하는 씨는 고령층보다는 젊은 알바생을 선호한다며 인건비를 절감할 때는 고령 인력부터 정리하는 분위기라고 전했다. 최현수 한국보건사회연구원 연구위원은 고령층이 다양한 일자리를 찾을 수 있도록 구직 지원 강화 구직 플랫폼 구성 등을 고민해야 한다고 조언했다. 하준경 한양대 경제학부 교수는 우리나라 노후 대비는 너무 부동산에 의존하는 측면이 있다. 현금 흐름이 잘 나오는 노후 대비가 필요한데 그런 점에서 양질의 일자리 양성이 더 필요하다고 설명했다. 이미지 기자 .세종최혜령 기자 .홍석호 기자 .고령화초저임금노인일자리취업 이미지 기자동아일보 정책사회부.아이 넷 다자녀 엄마 기자입니다. 환경 보건 복지 이슈를 취재합니다노조 국고보조금 35억8억으로 77% 줄어제주 이틀새 882 폭우 강수량 3분의 2구독 최혜령 기자동아일보 경제부.세금 예산 경제정책 전반에 대한 기사를 씁니다.먹튀 쇼핑몰 오픈마켓서 검색 중단한다정부 자율규제안 발표회장 아들 영화사 0원 주식을 주당 5만원에 매입했다구독 홍석호 기자동아일보 산업1부.2015년 신문 기자가 돼 사회 경제 산업 분야를 취재했습니다. 2020년 6월부터 재계를 출입하며 기업의 고민 전략 등에 대한 기사를 쓰고 있습니다.초산 자연분만 국내 첫 네 쌍둥이 탄생일렉트릭 그룹과 마이크로그리드 구독 좋아요 이미지좋아요슬퍼요 이미지슬퍼요화나요 이미지화나요공유 이미지공유기사추천 이미지기사추천공유하기닫기관련기사고용보험 가입 60세 이상만 두자릿수 증가 동아일보 ."
"2023-05-10", "유플러스 숭실대에 채용 연계형 정보보호학과", "첫 계약학과 내년부터 20명 선발유플러스는 9일 채용 연계형 계약학과인 정보보호학과를 숭실대에 신설한다고 밝혔다. 전날 서울동작구 숭실대에서 열린 협약식엔 황현식 유플러스 대표오른쪽와 장범식 숭실대 총장이 참석했다.유플러스 제공유플러스는 9일 숭실대에 채용 연계형 계약학과인 정보보호학과를 신설한다고 밝혔다. 유플러스가 계약학과를 만든 것은 이번이 처음이다. 유플러스와 숭실대는 전날 정보보호학과 신설을 위한 협약식을 체결했다. 이번 협약에 따라 숭실대는 2024학년도부터 매년 신입생 20명을 선발해 사이버 보안 분야 전문 인재로 육성할 예정이다. 지난달 교육부에 학과 신설 신고 절차도 마무리했다. 숭실대 정보보호학과에선 모바일 데이터 인공지능 등 사이버 보안 영역 전반에 걸친 이론 실습 교육을 진행한다. 유플러스는 숭실대 정보보호학과 입학생 전원에게 2년간 전액 등록금과 생활지원금을 지원한다. 3학년부터는 별도의 전형을 거쳐 산학 장학생을 선발해 졸업 때까지 등록금을 추가 지원하고 유플러스에 입사할 수 있는 기회도 제공하기로 했다. 지민구 기자 .유플러스숭실대정보보호학과채용 연계 지민구 기자동아일보 산업1부.신문 읽기가 취미인 신문 기자입니다. 2012년부터 기자로 활동해 정치 경제 사회 산업 분야의 다양한 사람과 사건을 둘러싼 이야기를 기록해왔습니다.한국인 74% 일 줄이려 활용 57% 일자리 뺏길까 두려워 9900원 유튜브편의점 할인 상품 출시구독 좋아요 이미지좋아요슬퍼요 이미지슬퍼요화나요 이미지화나요공유 이미지공유기사추천 이미지기사추천공유하기닫기 동아일보 ."
"2023-05-10", "클라우드 광주에 연구 센터", " 클라우드는 9일 광주에 연구개발센터를 열었다고 밝혔다. 클라우드가 지역 거점 클라우드 생태계를 조성하기 위해 구축한 광주 센터에선 국산 인공지능 반도체와 기술을 활용한 의료 영상 분석 서비스 개발 등을 중점적으로 추진한다. 게임 핀테크기술 금융 등 계열사의 업무도 일부 담당한다. 광주 센터에선 60여 명이 근무를 시작했다. 클라우드는 광주 센터의 인력 규모를 180명 수준까지 확대할 계획이다. 클라우드는 광주시가 추진하는 산업 융합 집적단지 조성 사업에도 참여해 올해 하반기712월 완공을 목표로 세계 10위권 규모의 국가 데이터센터를 짓고 있다. 지민구 기자 .클라우드광주 지민구 기자동아일보 산업1부.신문 읽기가 취미인 신문 기자입니다. 2012년부터 기자로 활동해 정치 경제 사회 산업 분야의 다양한 사람과 사건을 둘러싼 이야기를 기록해왔습니다.한국인 74% 일 줄이려 활용 57% 일자리 뺏길까 두려워 9900원 유튜브편의점 할인 상품 출시구독 좋아요 이미지좋아요슬퍼요 이미지슬퍼요화나요 이미지화나요공유 이미지공유기사추천 이미지기사추천공유하기닫기 동아일보 ."
"2023-05-10", "정부 6반도체 설계 원천기술 확보 총력전", "과기부 초격차 전략 후속조치삼성 참여 민관협의체 출범 정부가 반도체 분야의 초격차 기술 확보를 위해 인공지능과 차량용 반도체 설계 원천 기술 개발 등을 추진하기로 했다. 삼성전자 하이닉스 등 반도체 업체가 참여하는 민관 협의체를 꾸려 정부 정책에 반영할 방침이다. 과학기술정보통신부는 9일 이 같은 내용의 반도체 미래기술 로드맵을 발표했다. 정부가 반도체 분야의 미래 핵심기술을 선정하고 구체적인 기술개발 로드맵을 제시한 것은 이번이 처음이다. 이종호 과기정통부 장관은 글로벌 기술 경쟁에 대응하기 위해서는 국내 반도체 초격차 기술 확보가 중요하다며 반도체 미래기술 로드맵을 통해 전략적인 연구개발 투자를 추진할 것이라고 했다. 반도체 미래기술 로드맵은 소자 설계 공정 등 3개 분야 총 45개 기술로 구성돼 있다. 신소자 메모리 및 차세대 소자10개 인공지능 6세대6 이동통신 전력 차량용 반도체 설계 원천기술24개 초미세화 및 첨단 패키징을 위한 공정 원천기술11개 등이다. 반도체 미래기술 로드맵은 앞서 4월 과기정통부가 발표한 3대 주력기술반도체디스플레이차세대전지 초격차 전략의 후속 조치다. 초격차 전략에 따르면 정부는 2027년까지 3대 주력기술에 총 160조 원의 민관 자금을 투자할 계획이다. 이 중 정부의 투자금은 약 4조5000억 원 규모다. 이날 반도체 미래기술 민관 협의체도 출범했다. 민관 협의체는 정부 학계 연구계의 대표 기관과 삼성전자 하이닉스 등 산업계를 대표하는 기업으로 구성돼 있다. 협의체는 향후 정부의 정책 및 사업에 민간의 수요와 의견을 전달하는 역할을 맡을 예정이다.최지원 기자 .과학기술정보통신부과기부초격차 전략6반도체 좋아요 이미지좋아요슬퍼요 이미지슬퍼요화나요 이미지화나요공유 이미지공유기사추천 이미지기사추천공유하기닫기 동아일보 ."
