이름,병원주소,병원종류,영업시간,전화번호
더착한치과의원,부산 강서구 명지오션시티4로 59,치과,"금
09:30 - 18:30
12:30 - 14:00 휴게시간
17:30 접수마감
토
09:00 - 14:00
13:00 접수마감
일
정기휴무 (매주 일요일)
월(6/5)
휴무
화(6/6)
현충일 휴무
수
09:30 - 20:30
12:30 - 14:00 휴게시간
19:30 접수마감
목
09:30 - 18:30
12:30 - 14:00 휴게시간
17:30 접수마감",051-203-2875
금빛한의원 부산점,부산 강서구 명지국제8로 257 3층,한의원,"금
10:00 - 20:00
13:00 - 14:00 휴게시간
토
10:00 - 14:00
일
10:00 - 14:00
월
10:00 - 20:00
13:00 - 14:00 휴게시간
화(6/6)
현충일10:00 - 14:00
수
10:00 - 20:00
13:00 - 14:00 휴게시간
목
10:00 - 20:00
13:00 - 14:00 휴게시간
접기",0507-1310-7510
푸르미소아청소년과의원,부산 강서구 명지국제8로 257 티에스스퀘어 502호,소아청소년과,"금
08:30 - 19:00
12:30 - 14:00 휴게시간
토
08:30 - 15:00
일
09:00 - 14:00
월
08:30 - 19:00
12:30 - 14:00 휴게시간
화(6/6)
현충일09:00 - 14:00
수
08:30 - 19:00
12:30 - 14:00 휴게시간
목
08:30 - 19:00
12:30 - 14:00 휴게시간",051-204-0012
365텐텐이비인후과의원,부산 강서구 명지국제8로 233 더스퀘어 3층 301호,이비인후과,"금
10:00 - 22:00
13:00 - 14:00 휴게시간
18:00 - 19:00 휴게시간
토
10:00 - 22:00
13:00 - 14:00 휴게시간
18:00 - 19:00 휴게시간
일
10:00 - 22:00
13:00 - 14:00 휴게시간
18:00 - 19:00 휴게시간
월
10:00 - 22:00
13:00 - 14:00 휴게시간
18:00 - 19:00 휴게시간
화
10:00 - 22:00
13:00 - 14:00 휴게시간
18:00 - 19:00 휴게시간
수
10:00 - 22:00
13:00 - 14:00 휴게시간
18:00 - 19:00 휴게시간
목
10:00 - 22:00
13:00 - 14:00 휴게시간
18:00 - 19:00 휴게시간
접기",051-292-0365
오션키즈연합소아청소년과의원,"부산 강서구 명지오션시티11로 74 303호, 304호",소아청소년과,"금
09:00 - 20:00
13:00 - 14:00 휴게시간
토
08:00 - 13:00
일
정기휴무 (매주 일요일)
월
09:00 - 20:00
13:00 - 14:00 휴게시간
화(6/6)
현충일08:00 - 13:00
수
09:00 - 20:00
13:00 - 14:00 휴게시간
목
09:00 - 20:00
13:00 - 14:00 휴게시간
접기",051-292-8575
365하하병원,부산 강서구 명지오션시티4로 88,정형외과,"금
09:00 - 19:00
12:30 - 13:30 휴게시간
토
09:00 - 15:00
12:30 - 13:30 휴게시간
일
09:00 - 16:00
12:30 - 13:30 휴게시간
월
09:00 - 19:00
12:30 - 13:30 휴게시간
화
09:00 - 19:00
12:30 - 13:30 휴게시간
수
09:00 - 19:00
12:30 - 13:30 휴게시간
목
09:00 - 19:00
12:30 - 13:30 휴게시간",051-710-8899
고운세상피부과의원 서부산점,부산 강서구 명지국제5로 42 3층,피부과,"금
09:30 - 20:00
12:30 - 14:00 휴게시간
토
09:30 - 14:00
일
정기휴무 (매주 일요일)
월
09:30 - 18:30
12:30 - 14:00 휴게시간
화(6/6)
현충일 휴무
수
09:30 - 20:00
12:30 - 14:00 휴게시간
목
09:30 - 18:30
12:30 - 14:00 휴게시간",051-715-2216
명지내과의원,부산 강서구 명지국제2로 29,내과,"금
08:30 - 19:00
13:00 - 14:00 휴게시간
토
08:30 - 13:00
일
08:30 - 13:00
월
08:30 - 19:00
13:00 - 14:00 휴게시간
화
08:30 - 19:00
13:00 - 14:00 휴게시간
수
08:30 - 19:00
13:00 - 14:00 휴게시간
목
08:30 - 19:00
13:00 - 14:00 휴게시간",051-271-7533
정이비인후과의원,부산 강서구 명지오션시티11로 66,이비인후과,"금
09:00 - 19:00
13:00 - 14:00 휴게시간
토
09:00 - 14:00
일
정기휴무 (매주 일요일)
월(6/5)
휴무
화(6/6)
현충일 휴무
수
09:00 - 19:00
13:00 - 14:00 휴게시간
목
09:00 - 19:00
13:00 - 14:00 휴게시간",0507-1422-7570
갑을녹산병원,부산 강서구 녹산산단321로 24-8,"병원,의원","금
08:30 - 17:30
12:30 - 13:30 휴게시간
토
08:30 - 12:30
일
정기휴무 (매주 일요일)
월
08:30 - 17:30
12:30 - 13:30 휴게시간
화
08:30 - 17:30
12:30 - 13:30 휴게시간
수
08:30 - 17:30
12:30 - 13:30 휴게시간
목
08:30 - 17:30
12:30 - 13:30 휴게시간",051-974-8300
위앤대우리큰내과의원,부산 강서구 명지오션시티11로 66,내과,"금
09:00 - 19:00
토
09:00 - 14:00
일
정기휴무 (매주 일요일)
월
09:00 - 19:00
13:00 - 14:00 휴게시간
화(6/6)
현충일 휴무
수
09:00 - 14:00
목
09:00 - 19:00",051-253-7553
명지맑은피부과의원,부산 강서구 명지국제8로 229 아이메디컬빌딩 5층 명지맑은피부과,피부과,"금
09:30 - 18:30
12:30 - 13:30 휴게시간
토
09:00 - 13:30
일
정기휴무 (매주 일요일)
월
09:30 - 18:30
12:30 - 13:30 휴게시간
화(6/6)
현충일 휴무
수(6/7)
09:30 - 18:30
12:30 - 13:30 휴게시간
목
09:30 - 18:30
12:30 - 13:30 휴게시간",0507-1304-5873
대한산업보건협회남부산의원,부산 강서구 명지오션시티9로 21,"병원,의원","금
08:30 - 16:00
12:00 - 13:00 휴게시간
토
정기휴무 (매주 토요일)
일
정기휴무 (매주 일요일)
월
08:30 - 16:00
12:00 - 13:00 휴게시간
화(6/6)
현충일 휴무
수
08:30 - 16:00
12:00 - 13:00 휴게시간
목
08:30 - 16:00
12:00 - 13:00 휴게시간",051-710-6888
큰나무정형외과의원,부산 강서구 명지오션시티4로 75 서린프라자 4층,정형외과,"금
09:30 - 18:00
12:30 - 14:00 휴게시간
토
09:00 - 13:00
일
정기휴무 (매주 일요일)
월
09:30 - 19:00
12:30 - 14:00 휴게시간
화(6/6)
현충일 휴무
수
09:30 - 18:00
12:30 - 14:00 휴게시간
목
09:30 - 19:00
12:30 - 14:00 휴게시간",051-202-3136
맑은샘이비인후과,부산 강서구 명지국제8로 230 산양타워 5층 503호,이비인후과,"금
09:00 - 18:00
13:00 - 14:00 휴게시간
토
09:00 - 13:00
일
정기휴무 (매주 일요일)
월
09:00 - 18:00
13:00 - 14:00 휴게시간
화(6/6)
현충일 휴무
수
09:00 - 18:00
13:00 - 14:00 휴게시간
목
09:00 - 18:00
13:00 - 14:00 휴게시간",0507-1330-5275
명지이비인후과의원,부산 강서구 명지국제8로 245 뉴타워 502호,이비인후과,"금
09:00 - 19:00
13:00 - 14:00 휴게시간
토
09:00 - 14:00
일
정기휴무 (매주 일요일)
월
09:00 - 19:00
13:00 - 14:00 휴게시간
화(6/6)
현충일 휴무
수
09:00 - 19:00
13:00 - 14:00 휴게시간
목
09:00 - 19:00
13:00 - 14:00 휴게시간",051-291-1888
행복한어린이병원,부산 강서구 명지국제1로 25 우진메디컬 8층,소아청소년과,"금
09:00 - 19:00
13:00 - 14:00 휴게시간
토
09:00 - 16:00
13:00 - 14:00 휴게시간
일
정기휴무 (매주 일요일)
월
09:00 - 19:00
13:00 - 14:00 휴게시간
화(6/6)
현충일09:00 - 13:00
수
09:00 - 19:00
13:00 - 14:00 휴게시간
목
09:00 - 19:00
13:00 - 14:00 휴게시간",051-264-9500
듣는마음이선호정형외과의원,부산 강서구 명지국제8로 230 산양타워 3층 듣는마음이선호정형외과,정형외과,"금
09:00 - 19:00
13:00 - 14:00 휴게시간
18:45 접수마감
토
09:00 - 14:00
13:45 접수마감
일
정기휴무 (매주 일요일)
월
09:00 - 19:00
13:00 - 14:00 휴게시간
18:45 접수마감
화(6/6)
현충일 휴무
수
09:00 - 19:00
13:00 - 14:00 휴게시간
18:45 접수마감
목
09:00 - 20:00
13:00 - 14:00 휴게시간
19:45 접수마감",051-292-9119
명지웰마취통증의학과의원,부산 강서구 명지국제2로28번길 3 동건프라자 6층,마취통증의학과,"금
09:00 - 18:30
12:30 - 14:00 휴게시간
토
09:00 - 14:00
일
09:00 - 13:00
월
09:00 - 18:30
12:30 - 14:00 휴게시간
화
09:00 - 18:30
12:30 - 14:00 휴게시간
수
09:00 - 18:30
12:30 - 14:00 휴게시간
목
09:00 - 18:30
12:30 - 14:00 휴게시간",0507-1466-7736
다사랑내과의원,부산 강서구 명지국제11로 25,내과,"금
09:00 - 18:30
13:00 - 14:00 휴게시간
토
09:00 - 13:00
일
정기휴무 (매주 일요일)
월
09:00 - 18:30
13:00 - 14:00 휴게시간
화(6/6)
현충일 휴무
수
13:30 - 18:30
목
09:00 - 18:30
13:00 - 14:00 휴게시간",051-201-2115
박관식내과의원,부산 강서구 신호산단2로 21,내과,"금
09:00 - 18:00
13:00 - 14:00 휴게시간
토
09:00 - 14:00
일
정기휴무 (매주 일요일)
월
09:00 - 18:00
13:00 - 14:00 휴게시간
화(6/6)
현충일 휴무
수
09:00 - 18:00
13:00 - 14:00 휴게시간
목
09:00 - 18:00
13:00 - 14:00 휴게시간",051-966-0029
김앤박내과의원,부산 강서구 명지국제8로 241 금남빌딩 3층 김앤박내과의원,내과,"금
09:00 - 18:30
12:30 - 14:00 휴게시간
토
08:00 - 13:00
일
정기휴무 (매주 일요일)
월
09:00 - 18:30
12:30 - 14:00 휴게시간
화(6/6)
현충일 휴무
수
09:00 - 12:30
목
09:00 - 18:30
12:30 - 14:00 휴게시간",051-271-3322
국제한의원,부산 강서구 명지국제8로 243,한의원,"금
09:30 - 19:00
토
09:15 - 14:00
일
정기휴무 (매주 일요일)
월
09:30 - 20:00
화(6/6)
현충일 휴무
수
09:30 - 20:00
목
09:30 - 19:00",051-711-2625
명지치과의원,부산 강서구 명지오션시티4로 61 이건빌딩 301호,치과,"금
09:30 - 18:30
12:30 - 14:00 휴게시간
토
09:30 - 13:30
일
정기휴무 (매주 일요일)
월
09:30 - 18:30
12:30 - 14:00 휴게시간
화(6/6)
현충일 휴무
수
09:30 - 18:30
12:30 - 14:00 휴게시간
목
09:30 - 20:30",051-271-2842
아주푸른소아청소년과의원,부산 강서구 과학산단로306번길 10 협성·DS 엘리시안아파트,소아청소년과,"금
09:00 - 18:00
13:00 - 14:00 휴게시간
토
09:00 - 13:00
일
정보없음
월
09:00 - 18:00
13:00 - 14:00 휴게시간
화
09:00 - 18:00
13:00 - 14:00 휴게시간
수
09:00 - 18:00
13:00 - 14:00 휴게시간
목
09:00 - 18:00
13:00 - 14:00 휴게시간
접기",051-831-3725
패밀리소아청소년과의원,부산 강서구 명지오션시티10로 16,소아청소년과,"금
09:00 - 18:30
12:30 - 14:00 휴게시간
토
09:00 - 13:00
일
정기휴무 (매주 일요일)
월
09:00 - 18:30
12:30 - 14:00 휴게시간
화(6/6)
현충일 휴무
수
09:00 - 18:30
12:30 - 14:00 휴게시간
목
09:00 - 18:30
12:30 - 14:00 휴게시간",051-271-1123
웰키즈소아청소년과의원,부산 강서구 명지국제11로 27 3층,소아청소년과,"금
09:00 - 18:30
13:00 - 14:00 휴게시간
토
09:00 - 14:00
일
09:00 - 14:00
월
09:00 - 18:30
13:00 - 14:00 휴게시간
화(6/6)
현충일09:00 - 14:00
수
09:00 - 18:30
13:00 - 14:00 휴게시간
목
09:00 - 18:30
13:00 - 14:00 휴게시간
접기",051-293-8001
웰하이여성아동병원,부산 강서구 명지오션시티4로 95 웰하이여성아동병원,"병원,의원",,051-201-8854
부산강서구보건소,부산 강서구 공항로811번길 10 강서브라이트센터,보건소,,051-970-3415
엘림피부과의원,부산 강서구 명지오션시티4로 64 명지메디칼 4층 401호,피부과,"금
09:00 - 18:00
12:30 - 14:00 휴게시간
토
09:00 - 13:30
12:30 - 13:00 휴게시간
일
정기휴무 (매주 일요일)
월
09:00 - 18:00
12:30 - 14:00 휴게시간
화(6/6)
현충일 휴무
수
09:00 - 18:00
12:30 - 14:00 휴게시간
목
14:00 - 18:30",051-205-2456
명지성모안과의원,부산 강서구 명지국제8로 245 6층,안과,"금
09:00 - 18:00
13:00 - 14:00 휴게시간
토
09:00 - 14:00
일
정기휴무 (매주 일요일)
월
09:00 - 18:00
13:00 - 14:00 휴게시간
화(6/6)
현충일 휴무
수
09:00 - 18:00
13:00 - 14:00 휴게시간
목
09:00 - 18:00
13:00 - 14:00 휴게시간",051-711-3233
신호내과의원,부산 강서구 신호산단2로 41,내과,"금
09:00 - 18:00
13:00 - 14:00 휴게시간
토
09:00 - 13:00
일
정기휴무 (매주 일요일)
월
09:00 - 18:00
13:00 - 14:00 휴게시간
화(6/6)
현충일 휴무
수
09:00 - 18:00
13:00 - 14:00 휴게시간
목
09:00 - 18:00
13:00 - 14:00 휴게시간",051-831-7763
늘편한이비인후과의원,부산 강서구 명지오션시티4로 67,이비인후과,"금
09:00 - 18:30
13:00 - 14:00 휴게시간
토
09:00 - 14:00
일
정기휴무 (매주 일요일)
월
09:00 - 18:30
13:00 - 14:00 휴게시간
화
09:00 - 18:30
13:00 - 14:00 휴게시간
수
09:00 - 18:30
13:00 - 14:00 휴게시간
목
09:00 - 18:30
13:00 - 14:00 휴게시간
접기",051-291-9325
이헌경소아청소년과의원,부산 강서구 명지오션시티4로 64,소아청소년과,"금
09:00 - 18:30
토
09:00 - 15:00
일
정기휴무 (매주 일요일)
월
09:00 - 18:30
화(6/6)
현충일 휴무
수
09:00 - 18:30
목
09:00 - 18:30",051-206-5296
양지이비인후과의원,부산 강서구 명지국제8로 254 시온프라자 5층 양지이비인후과 의원,이비인후과,"금
09:00 - 19:00
13:00 - 14:00 휴게시간
토
09:00 - 14:00
일
정기휴무 (매주 일요일)
월
09:00 - 19:00
13:00 - 14:00 휴게시간
화
09:00 - 19:00
13:00 - 14:00 휴게시간
수
09:00 - 19:00
13:00 - 14:00 휴게시간
목
09:00 - 19:00
13:00 - 14:00 휴게시간
접기",0507-1409-7176
명지어린이치과의원,부산 강서구 명지오션시티4로 64,치과,"금
10:00 - 18:30
토
09:30 - 14:00
일
정기휴무 (매주 일요일)
월
10:00 - 18:30
화(6/6)
현충일 휴무
수
정기휴무 (매주 수요일)
목
10:00 - 18:30",051-291-1275
더예쁜의원,부산 강서구 명지국제2로28번길 23 네오웨스턴스퀘아 2동 2층,피부과,"금
10:00 - 19:00
13:00 - 14:00 휴게시간
토
10:00 - 15:00
일
정기휴무 (매주 일요일)
월
10:00 - 19:00
13:00 - 14:00 휴게시간
화(6/6)
현충일 휴무
수
10:00 - 19:00
13:00 - 14:00 휴게시간
목
10:00 - 21:00
13:00 - 14:00 휴게시간",051-202-1997
더퍼스트성모안과의원,부산 강서구 명지국제2로 41 249-252호,안과,"금
09:00 - 18:00
12:30 - 14:00 휴게시간
토
09:00 - 13:00
일
정기휴무 (매주 일요일)
월
09:00 - 18:00
12:30 - 14:00 휴게시간
화(6/6)
현충일09:00 - 13:00
수
14:00 - 18:00
목
09:00 - 18:00
12:30 - 14:00 휴게시간
접기",0507-1381-1207
명지 정내과 의원,"부산 강서구 명지국제8로 230 401, 402호",내과,"금
09:00 - 18:00
13:00 - 14:00 휴게시간
토
09:00 - 13:00
일
정기휴무 (매주 일요일)
월
09:00 - 18:00
13:00 - 14:00 휴게시간
화(6/6)
현충일 휴무
수
09:00 - 18:00
13:00 - 14:00 휴게시간
목
09:00 - 18:00
13:00 - 14:00 휴게시간",0507-1388-6633
명지퍼스트치과의원,부산 강서구 명지국제7로 37 더샵 명지퍼스트월드 2단지 상가 2층,치과,"금
10:00 - 19:00
토
09:30 - 14:30
일
정기휴무 (매주 일요일)
월
10:00 - 19:00
화(6/6)
현충일 휴무
수
10:00 - 19:00
목
10:00 - 21:00",0507-1406-2882
늘편한치과의원,부산 강서구 명지국제8로 229 403호,치과,"금
09:30 - 18:00
12:30 - 14:00 휴게시간
토
09:30 - 13:00
일
정기휴무 (매주 일요일)
월
09:30 - 18:00
12:30 - 14:00 휴게시간
화(6/6)
현충일 휴무
수
정기휴무 (매주 수요일)
목
09:30 - 20:00
12:30 - 14:00 휴게시간",051-715-7528
미소온치과의원,부산 강서구 명지국제2로28번길 3 동건프라자 2층 203호,치과,"금
09:30 - 18:30
12:30 - 14:00 휴게시간
토
09:00 - 14:00
일
정기휴무 (매주 일요일)
월
09:30 - 18:30
12:30 - 14:00 휴게시간
화(6/6)
현충일 휴무
수
09:30 - 18:30
12:30 - 14:00 휴게시간
목
09:30 - 20:00
12:30 - 14:00 휴게시간",0507-1308-7522
명지일신산부인과의원,부산 강서구 명지오션시티4로 64 5층 502호 명지일신산부인과,산부인과,"금
09:30 - 17:00
12:30 - 13:30 휴게시간
토
09:30 - 13:00
일
정기휴무 (매주 일요일)
월
09:30 - 17:00
12:30 - 13:30 휴게시간
화(6/6)
현충일 휴무
수
09:30 - 17:00
12:30 - 13:30 휴게시간
목
09:30 - 12:30",051-271-1175
더핌의원,부산 강서구 명지국제2로28번길 3 302호~305호,마취통증의학과,"금
10:00 - 20:00
13:00 - 14:00 휴게시간
19:30 접수마감
토
10:00 - 15:00
14:30 접수마감
일
정기휴무 (매주 일요일)
월
10:00 - 20:00
13:00 - 14:00 휴게시간
19:30 접수마감
화(6/6)
현충일 휴무
수
10:00 - 20:00
13:00 - 14:00 휴게시간
19:30 접수마감
목
10:00 - 20:00
13:00 - 14:00 휴게시간
19:30 접수마감",0507-1406-7992
서울시온치과의원,부산 강서구 명지오션시티11로 74,치과,"금
09:30 - 19:00
12:30 - 14:00 휴게시간
토
09:30 - 14:00
일
정기휴무 (매주 일요일)
월
09:30 - 21:00
12:30 - 14:00 휴게시간
화(6/6)
현충일 휴무
수
09:30 - 21:00
12:30 - 14:00 휴게시간
목
정기휴무 (매주 목요일)",051-292-0010
연세고마운치과의원 부산지점,부산 강서구 명지국제8로 234 정우빌딩2차 4층,치과,"금
10:00 - 18:30
13:00 - 14:30 휴게시간
토
09:30 - 14:00
일
정기휴무 (매주 일요일)
월
09:30 - 18:30
13:00 - 14:30 휴게시간
화(6/6)
현충일 휴무
수
09:30 - 18:30
13:00 - 14:30 휴게시간
목
09:30 - 20:30
13:00 - 14:30 휴게시간
17:30 - 18:00 휴게시간",051-241-2875
우리가족연합의원,부산 강서구 과학산단2로20번길 20 행복메디컬빌딩 2층,"병원,의원","금
09:00 - 17:00
13:00 - 14:00 휴게시간
토
09:00 - 13:00
일
정기휴무 (매주 일요일)
월(6/5)
휴무
화(6/6)
현충일 휴무
수
09:00 - 18:00
13:00 - 14:00 휴게시간
목
09:00 - 18:00
13:00 - 14:00 휴게시간",051-985-1000
아이웰가정의학과의원,부산 강서구 과학산단로306번길 10 협성 ds엘리시안 아파트 상가2층 205.206호,가정의학과,"금
09:00 - 18:00
13:00 - 14:00 휴게시간
토
09:00 - 13:00
일
정기휴무 (매주 일요일)
월
09:00 - 18:00
13:00 - 14:00 휴게시간
화(6/6)
현충일 휴무
수
09:00 - 18:00
13:00 - 14:00 휴게시간
목
09:00 - 18:00
13:00 - 14:00 휴게시간",051-831-9339
뉴욕치과의원,부산 강서구 명지국제8로 251,치과,"금
정기휴무 (매주 금요일)
토
09:30 - 14:30
일
정기휴무 (매주 일요일)
월
10:00 - 20:00
13:30 - 15:00 휴게시간
화(6/6)
현충일 휴무
수
10:00 - 20:00
13:30 - 15:00 휴게시간
목
10:00 - 20:00
13:30 - 15:00 휴게시간",051-293-6528
무척편안한의원,부산 강서구 명지국제11로 25 1동 2층,한의원,"금
10:00 - 20:00
토
09:00 - 14:00
일
정기휴무 (매주 일요일)
월
10:00 - 20:00
화(6/6)
현충일 휴무
수
10:00 - 20:00
목
14:00 - 20:00",051-206-5649
365자연안에한의원 명지,"부산 강서구 명지국제8로 254 시온플라자 1동 201호, 202호, 203호",한의원,"금
10:00 - 21:00
토
10:00 - 17:00
13:00 - 14:00 휴게시간
일
10:00 - 17:00
13:00 - 14:00 휴게시간
월
10:00 - 21:00
화
10:00 - 21:00
수
10:00 - 21:00
목
10:00 - 21:00
접기",0507-1384-0366
봄봄어린이치과의원,부산 강서구 명지국제8로 240,치과,"금
10:00 - 18:00
12:30 - 14:00 휴게시간
토(6/3)
휴무
일
정기휴무 (매주 일요일)
월
10:00 - 18:00
12:30 - 14:00 휴게시간
화(6/6)
현충일 휴무
수
정기휴무 (매주 수요일)
목
10:00 - 18:00
12:30 - 14:00 휴게시간",051-208-8275
명지튼튼정형외과의원,부산 강서구 명지국제8로 245 뉴타워 3층 302~304호,"병원,의원","금
09:00 - 19:00
13:00 - 14:00 휴게시간
토
09:00 - 14:00
일
정기휴무 (매주 일요일)
월
09:00 - 19:00
13:00 - 14:00 휴게시간
화(6/6)
현충일 휴무
수
09:00 - 19:00
13:00 - 14:00 휴게시간
목
09:00 - 19:00
13:00 - 14:00 휴게시간",0507-1440-8275
신세계치과의원,부산 강서구 명지국제8로 245 명지뉴타워4층,치과,"금
09:30 - 19:00
13:00 - 14:00 휴게시간
토
09:30 - 14:00
일
정기휴무 (매주 일요일)
월
09:30 - 19:00
13:00 - 14:00 휴게시간
화(6/6)
현충일 휴무
수
09:30 - 19:00
13:00 - 14:00 휴게시간
목
09:30 - 19:00
13:00 - 14:00 휴게시간",051-205-2888
더착한치과의원,부산 강서구 명지오션시티4로 59,치과,"금
09:30 - 18:30
12:30 - 14:00 휴게시간
17:30 접수마감
토
09:00 - 14:00
13:00 접수마감
일
정기휴무 (매주 일요일)
월(6/5)
휴무
화(6/6)
현충일 휴무
수
09:30 - 20:30
12:30 - 14:00 휴게시간
19:30 접수마감
목
09:30 - 18:30
12:30 - 14:00 휴게시간
17:30 접수마감",051-203-2875
큐의원,부산 강서구 명지국제6로 246 예성빌딩 4층,피부과,"금
10:00 - 19:00
토
10:00 - 14:00
일
정기휴무 (매주 일요일)
월
10:00 - 19:00
화(6/6)
현충일 휴무
수
10:00 - 20:00
목
10:00 - 19:00",0507-1424-7990
제일마취통증의학과의원,부산 강서구 명지오션시티11로 66,정형외과,"금
09:00 - 18:30
12:30 - 14:00 휴게시간
18:00 접수마감
토
09:00 - 14:00
13:30 접수마감
일
정기휴무 (매주 일요일)
월
09:00 - 18:30
12:30 - 14:00 휴게시간
18:00 접수마감
화(6/6)
현충일 휴무
수
09:00 - 20:00
12:30 - 14:00 휴게시간
19:30 접수마감
목
09:00 - 12:30
12:00 접수마감",051-205-0776
명지바른신경외과의원,"부산 강서구 명지국제8로 242 씨에스프라자 201,202호",신경외과,"금
09:00 - 19:00
13:00 - 14:00 휴게시간
토
09:00 - 14:00
일
정기휴무 (매주 일요일)
월
09:00 - 19:00
13:00 - 14:00 휴게시간
화(6/6)
현충일 휴무
수
09:00 - 19:00
13:00 - 14:00 휴게시간
목
09:00 - 19:00
13:00 - 14:00 휴게시간",051-710-0960
우아한방병원,"부산 강서구 명지국제1로 25 우진메디컬프라자 5층 501, 502, 503호",한방병원,"금
10:00 - 21:00
13:00 - 14:00 휴게시간
토
10:00 - 16:00
일
정기휴무 (매주 일요일)
월
10:00 - 21:00
13:00 - 14:00 휴게시간
화(6/6)
현충일10:00 - 16:00
수
10:00 - 21:00
13:00 - 14:00 휴게시간
목
10:00 - 21:00
13:00 - 14:00 휴게시간
접기",0507-1460-8082
최성원내과의원,부산 강서구 명지국제8로 240,내과,"금
09:00 - 18:30
13:00 - 14:00 휴게시간
토
09:00 - 14:00
일
정기휴무 (매주 일요일)
월
09:00 - 18:30
13:00 - 14:00 휴게시간
화(6/6)
현충일 휴무
수
09:00 - 18:30
13:00 - 14:00 휴게시간
목
09:00 - 18:30
13:00 - 14:00 휴게시간",051-292-9393
명지365다나슬한의원,부산 강서구 명지국제8로 230 5층,한의원,"금
09:30 - 20:00
13:00 - 14:30 휴게시간
토
09:30 - 16:00
일
09:30 - 16:00
월
09:30 - 20:00
13:00 - 14:30 휴게시간
화(6/6)
현충일09:30 - 16:00
수
09:30 - 20:00
13:00 - 14:30 휴게시간
목
09:30 - 20:00
13:00 - 14:30 휴게시간
접기",051-207-1365
신신소아청소년과의원,부산 강서구 신호산단2로 33 골든뷰 401호,소아청소년과,"금
09:00 - 18:30
12:30 - 14:00 휴게시간
토
09:00 - 13:00
일
정기휴무 (매주 일요일)
월
09:00 - 18:30
12:30 - 14:00 휴게시간
화(6/6)
현충일 휴무
수
09:00 - 18:30
12:30 - 14:00 휴게시간
목
09:00 - 18:30
12:30 - 14:00 휴게시간",051-941-3339
명지한의원,부산 강서구 명지오션시티11로 66 G타워 4층,한의원,"금
09:30 - 20:00
13:00 - 14:30 휴게시간
19:20 접수마감
토
09:30 - 13:30
12:50 접수마감
일
정기휴무 (매주 일요일)
월
09:30 - 20:00
13:00 - 14:30 휴게시간
19:20 접수마감
화(6/6)
현충일 휴무
수
09:30 - 20:00
13:00 - 14:30 휴게시간
19:20 접수마감
목
09:30 - 20:00
13:00 - 14:30 휴게시간
19:20 접수마감",051-271-2800
보리한의원,부산 강서구 신호산단2로49번길 16,한의원,"금
09:30 - 19:00
토
09:30 - 15:00
일
정기휴무 (매주 일요일)
월
09:30 - 19:00
화(6/6)
현충일 휴무
수
09:30 - 19:00
목
09:30 - 19:00",051-973-3075
편한장의원,부산 강서구 명지오션시티4로 64,내과,"금
09:00 - 18:30
13:00 - 14:00 휴게시간
18:15 접수마감
토
09:00 - 13:00
12:45 접수마감
일
정기휴무 (매주 일요일)
월
09:00 - 18:30
13:00 - 14:00 휴게시간
18:15 접수마감
화(6/6)
현충일 휴무
수
09:00 - 18:30
13:00 - 14:00 휴게시간
18:15 접수마감
목
09:00 - 18:30
13:00 - 14:00 휴게시간
18:15 접수마감",051-203-8275
명지정신건강의학과의원,"부산 강서구 명지국제5로 42 동진빌딩 6층, 명지정신건강의학과의원",정신건강의학과,"금
09:30 - 18:30
13:00 - 14:00 휴게시간
12:30, 18:00 접수마감
토
09:30 - 13:30
13:00 접수마감
일
정기휴무 (매주 일요일)
월
09:30 - 18:30
13:00 - 14:00 휴게시간
12:30, 18:00 접수마감
화(6/6)
현충일 휴무
수
09:30 - 18:30
13:00 - 14:00 휴게시간
12:30, 18:00 접수마감
목
09:30 - 18:30
13:00 - 14:00 휴게시간
12:30, 18:00 접수마감",0507-1314-8486
명지더봄안과의원,부산 강서구 명지오션시티11로 66,안과,"금
08:40 - 18:00
12:40 - 14:00 휴게시간
토
08:40 - 13:40
일
정기휴무 (매주 일요일)
월(6/5)
휴무
화(6/6)
휴무
수(6/7)
휴무
목(6/8)
휴무",051-714-0800
국제치과의원,부산 강서구 명지국제11로 25 동명빌딩 4층,치과,"금
10:00 - 19:00
13:00 - 14:00 휴게시간
토
10:00 - 14:00
일
정기휴무 (매주 일요일)
월
10:00 - 19:00
13:00 - 14:00 휴게시간
화
10:00 - 19:00
13:00 - 14:00 휴게시간
수
10:00 - 21:00
13:00 - 14:00 휴게시간
목
정기휴무 (매주 목요일)",051-205-2080
자연안에병원,부산 강서구 명지오션시티4로 99,"병원,의원","매일
09:00 - 18:00
접기",0507-1392-9013
누엘의원,부산 강서구 명지국제8로 245 뉴타워상가 7층,비뇨의학과,"금
10:00 - 18:15
13:00 - 14:00 휴게시간
18:00 접수마감
토
09:30 - 13:15
13:00 접수마감
일
정기휴무 (매주 일요일)
월
10:00 - 18:15
13:00 - 14:00 휴게시간
18:00 접수마감
화(6/6)
현충일 휴무
수
14:00 - 18:15
18:00 접수마감
목
10:00 - 18:15
13:00 - 14:00 휴게시간
18:00 접수마감",051-205-2017
오션시티치과병원,부산 강서구 명지오션시티4로 70 6층,치과,"금
09:30 - 18:00
12:30 - 14:00 휴게시간
토
09:30 - 13:00
일
정기휴무 (매주 일요일)
월
09:30 - 18:00
12:30 - 14:00 휴게시간
화(6/6)
현충일 휴무
수
09:30 - 21:00
12:30 - 14:00 휴게시간
목
09:30 - 18:00
12:30 - 14:00 휴게시간",051-271-7528
국제한의원,부산 강서구 명지국제8로 243,한의원,"금
09:30 - 19:00
토
09:15 - 14:00
일
정기휴무 (매주 일요일)
월
09:30 - 20:00
화(6/6)
현충일 휴무
수
09:30 - 20:00
목
09:30 - 19:00",051-711-2625
녹산보건지소,부산 강서구 생곡로 17,보건지소,"금
09:00 - 18:00
토
정보없음
일
정보없음
월
09:00 - 18:00
화
09:00 - 18:00
수
09:00 - 18:00
목
09:00 - 18:00
접기",051-970-4796
맥치과의원 명지점,부산 강서구 명지국제5로 42 동진빌딩 5층,치과,"금
09:30 - 18:30
13:00 - 14:00 휴게시간
토
09:00 - 14:00
일
정기휴무 (매주 일요일)
월
09:30 - 18:30
13:00 - 14:00 휴게시간
화(6/6)
현충일 휴무
수
09:30 - 18:30
13:00 - 14:00 휴게시간
목
14:00 - 21:00",051-205-2486
개나리소아청소년과병원,"부산 강서구 명지국제8로 269 유당빌딩 4,5층",소아청소년과,"금
09:00 - 18:30
12:30 - 14:00 휴게시간
토
09:00 - 12:30
일
정기휴무 (매주 일요일)
월
09:00 - 18:30
12:30 - 14:00 휴게시간
화
09:00 - 18:30
12:30 - 14:00 휴게시간
수
09:00 - 18:30
12:30 - 14:00 휴게시간
목
09:00 - 18:30
12:30 - 14:00 휴게시간",051-202-1113
명지더나음한의원,부산 강서구 명지국제5로 42 402호,한의원,"금
10:00 - 20:00
13:00 - 14:30 휴게시간
12:30, 19:30 접수마감
토
09:30 - 13:30
13:00 접수마감
일
정기휴무 (매주 일요일)
월
10:00 - 20:00
13:00 - 14:30 휴게시간
12:30, 19:30 접수마감
화
10:00 - 20:00
13:00 - 14:30 휴게시간
12:30, 19:30 접수마감
수
10:00 - 20:00
13:00 - 14:30 휴게시간
12:30, 19:30 접수마감
목
14:30 - 20:00
19:30 접수마감
접기",0507-1309-0365
함께웃는치과의원,부산 강서구 명지국제8로 233,치과,"금
10:00 - 19:00
토
10:00 - 17:00
일
정기휴무 (매주 일요일)
월
10:00 - 19:00
화(6/6)
현충일 휴무
수
10:00 - 21:00
목
10:00 - 21:00",051-201-6700
우리치과의원,부산 강서구 과학산단로306번길 10 협성·DS 엘리시안아파트,치과,"금
10:00 - 13:00
토
정기휴무 (매주 토요일)
일
정기휴무 (매주 일요일)
월
10:00 - 20:30
13:00 - 14:00 휴게시간
화(6/6)
현충일 휴무
수
10:00 - 20:30
13:00 - 14:00 휴게시간
목
10:00 - 20:30
13:00 - 14:00 휴게시간",0507-1418-2804
정지훈치과의원,부산 강서구 신호산단2로 33,치과,"금
09:30 - 18:30
13:00 - 14:00 휴게시간
토
정기휴무 (매주 토요일)
일
정기휴무 (매주 일요일)
월
09:30 - 18:30
13:00 - 14:00 휴게시간
화(6/6)
현충일 휴무
수
13:30 - 18:30
목
09:30 - 20:30
17:30 - 18:00 휴게시간",051-973-2272
명지본한의원,"부산 강서구 명지국제5로 14 서진빌딩 2,3층",한의원,"금
10:00 - 20:00
13:00 - 14:30 휴게시간
토
10:00 - 14:30
일
10:00 - 14:30
월
10:00 - 20:00
13:00 - 14:30 휴게시간
화(6/6)
현충일10:00 - 14:30
수
10:00 - 19:00
13:00 - 14:30 휴게시간
목
10:00 - 19:00
13:00 - 14:30 휴게시간
접기",0507-1402-8275
명지아동병원,부산 강서구 명지국제8로 240,소아청소년과,"금
09:00 - 19:00
13:00 - 14:00 휴게시간
토
09:00 - 16:00
13:00 - 14:00 휴게시간
일
09:00 - 13:00
월
09:00 - 19:00
13:00 - 14:00 휴게시간
화(6/6)
현충일09:00 - 13:00
수
09:00 - 19:00
13:00 - 14:00 휴게시간
목
09:00 - 19:00
13:00 - 14:00 휴게시간
접기",051-717-0230
윤혜리한의원,부산 강서구 명지오션시티11로 74,한의원,"금
09:30 - 18:30
12:30 - 14:00 휴게시간
토
09:30 - 13:30
일
정기휴무 (매주 일요일)
월
09:30 - 18:30
12:30 - 14:00 휴게시간
화(6/6)
현충일 휴무
수
09:30 - 18:30
12:30 - 14:00 휴게시간
목
14:00 - 18:30",051-202-3155
경희청담한의원,부산 강서구 명지오션시티4로 61 이건빌딩 302호,한의원,"금
09:30 - 19:00
13:00 - 14:30 휴게시간
토
09:00 - 13:00
일
정기휴무 (매주 일요일)
월
09:30 - 19:00
13:00 - 14:30 휴게시간
화(6/6)
현충일 휴무
수
09:30 - 19:00
13:00 - 14:30 휴게시간
목
09:30 - 19:00
13:00 - 14:30 휴게시간",051-271-1056
금빛한의원 부산점,부산 강서구 명지국제8로 257 3층,한의원,"금
10:00 - 20:00
13:00 - 14:00 휴게시간
토
10:00 - 14:00
일
10:00 - 14:00
월
10:00 - 20:00
13:00 - 14:00 휴게시간
화(6/6)
현충일10:00 - 14:00
수
10:00 - 20:00
13:00 - 14:00 휴게시간
목
10:00 - 20:00
13:00 - 14:00 휴게시간
접기",0507-1310-7510
편한몸의원,부산 강서구 신호산단2로 33,정형외과,"금
09:00 - 19:00
13:00 - 14:00 휴게시간
토
09:00 - 14:00
일
정기휴무 (매주 일요일)
월
09:00 - 19:00
13:00 - 14:00 휴게시간
화(6/6)
현충일 휴무
수
09:00 - 19:00
13:00 - 14:00 휴게시간
목
09:00 - 19:00
13:00 - 14:00 휴게시간",051-973-8219
한국미인부산배내과의원,부산 강서구 대저로 283-1,내과,"금
08:30 - 13:00
토
08:00 - 12:00
일
정보없음
월
08:30 - 13:00
화
08:30 - 17:00
수
08:30 - 13:00
목
08:30 - 17:00
접기",051-941-8866
명지화이트치과의원,부산 강서구 명지국제2로 29 성광타워 5층,치과,"금
09:30 - 18:30
13:00 - 14:00 휴게시간
토
09:30 - 13:30
일
정기휴무 (매주 일요일)
월
09:30 - 20:30
13:00 - 14:00 휴게시간
화(6/6)
현충일 휴무
수
09:30 - 20:30
13:00 - 14:00 휴게시간
목
09:30 - 18:30
13:00 - 14:00 휴게시간",051-203-8070
명지엘치과의원,부산 강서구 명지국제8로 230,치과,"금
09:30 - 18:30
토
09:30 - 17:00
일
정기휴무 (매주 일요일)
월
09:30 - 21:00
12:00 - 14:00 휴게시간
화(6/6)
현충일 휴무
수
09:30 - 18:30
목
14:00 - 21:00",0507-1480-2875
강서연합의원,부산 강서구 대저로 266 1층,"병원,의원","금
08:00 - 18:00
토
08:00 - 13:00
일
정기휴무 (매주 일요일)
월
08:00 - 18:00
화(6/6)
현충일08:00 - 13:00
수
08:00 - 18:00
목
08:00 - 18:00",0507-1346-7170
신호원치과의원,부산 강서구 신호산단2로 21,치과,"금
10:00 - 18:00
13:00 - 14:00 휴게시간
토
정기휴무 (매주 토요일)
일
정기휴무 (매주 일요일)
월
10:00 - 20:00
13:00 - 14:00 휴게시간
17:30 - 18:00 휴게시간
화(6/6)
현충일 휴무
수
10:00 - 18:00
13:00 - 14:00 휴게시간
목
10:00 - 20:00
13:00 - 14:00 휴게시간
17:30 - 18:00 휴게시간",051-989-9111
신호부부한의원,부산 강서구 신호산단2로 33 골든뷰 2층,한의원,"금
09:30 - 20:00
13:00 - 14:30 휴게시간
19:40 접수마감
토
09:30 - 15:00
14:40 접수마감
일
정기휴무 (매주 일요일)
월
09:30 - 20:00
13:00 - 14:30 휴게시간
19:40 접수마감
화(6/6)
현충일 휴무
수
09:30 - 20:00
13:00 - 14:30 휴게시간
19:40 접수마감
목
09:30 - 20:00
13:00 - 14:30 휴게시간
19:40 접수마감",0507-1488-3637
서울편한내과의원,부산 강서구 대저로 254,내과,"금
09:00 - 18:00
13:00 - 14:00 휴게시간
토
09:00 - 13:00
일
정기휴무 (매주 일요일)
월
09:00 - 18:00
13:00 - 14:00 휴게시간
화(6/6)
현충일 휴무
수
09:00 - 13:00
목
09:00 - 18:00
13:00 - 14:00 휴게시간",0507-1493-6622
리더스치과의원,부산 강서구 명지국제8로 254,치과,"금
10:00 - 19:00
13:00 - 14:30 휴게시간
토
10:00 - 14:00
일
정기휴무 (매주 일요일)
월
10:00 - 19:00
13:00 - 14:30 휴게시간
화(6/6)
현충일 휴무
수
10:00 - 19:00
13:00 - 14:30 휴게시간
목
10:00 - 20:30
13:00 - 14:30 휴게시간
17:00 - 17:30 휴게시간",0507-1425-2882
마음에 청진기 가정의학과의원,부산 강서구 명지국제8로 243 미주프라자 302호,가정의학과,"금
10:00 - 18:00
토
10:00 - 14:00
일
정기휴무 (매주 일요일)
월
10:00 - 19:00
화(6/6)
현충일 휴무
수
10:00 - 19:00
목
10:00 - 20:00",051-293-0375
명지치과의원,부산 강서구 명지오션시티4로 61 이건빌딩 301호,치과,"금
09:30 - 18:30
12:30 - 14:00 휴게시간
토
09:30 - 13:30
일
정기휴무 (매주 일요일)
월
09:30 - 18:30
12:30 - 14:00 휴게시간
화(6/6)
현충일 휴무
수
09:30 - 18:30
12:30 - 14:00 휴게시간
목
09:30 - 20:30",051-271-2842
해바라기치과의원,부산 강서구 명지오션시티4로 67,치과,"금
09:30 - 18:30
13:00 - 14:00 휴게시간
토
09:30 - 13:00
일
정기휴무 (매주 일요일)
월
09:30 - 18:30
13:00 - 14:00 휴게시간
화(6/6)
현충일 휴무
수
09:30 - 18:30
13:00 - 14:00 휴게시간
목
09:30 - 18:30
13:00 - 14:00 휴게시간",051-271-7751
다온한의원,부산 강서구 명지국제8로 251 302호 다온한의원,한의원,"금
09:30 - 21:00
12:30 - 14:00 휴게시간
토
09:30 - 14:30
일
09:30 - 14:30
월
09:30 - 21:00
12:30 - 14:00 휴게시간
화(6/6)
현충일09:30 - 14:30
수
09:30 - 21:00
12:30 - 14:00 휴게시간
목
09:30 - 21:00
12:30 - 14:00 휴게시간
접기",0507-1359-1075
기분좋은치과의원,부산 강서구 명지오션시티4로 62,치과,"금
09:30 - 18:30
토
09:30 - 13:30
일
정기휴무 (매주 일요일)
월
09:30 - 20:00
화(6/6)
현충일 휴무
수
09:30 - 18:30
목
09:30 - 20:00",051-271-7755
명지침례의원,부산 강서구 명지새동네길1번길 32,내과,"금
09:00 - 18:00
12:30 - 14:00 휴게시간
토
09:00 - 12:00
일
정기휴무 (매주 일요일)
월
09:00 - 18:00
12:30 - 14:00 휴게시간
화(6/6)
현충일 휴무
수
09:00 - 18:00
12:30 - 14:00 휴게시간
목
09:00 - 18:00
12:30 - 14:00 휴게시간",051-271-3227
연세이편한치과의원,부산 강서구 명지국제6로 168 명지 스타필드시티 4층,치과,"금
10:00 - 18:30
13:30 - 15:00 휴게시간
토
10:00 - 17:00
13:30 - 15:00 휴게시간
일
10:00 - 17:00
13:30 - 15:00 휴게시간
월
정기휴무 (매주 월요일)
화(6/6)
현충일10:00 - 17:00
13:30 - 15:00 휴게시간
수
10:00 - 18:30
13:30 - 15:00 휴게시간
목
10:00 - 18:30
13:30 - 15:00 휴게시간
접기",051-990-0040
남경의원,부산 강서구 공항앞길 5,내과,"금
09:00 - 18:00
토
09:00 - 13:00
일
정기휴무 (매주 일요일)
월
09:00 - 18:00
화(6/6)
현충일 휴무
수
09:00 - 18:00
목
09:00 - 18:00",051-973-8575
애플민트치과의원,부산 강서구 명지오션시티4로 64,치과,"금
09:30 - 18:30
13:00 - 14:00 휴게시간
토
09:00 - 15:00
일
정기휴무 (매주 일요일)
월
09:30 - 18:30
13:00 - 14:00 휴게시간
화(6/6)
현충일 휴무
수
09:30 - 18:30
13:00 - 14:00 휴게시간
목
09:30 - 18:30
13:00 - 14:00 휴게시간",051-271-8808
강서하늘치과의원,부산 강서구 공항로811번가길 56,치과,"금
10:00 - 19:00
13:00 - 14:30 휴게시간
토
정기휴무 (매주 토요일)
일
정기휴무 (매주 일요일)
월
10:00 - 19:00
13:00 - 14:30 휴게시간
화(6/6)
현충일 휴무
수
10:00 - 19:00
13:00 - 14:30 휴게시간
목
10:00 - 19:00
13:00 - 14:30 휴게시간",051-832-2875
인제대학교부산백병원부설김해국제공항의원,부산 강서구 공항진입로 108 김해국제공항국내선청사 1F,"병원,의원","금
09:00 - 17:00
토
정기휴무 (매주 토요일)
일
정기휴무 (매주 일요일)
월
09:00 - 17:00
화(6/6)
현충일 휴무
수
09:00 - 17:00
목
09:00 - 17:00",051-974-2888
지사보건진료소,부산 강서구 과학산단2로20번길 5,보건진료소,"금
09:00 - 18:00
토
정보없음
일
정보없음
월
09:00 - 18:00
화
09:00 - 18:00
수
09:00 - 18:00
목
09:00 - 18:00
접기",051-970-2980
최치과의원,부산 강서구 명지새동네길1번길 32,치과,"금
09:30 - 18:30
12:30 - 14:00 휴게시간
토
09:30 - 12:30
일
정기휴무 (매주 일요일)
월
09:30 - 18:30
12:30 - 14:00 휴게시간
화(6/6)
현충일 휴무
수
09:30 - 18:30
12:30 - 14:00 휴게시간
목
09:30 - 18:30
12:30 - 14:00 휴게시간",051-271-2875
명지튼튼한의원,부산 강서구 명지오션시티4로 70,한의원,"금
09:30 - 19:00
12:30 - 14:00 휴게시간
18:10 접수마감
토
09:30 - 14:00
13:10 접수마감
일
정기휴무 (매주 일요일)
월
09:30 - 19:00
12:30 - 14:00 휴게시간
18:10 접수마감
화(6/6)
현충일 휴무
수
09:30 - 19:00
12:30 - 14:00 휴게시간
18:10 접수마감
목
14:00 - 19:00
18:10 접수마감",051-503-8818
신호한의원,부산 강서구 신호산단2로 21,한의원,"금
10:00 - 19:30
13:00 - 14:00 휴게시간
19:00 접수마감
토
10:00 - 15:00
14:30 접수마감
일
정기휴무 (매주 일요일)
월
10:00 - 19:30
13:00 - 14:00 휴게시간
19:00 접수마감
화(6/6)
현충일 휴무
수
10:00 - 19:30
13:00 - 14:00 휴게시간
19:00 접수마감
목
10:00 - 20:30
13:00 - 14:00 휴게시간
20:00 접수마감",051-941-8275
부산교도소부속의원,부산 강서구 대저중앙로29번길 62 부산교도소부속의원,내과,,051-9710-1572
다온치과의원,부산 강서구 범방3로46번길 13 3층 다온치과,치과,"금
08:30 - 18:30
토
09:00 - 13:00
일
정기휴무 (매주 일요일)
월
08:30 - 18:30
화
08:30 - 18:30
수
08:30 - 18:30
목
08:30 - 18:30
접기",051-831-2875
강동보건지소,부산 강서구 낙동북로102번길 76 강동보건지소,보건지소,"금
09:00 - 18:00
토
정보없음
일
정보없음
월
09:00 - 18:00
화
09:00 - 18:00
수
09:00 - 18:00
목
09:00 - 18:00
접기",051-970-4795
대저치과의원,부산 강서구 대저로 276,치과,"금
09:30 - 18:30
12:30 - 14:00 휴게시간
토
09:30 - 13:00
일
정기휴무 (매주 일요일)
월
09:30 - 18:30
12:30 - 14:00 휴게시간
화(6/6)
현충일 휴무
수
09:30 - 18:30
12:30 - 14:00 휴게시간
목
14:00 - 18:30",051-971-2875
활인한의원,부산 강서구 공항로811번길 43,한의원,"금
09:00 - 18:30
12:30 - 14:00 휴게시간
토
09:00 - 13:00
일
정기휴무 (매주 일요일)
월
09:00 - 18:30
12:30 - 14:00 휴게시간
화
09:00 - 18:30
12:30 - 14:00 휴게시간
수
09:00 - 18:30
12:30 - 14:00 휴게시간
목
09:00 - 18:30
12:30 - 14:00 휴게시간
접기",051-973-9737
르노코리아자동차부속의원,부산 강서구 르노삼성대로 61,내과,,051-979-9089
한빛한의원,부산 강서구 명지오션시티4로 62 파빌리온빌딩 3층,한의원,"금
09:30 - 19:00
12:30 - 14:00 휴게시간
토
09:30 - 13:30
일
정기휴무 (매주 일요일)
월
09:30 - 19:00
12:30 - 14:00 휴게시간
화(6/6)
현충일 휴무
수
09:30 - 19:00
12:30 - 14:00 휴게시간
목
14:00 - 19:00",051-206-1075
강서요양병원,부산 강서구 공항로811번길 1,요양병원,"금
09:00 - 18:00
토
09:00 - 13:00
일
정기휴무 (매주 일요일)
월
09:00 - 18:00
화(6/6)
현충일 휴무
수
09:00 - 18:00
목
09:00 - 18:00",051-941-1002
삼성전기부속의원,부산 강서구 녹산산업중로 333,가정의학과,,051-970-9123
천가보건지소,부산 강서구 성북1길 70-1,보건지소,"금
09:00 - 18:00
토
정보없음
일
정보없음
월
09:00 - 18:00
화
09:00 - 18:00
수
09:00 - 18:00
목
09:00 - 18:00
접기",051-970-4797
태안한의원,부산 강서구 대저로274번길 15,한의원,"금
09:30 - 18:30
13:00 - 14:00 휴게시간
토
09:30 - 13:00
일
정기휴무 (매주 일요일)
월
09:30 - 18:30
13:00 - 14:00 휴게시간
화(6/6)
현충일09:30 - 13:00
수
09:30 - 18:30
13:00 - 14:00 휴게시간
목
09:30 - 13:00
접기",051-941-7575
대한항공김해부속의원,부산 강서구 공항진입로42번길 54,내과,,051-970-5182
강서구보건소 보건행정계,부산 강서구 공항로811번가길 36,보건소,,051-970-3411
강서구보건소 민원실,부산 강서구 공항로811번가길 36,보건소,,051-970-3445
강서보건소 감염병관리계,부산 강서구 공항로811번길 10,보건소,,051-970-2926
대저한의원,부산 강서구 대저로 285,한의원,,No phone number available
용마루한의원,부산 강서구 낙동남로 1042,한의원,"금
09:00 - 18:00
12:30 - 14:00 휴게시간
토
09:00 - 17:00
일
정기휴무 (매주 일요일)
월
09:00 - 18:00
12:30 - 14:00 휴게시간
화(6/6)
현충일 휴무
수
09:00 - 18:00
12:30 - 14:00 휴게시간
목
09:00 - 18:00
12:30 - 14:00 휴게시간",051-624-7575
이치과의원,부산 강서구 낙동북로 74,치과,"금
09:30 - 18:30
12:30 - 13:30 휴게시간
토
09:30 - 13:00
일
정기휴무 (매주 일요일)
월
09:30 - 18:30
12:30 - 13:30 휴게시간
화(6/6)
현충일 휴무
수
09:30 - 18:30
12:30 - 13:30 휴게시간
목
14:00 - 18:30",051-971-2871
가락보건지소,부산 강서구 가락대로 1476 가락동 주민센터,보건지소,"금
09:00 - 18:00
토
정보없음
일
정보없음
월
09:00 - 18:00
화
09:00 - 18:00
수
09:00 - 18:00
목
09:00 - 18:00
접기",051-970-4798
강서구보건소 건강증진계,부산 강서구 공항로811번가길 36,보건소,,051-970-3481
가락동마을건강센터,부산 강서구 가락대로 1476 가락동 주민센터,병원부속시설,,No phone number available
천성보건진료소,부산 강서구 가덕해안로821번길 100 천성보건진료소,보건진료소,"금
09:00 - 18:00
12:00 - 13:00 휴게시간
토
정기휴무 (매주 토요일)
일
정기휴무 (매주 일요일)
월
09:00 - 18:00
12:00 - 13:00 휴게시간
화(6/6)
현충일 휴무
수
09:00 - 18:00
12:00 - 13:00 휴게시간
목
09:00 - 18:00
12:00 - 13:00 휴게시간",051-971-7623
대항보건진료소,부산 강서구 가덕해안로1208번가길 9 대항보건진료소,보건진료소,,051-972-7335
강서구보건소 가족보건계,부산 강서구 공항로811번가길 36,보건소,,051-970-3421
비움환 원외탕전,부산 강서구 대저중앙로172번길 20,병원부속시설,"금
09:00 - 18:00
토
정기휴무 (매주 토요일)
일
정기휴무 (매주 일요일)
월
09:00 - 18:00
화(6/6)
현충일 휴무
수
09:00 - 18:00
목
09:00 - 18:00",0507-1376-5104
부산강서구보건소 선별진료소,부산 강서구 공항로811번길 10,선별진료소,"금
09:00 - 18:00
12:00 - 13:00 휴게시간
토
09:00 - 13:00
일
09:00 - 13:00
월
09:00 - 18:00
12:00 - 13:00 휴게시간
화(6/6)
현충일09:00 - 13:00
수
09:00 - 18:00
12:00 - 13:00 휴게시간
목
09:00 - 18:00
12:00 - 13:00 휴게시간
접기",051-970-3415
코로나19검사센터,부산 강서구 공항진입로 108,병원부속시설,,No phone number available
강서구보건소 예방의학계,부산 강서구 공항로811번가길 36,보건소,,051-970-3433
갑을녹산병원 선별진료소,부산 강서구 녹산산단321로 24-8,선별진료소,"금
08:30 - 17:30
토
08:30 - 12:30
일
정기휴무 (매주 일요일)
월
08:30 - 17:30
화(6/6)
현충일 휴무
수
08:30 - 17:30
목
08:30 - 17:30",051-974-8449
더프라임병원,경남 김해시 경원로55번길 12,산부인과,"금
09:00 - 19:00
13:00 - 14:00 휴게시간
토
09:00 - 13:00
일
09:30 - 12:30
월
09:00 - 19:00
13:00 - 14:00 휴게시간
화(6/6)
현충일09:30 - 12:30
수
09:00 - 19:00
13:00 - 14:00 휴게시간
목
09:00 - 19:00
13:00 - 14:00 휴게시간",055-328-0059
부산본병원,부산 사하구 승학로 8,"병원,의원",,1599-8275
희망병원,경남 창원시 진해구 용원로 15 희망병원,"병원,의원",,055-552-7582
열린이비인후과의원,부산 북구 백양대로 1202 4층 열린이비인후과,이비인후과,"금
09:00 - 18:30
13:00 - 14:00 휴게시간
토
09:00 - 13:00
일
정기휴무 (매주 일요일)
월
09:00 - 18:30
13:00 - 14:00 휴게시간
화(6/6)
현충일 휴무
수
09:00 - 18:30
13:00 - 14:00 휴게시간
목
09:00 - 18:30
13:00 - 14:00 휴게시간",051-334-8899
미래로병원,부산 북구 금곡대로 15,산부인과,,051-330-5000
아름다운피부과의원,경남 김해시 가락로 23 김밥천국,피부과,"금
09:05 - 17:45
12:30 - 14:00 휴게시간
토
08:40 - 15:00
12:40 - 13:30 휴게시간
일
정기휴무 (매주 일요일)
월
09:05 - 17:45
12:30 - 14:00 휴게시간
화
09:05 - 17:45
12:30 - 14:00 휴게시간
수
09:05 - 17:45
12:30 - 14:00 휴게시간
목
09:05 - 17:45
12:30 - 14:00 휴게시간
접기",055-322-6300
미래아이여성병원,부산 사하구 낙동남로 1388,산부인과,,051-200-9999
에스피부과의원,경남 김해시 내외중앙로 84 서울메디컬센터 6층,피부과,"금
09:30 - 19:00
13:00 - 14:00 휴게시간
토
09:30 - 14:00
일
정기휴무 (매주 일요일)
월
09:30 - 19:00
13:00 - 14:00 휴게시간
화(6/6)
현충일 휴무
수
09:30 - 19:00
13:00 - 14:00 휴게시간
목
09:30 - 19:00
13:00 - 14:00 휴게시간",055-337-7582
의료법인숭인의료재단 김해복음병원,경남 김해시 활천로 33 김해복음병원,종합병원,,055-330-8888
삼성내과엠알영상의학과의원,부산 사하구 낙동남로 1392,내과,"금
08:00 - 18:30
13:00 - 14:00 휴게시간
토
08:00 - 13:00
일
정기휴무 (매주 일요일)
월
08:00 - 18:30
13:00 - 14:00 휴게시간
화(6/6)
현충일 휴무
수
08:00 - 18:30
13:00 - 14:00 휴게시간
목
08:00 - 18:30
13:00 - 14:00 휴게시간",051-208-5566
사상미사랑피부과의원,부산 사상구 사상로 200,피부과,"금
10:00 - 18:30
13:00 - 14:00 휴게시간
토
10:00 - 14:00
일
정기휴무 (매주 일요일)
월
10:00 - 18:30
13:00 - 14:00 휴게시간
화(6/6)
현충일 휴무
수
14:00 - 18:30
목
10:00 - 18:30
13:00 - 14:00 휴게시간",051-326-7582
큐병원,부산 사하구 낙동남로 1401,"병원,의원",,051-207-4343
경희대학교 교육협력 중앙병원,경남 김해시 분성로 94-8,종합병원,,1577-9116
올리브피부과의원,부산 북구 만덕대로27번길 3 세빈빌딩 6층,피부과,"금
09:30 - 19:00
13:00 - 14:00 휴게시간
토
09:30 - 14:30
일
정기휴무 (매주 일요일)
월
09:30 - 19:00
13:00 - 14:00 휴게시간
화(6/6)
현충일 휴무
수
09:30 - 19:00
13:00 - 14:00 휴게시간
목
09:30 - 19:00
13:00 - 14:00 휴게시간",0507-1406-3344
아이사랑병원,경남 김해시 활천로 22 아이사랑병원,소아청소년과,"금
09:00 - 21:00
12:30 - 14:00 휴게시간
토
09:00 - 17:00
12:30 - 14:00 휴게시간
일
09:00 - 12:00
월
09:00 - 21:00
12:30 - 14:00 휴게시간
화(6/6)
현충일09:00 - 17:00
12:30 - 14:00 휴게시간
수
09:00 - 21:00
12:30 - 14:00 휴게시간
목
09:00 - 21:00
12:30 - 14:00 휴게시간
접기",055-325-5775
서울이비인후과의원,경남 김해시 내외중앙로 84 서울메디컬센터 10층,이비인후과,"금
09:00 - 18:00
13:00 - 14:00 휴게시간
토
09:00 - 13:00
일
정기휴무 (매주 일요일)
월
09:00 - 18:00
13:00 - 14:00 휴게시간
화
09:00 - 18:00
13:00 - 14:00 휴게시간
수
09:00 - 18:00
13:00 - 14:00 휴게시간
목
09:00 - 18:00
13:00 - 14:00 휴게시간
접기",055-336-0660
엘리트치과병원,부산 사상구 가야대로 276,치과,"금
09:30 - 18:00
12:30 - 14:00 휴게시간
토
09:30 - 13:00
일
정기휴무 (매주 일요일)
월
09:30 - 20:00
12:30 - 14:00 휴게시간
화(6/6)
현충일 휴무
수
09:30 - 20:00
12:30 - 14:00 휴게시간
목
09:30 - 20:00
12:30 - 14:00 휴게시간",051-322-2875
자기치아살리기365일야간드림플란트치과병원,경남 김해시 김해대로 2361,치과,"금
09:00 - 21:00
12:30 - 14:00 휴게시간
토
09:00 - 21:00
12:30 - 14:00 휴게시간
일
09:00 - 21:00
12:30 - 14:00 휴게시간
월
09:00 - 21:00
12:30 - 14:00 휴게시간
화(6/6)
현충일09:00 - 21:00
12:30 - 14:00 휴게시간
수
09:00 - 21:00
12:30 - 14:00 휴게시간
목
09:00 - 21:00
12:30 - 14:00 휴게시간
접기",055-325-7528
의료법인 센텀의료재단 서부산센텀병원,부산 사상구 새벽로 226,정형외과,"금
09:00 - 17:30
12:30 - 13:30 휴게시간
12:00, 17:00 접수마감
토
09:00 - 13:00
12:30 접수마감
일
정기휴무 (매주 일요일)
월
09:00 - 18:00
12:30 - 13:30 휴게시간
12:00, 17:30 접수마감
화(6/6)
현충일 휴무
수
09:00 - 17:30
12:30 - 13:30 휴게시간
12:00, 17:00 접수마감
목
09:00 - 17:30
12:30 - 13:30 휴게시간
12:00, 17:00 접수마감",1644-5530
영진의료재단 엠아이병원,경남 김해시 번화1로44번길 6,"병원,의원","금
09:00 - 18:00
12:50 - 14:00 휴게시간
토
09:00 - 12:50
일
정기휴무 (매주 일요일)
월
09:00 - 18:00
12:50 - 14:00 휴게시간
화
09:00 - 18:00
12:50 - 14:00 휴게시간
수
09:00 - 18:00
12:50 - 14:00 휴게시간
목
09:00 - 18:00
12:50 - 14:00 휴게시간",055-339-8811
김해시보건소,경남 김해시 분성로 227 김해시 보건소,보건소,"금
09:00 - 18:00
12:00 - 13:00 휴게시간
토
정기휴무 (매주 토요일)
일
정기휴무 (매주 일요일)
월
09:00 - 18:00
12:00 - 13:00 휴게시간
화(6/6)
현충일 휴무
수
09:00 - 18:00
12:00 - 13:00 휴게시간
목
09:00 - 18:00
12:00 - 13:00 휴게시간",1577-9400
서울안과의원,경남 김해시 내외중앙로 84 서울메디컬센터8F(망막/드림렌즈)9F(시력교정/백내장),안과,"금
09:30 - 18:30
12:50 - 14:00 휴게시간
토
09:30 - 13:00
일
정기휴무 (매주 일요일)
월
09:30 - 18:30
12:50 - 14:00 휴게시간
화(6/6)
현충일 휴무
수
09:30 - 18:30
12:50 - 14:00 휴게시간
목
09:30 - 18:30
12:50 - 14:00 휴게시간",055-327-7582
윤종주정형외과 조현정내과의원,부산 사하구 낙동남로 1417 락희빌딩 3층(내과) 4층(정형외과),정형외과,,051-714-7105
율하꿈나무병원,경남 김해시 율하3로 38,소아청소년과,,055-331-9600
바로그의원 김해,경남 김해시 가락로 19 아름다운 뉴욕 메디컬센터 3층,피부과,"금
10:00 - 21:00
13:00 - 14:00 휴게시간
토
10:00 - 15:00
일
정기휴무 (매주 일요일)
월
10:00 - 19:00
13:00 - 14:00 휴게시간
화(6/6)
현충일 휴무
수
10:00 - 19:00
13:00 - 14:00 휴게시간
목
10:00 - 19:00
13:00 - 14:00 휴게시간",055-724-3997
바른이비인후과의원,경남 김해시 율하로 478 모산메디피아 3층,이비인후과,"금
09:00 - 18:25
12:30 - 14:00 휴게시간
토
09:00 - 12:55
일
정기휴무 (매주 일요일)
월
09:00 - 18:25
12:30 - 14:00 휴게시간
화(6/6)
현충일 휴무
수
09:00 - 18:25
12:30 - 14:00 휴게시간
목
09:00 - 18:25
12:30 - 14:00 휴게시간",055-312-0222
더조은이비인후과의원,부산 사상구 사상로 200,이비인후과,"금
09:00 - 19:00
13:00 - 14:00 휴게시간
18:50 접수마감
토
09:00 - 13:00
12:50 접수마감
일
정기휴무 (매주 일요일)
월
09:00 - 19:00
13:00 - 14:00 휴게시간
18:50 접수마감
화(6/6)
현충일 휴무
수
09:00 - 19:00
13:00 - 14:00 휴게시간
18:50 접수마감
목
09:00 - 19:00
13:00 - 14:00 휴게시간
18:50 접수마감",051-311-7528
최안과의원,"경남 김해시 가락로 19 메디칼센터 7층, 8층 최안과의원",안과,"금
09:15 - 19:00
12:40 - 14:00 휴게시간
토
09:15 - 15:00
일
정기휴무 (매주 일요일)
월
09:15 - 18:00
12:40 - 14:00 휴게시간
화(6/6)
현충일09:15 - 13:00
수
09:15 - 18:00
12:40 - 14:00 휴게시간
목
09:15 - 18:00
12:40 - 14:00 휴게시간
접기",055-327-1900
비에스(BS)숨이비인후과의원,"부산 사하구 낙동남로 1412 경부빌딩 7층, 8층",이비인후과,"금
09:00 - 21:00
13:00 - 14:00 휴게시간
토
09:00 - 17:00
일
09:00 - 13:00
월
09:00 - 21:00
13:00 - 14:00 휴게시간
화(6/6)
현충일09:00 - 13:00
수
09:00 - 21:00
13:00 - 14:00 휴게시간
목
09:00 - 21:00
13:00 - 14:00 휴게시간
접기",1544-3898
율하메디칼정형외과의원,경남 김해시 율하3로 21 율하메디칼,정형외과,"금
09:00 - 18:30
12:30 - 14:00 휴게시간
토
09:00 - 12:30
일
정기휴무 (매주 일요일)
월
09:00 - 18:30
12:30 - 14:00 휴게시간
화(6/6)
현충일 휴무
수
09:00 - 18:30
12:30 - 14:00 휴게시간
목
09:00 - 18:30
12:30 - 14:00 휴게시간",055-325-7881
하나병원,부산 사하구 다대로 311,"병원,의원","금
09:00 - 17:30
12:30 - 13:30 휴게시간
토
09:00 - 12:30
일
정기휴무 (매주 일요일)
월
09:00 - 17:30
12:30 - 13:30 휴게시간
화(6/6)
현충일 휴무
수
09:00 - 17:30
12:30 - 13:30 휴게시간
목
09:00 - 17:00
12:30 - 13:30 휴게시간",051-266-2600
굿윌치과병원,부산 북구 금곡대로 28,치과,"금
09:00 - 21:00
토
09:00 - 21:00
일
09:00 - 18:00
월
09:00 - 21:00
화(6/6)
현충일09:00 - 21:00
수
09:00 - 21:00
목
09:00 - 21:00
접기",051-330-6000
백천피부과의원,부산 사하구 낙동대로 212,피부과,"금
09:30 - 18:30
12:30 - 14:00 휴게시간
토
09:30 - 14:40
일
정기휴무 (매주 일요일)
월
09:30 - 18:40
12:30 - 14:00 휴게시간
화(6/6)
현충일 휴무
수
09:30 - 18:30
12:30 - 14:00 휴게시간
목
14:00 - 19:10",051-204-1204
율하이비인후과의원,경남 김해시 율하3로 37 경보센텀 4층 402호,이비인후과,"금
09:00 - 19:00
13:00 - 14:00 휴게시간
토
08:30 - 14:00
일
정기휴무 (매주 일요일)
월
09:00 - 19:00
13:00 - 14:00 휴게시간
화(6/6)
현충일09:00 - 13:00
수
09:00 - 19:00
13:00 - 14:00 휴게시간
목
09:00 - 19:00
13:00 - 14:00 휴게시간
접기",055-312-0302
바로그의원 덕천,부산 북구 만덕대로 24 4층,피부과,"금
10:00 - 21:00
13:00 - 14:00 휴게시간
토
10:00 - 15:00
일
정기휴무 (매주 일요일)
월
10:00 - 19:00
13:00 - 14:00 휴게시간
화(6/6)
현충일 휴무
수
10:00 - 19:00
13:00 - 14:00 휴게시간
목
10:00 - 19:00
13:00 - 14:00 휴게시간",051-343-2255
율하엘의원,경남 김해시 율하1로 110 중앙프라자 601호,피부과,"금
09:30 - 18:30
12:30 - 14:00 휴게시간
토
09:00 - 14:00
일
정기휴무 (매주 일요일)
월
09:30 - 18:30
12:30 - 14:00 휴게시간
화(6/6)
현충일 휴무
수
09:30 - 18:30
12:30 - 14:00 휴게시간
목
09:30 - 18:30",0507-1417-6114
굿윌치과병원,"부산 사하구 낙동남로 1412 경부빌딩 2F, 3F, 5F",치과,"금
09:00 - 21:00
토
09:00 - 21:00
일
09:00 - 18:00
월
09:00 - 21:00
화(6/6)
현충일09:00 - 21:00
수
09:00 - 21:00
목
09:00 - 21:00
접기",0507-1440-6000
박성욱피부과의원,부산 사하구 낙동남로 1424 하단역 8번출구 동원빌딩 6층,피부과,"금
09:30 - 18:30
12:30 - 14:00 휴게시간
토
09:30 - 13:30
일
정기휴무 (매주 일요일)
월
09:30 - 18:30
12:30 - 14:00 휴게시간
화(6/6)
현충일 휴무
수
09:30 - 19:00
12:30 - 14:00 휴게시간
목
09:30 - 13:30",051-204-8275
유&김내과의원,경남 김해시 인제로 168,내과,"금
09:00 - 18:00
토
09:00 - 13:00
일
정기휴무 (매주 일요일)
월
09:00 - 18:00
화(6/6)
현충일 휴무
수
09:00 - 18:00
목
09:00 - 18:00",0507-1340-7589
강동병원,부산 사하구 다대로 145,정형외과,"금
09:00 - 18:00
13:00 - 14:00 휴게시간
토
09:00 - 13:00
일
09:00 - 22:00
월
09:00 - 18:00
13:00 - 14:00 휴게시간
화(6/6)
현충일09:00 - 22:00
수
09:00 - 18:00
13:00 - 14:00 휴게시간
목
09:00 - 18:00
13:00 - 14:00 휴게시간
접기",051-209-1100
한빛내과의원,경남 김해시 인제로 190 선교메디칼빌딩 3층,내과,"금
08:30 - 18:00
12:30 - 13:30 휴게시간
17:30 접수마감
토
08:30 - 13:00
12:30 접수마감
일
정기휴무 (매주 일요일)
월
08:30 - 18:00
12:30 - 13:30 휴게시간
17:30 접수마감
화
08:30 - 18:00
12:30 - 13:30 휴게시간
17:30 접수마감
수
08:30 - 18:00
12:30 - 13:30 휴게시간
17:30 접수마감
목
08:30 - 18:00
12:30 - 13:30 휴게시간
17:30 접수마감
접기",055-323-1586
누가병원,경남 김해시 대청로104번길 80-1,종합병원,"금
09:00 - 18:00
12:30 - 13:30 휴게시간
토
09:00 - 13:00
일
정기휴무 (매주 일요일)
월
09:00 - 18:00
12:30 - 13:30 휴게시간
화(6/6)
현충일 휴무
수
09:00 - 18:00
12:30 - 13:30 휴게시간
목
09:00 - 18:00
12:30 - 13:30 휴게시간",055-330-4000
재원메디컬의원,부산 사상구 사상로 236,"병원,의원","금
09:00 - 18:30
13:00 - 14:00 휴게시간
토
08:30 - 13:00
일
정기휴무 (매주 일요일)
월
09:00 - 18:30
13:00 - 14:00 휴게시간
화(6/6)
현충일 휴무
수
09:00 - 18:30
13:00 - 14:00 휴게시간
목
09:00 - 13:00",051-305-7588
사하구보건소,부산 사하구 하신중앙로 185 사하구 제2청사,보건소,"금
09:00 - 18:00
12:00 - 13:00 휴게시간
토
정보없음
일
정보없음
월
09:00 - 18:00
12:00 - 13:00 휴게시간
화
09:00 - 18:00
12:00 - 13:00 휴게시간
수
09:00 - 18:00
12:00 - 13:00 휴게시간
목
09:00 - 18:00
12:00 - 13:00 휴게시간
접기",051-220-5701
황정하이비인후과의원,경남 김해시 월산로 1 농협,이비인후과,"금
09:00 - 18:30
13:00 - 14:00 휴게시간
토
09:00 - 14:00
일
정기휴무 (매주 일요일)
월
09:00 - 18:30
13:00 - 14:00 휴게시간
화(6/6)
현충일 휴무
수
09:00 - 18:30
13:00 - 14:00 휴게시간
목
09:00 - 18:30
13:00 - 14:00 휴게시간",055-314-7585
수사랑의원,경남 김해시 김해대로 2078 홈플러스,내과,"금
10:00 - 20:00
12:30 - 14:00 휴게시간
토
10:00 - 20:00
12:30 - 14:00 휴게시간
일
10:00 - 18:00
12:30 - 14:00 휴게시간
월
10:00 - 20:00
12:30 - 14:00 휴게시간
화
10:00 - 20:00
12:30 - 14:00 휴게시간
수
10:00 - 20:00
12:30 - 14:00 휴게시간
목
10:00 - 20:00
12:30 - 14:00 휴게시간",0507-1496-8088
참사랑의원,경남 김해시 분성로 14-4 일동한신아파트 주상가 204호,"병원,의원","금
09:30 - 19:00
12:30 - 14:00 휴게시간
토
09:30 - 17:00
12:30 - 14:00 휴게시간
일
09:30 - 17:00
12:30 - 14:00 휴게시간
월
09:30 - 19:00
12:30 - 14:00 휴게시간
화(6/6)
현충일09:30 - 17:00
12:30 - 14:00 휴게시간
수
09:30 - 20:30
12:30 - 14:00 휴게시간
목
09:30 - 19:00
12:30 - 14:00 휴게시간
접기",0507-1430-0340
김해센텀병원,경남 김해시 구지로 56 김해센텀병원,"병원,의원","금
09:00 - 18:00
12:30 - 13:30 휴게시간
토
09:00 - 13:00
일
정기휴무 (매주 일요일)
월
09:00 - 18:00
12:30 - 13:30 휴게시간
화(6/6)
현충일 휴무
수
09:00 - 18:00
12:30 - 13:30 휴게시간
목
09:00 - 18:00
12:30 - 13:30 휴게시간",055-330-9100
고운정형외과의원,경남 김해시 번화1로80번길 15 다성빌딩 5층,정형외과,"금
09:00 - 18:30
12:30 - 14:00 휴게시간
17:50 접수마감
토
09:00 - 13:00
12:20 접수마감
일
정기휴무 (매주 일요일)
월(6/5)
휴무
화(6/6)
현충일 휴무
수
09:00 - 18:30
12:30 - 14:00 휴게시간
17:50 접수마감
목
09:00 - 20:00
12:30 - 14:00 휴게시간
19:20 접수마감",055-333-0088
백문기한의원,부산 사상구 광장로87번길 63,한의원,"금
10:00 - 18:00
12:50 - 14:00 휴게시간
토
10:00 - 17:00
12:50 - 14:00 휴게시간
일
정기휴무 (매주 일요일)
월
10:00 - 18:00
12:50 - 14:00 휴게시간
화(6/6)
현충일10:00 - 17:00
12:50 - 14:00 휴게시간
수
10:00 - 18:00
12:50 - 14:00 휴게시간
목
정기휴무 (매주 목요일)
접기",051-312-7648
바로그의원 하단,부산 사하구 낙동남로 1412 경부빌딩 9층,피부과,"금
10:00 - 21:00
13:00 - 14:00 휴게시간
19:30 접수마감
토
10:00 - 14:00
12:30 접수마감
일
정기휴무 (매주 일요일)
월
10:00 - 19:00
13:00 - 14:00 휴게시간
17:30 접수마감
화(6/6)
현충일 휴무
수
10:00 - 19:00
13:00 - 14:00 휴게시간
17:30 접수마감
목
10:00 - 19:00
13:00 - 14:00 휴게시간
17:30 접수마감",051-202-8272
한사랑가정의원,부산 사상구 엄궁북로 24 한사랑가정의원,소아청소년과,"금
09:00 - 18:30
토
09:00 - 13:30
일
정기휴무 (매주 일요일)
월
09:00 - 18:30
화(6/6)
현충일 휴무
수
09:00 - 18:30
목
09:00 - 18:30",051-317-9234
사상구보건소,부산 사상구 학감대로 242,보건소,"금
09:00 - 18:00
12:00 - 13:00 휴게시간
토
정기휴무 (매주 토요일)
일
정기휴무 (매주 일요일)
월
09:00 - 18:00
12:00 - 13:00 휴게시간
화(6/6)
현충일 휴무
수
09:00 - 18:00
12:00 - 13:00 휴게시간
목
09:00 - 18:00
12:00 - 13:00 휴게시간",051-310-4791
삼성본정형외과의원,부산 사상구 가야대로 276 M-suare 메디컬센터 8층,정형외과,"금
09:00 - 18:30
12:30 - 14:00 휴게시간
토
09:00 - 13:00
일
정기휴무 (매주 일요일)
월
09:00 - 18:30
12:30 - 14:00 휴게시간
화
09:00 - 18:30
12:30 - 14:00 휴게시간
수
09:00 - 18:30
12:30 - 14:00 휴게시간
목
09:00 - 18:30
12:30 - 14:00 휴게시간",051-711-0280
부산더키즈병원,"부산 사하구 다대로 234 5, 6, 8, 9층",소아청소년과,"금
09:00 - 19:00
12:30 - 14:00 휴게시간
토
09:00 - 13:00
일
09:00 - 13:00
월
09:00 - 19:00
12:30 - 14:00 휴게시간
화(6/6)
현충일09:00 - 13:00
수
09:00 - 19:00
12:30 - 14:00 휴게시간
목
09:00 - 19:00
12:30 - 14:00 휴게시간",0507-1454-6003
센텀코어더율의원,경남 김해시 율하6로 56 율하메이저타워 6층 센텀코어더율의원,피부과,"금
10:00 - 19:30
12:30 - 14:00 휴게시간
토
10:00 - 16:00
12:30 - 14:00 휴게시간
일
정기휴무 (매주 일요일)
월
10:00 - 19:30
12:30 - 14:00 휴게시간
화(6/6)
현충일 휴무
수
10:00 - 19:30
12:30 - 14:00 휴게시간
목
14:30 - 20:00",055-724-2449
프라임병원,부산 사하구 낙동남로 1410,"병원,의원","금
09:00 - 18:00
12:30 - 13:30 휴게시간
토
09:00 - 13:00
일
정기휴무 (매주 일요일)
월
09:00 - 18:00
12:30 - 13:30 휴게시간
화
09:00 - 18:00
12:30 - 13:30 휴게시간
수
09:00 - 18:00
12:30 - 13:30 휴게시간
목
09:00 - 18:00
12:30 - 13:30 휴게시간",0507-1429-7833
큰나무정형외과의원,경남 김해시 능동로 161 제일프라자,정형외과,"금
09:00 - 19:00
12:30 - 14:00 휴게시간
토
09:00 - 14:00
일
정기휴무 (매주 일요일)
월
09:00 - 19:00
12:30 - 14:00 휴게시간
화(6/6)
현충일 휴무
수
09:00 - 13:00
목
09:00 - 19:00
12:30 - 14:00 휴게시간",055-313-3875
the속시원내과의원,부산 사하구 다대로 550 5층,내과,,051-265-2468
더큰병원 김해,경남 김해시 분성로 208 김해 the큰병원,신경외과,"금
09:00 - 17:30
12:30 - 13:30 휴게시간
토
09:00 - 13:00
일
정기휴무 (매주 일요일)
월
09:00 - 17:30
12:30 - 13:30 휴게시간
화
09:00 - 17:30
12:30 - 13:30 휴게시간
수
09:00 - 17:30
12:30 - 13:30 휴게시간
목
09:00 - 17:30
12:30 - 13:30 휴게시간
접기",0507-1468-0926
코아이비인후과의원,경남 김해시 장유로 232 코아상가,이비인후과,"금
09:00 - 19:00
12:30 - 14:00 휴게시간
토
09:00 - 14:00
일
정기휴무 (매주 일요일)
월
09:00 - 19:00
12:30 - 14:00 휴게시간
화(6/6)
현충일 휴무
수
09:00 - 19:00
12:30 - 14:00 휴게시간
목
09:00 - 19:00
12:30 - 14:00 휴게시간",055-314-7599
세명병원,경남 창원시 진해구 용원서로 42 세명병원,"병원,의원","금
09:00 - 18:00
12:30 - 14:00 휴게시간
토
09:00 - 13:00
일
정기휴무 (매주 일요일)
월
09:00 - 18:00
12:30 - 13:30 휴게시간
화
09:00 - 18:00
12:30 - 14:00 휴게시간
수
09:00 - 18:00
12:30 - 14:00 휴게시간
목
09:00 - 18:00
12:30 - 14:00 휴게시간",055-540-7500
성모이비인후과의원,부산 사상구 낙동대로 786,이비인후과,"금
09:00 - 18:00
12:30 - 14:00 휴게시간
토
09:00 - 12:00
일
정기휴무 (매주 일요일)
월
09:00 - 18:00
12:30 - 14:00 휴게시간
화(6/6)
현충일 휴무
수
09:00 - 18:00
12:30 - 14:00 휴게시간
목
09:00 - 18:00
12:30 - 14:00 휴게시간",051-316-1117
사랑해소아청소년과연합의원,경남 김해시 율하1로 110 중앙프라자,소아청소년과,"금
09:00 - 20:30
13:00 - 14:30 휴게시간
토
09:00 - 14:00
일
09:00 - 13:00
월
09:00 - 20:30
13:00 - 14:30 휴게시간
화(6/6)
현충일09:00 - 13:00
수
09:00 - 20:30
13:00 - 14:30 휴게시간
목
09:00 - 20:30
13:00 - 14:30 휴게시간",055-323-3360
굿모닝안과의원,경남 김해시 장유로 230 프리마빌딩,안과,"금
09:10 - 18:00
13:00 - 14:00 휴게시간
17:30 접수마감
토
09:10 - 13:00
12:30 접수마감
일
정기휴무 (매주 일요일)
월
09:10 - 18:00
13:00 - 14:00 휴게시간
17:30 접수마감
화(6/6)
현충일 휴무
수
09:10 - 18:00
13:00 - 14:00 휴게시간
17:30 접수마감
목
09:10 - 18:00
13:00 - 14:00 휴게시간
17:30 접수마감",0507-1458-0391
킴스뷰티의원,부산 사하구 낙동남로 1426,피부과,"금
10:00 - 19:00
14:00 - 15:00 휴게시간
토
10:00 - 16:00
일
정기휴무 (매주 일요일)
월
10:00 - 19:00
14:00 - 15:00 휴게시간
화(6/6)
현충일 휴무
수
10:00 - 19:00
14:00 - 15:00 휴게시간
목
10:00 - 22:00
14:00 - 15:00 휴게시간",051-205-9777
아름다운피부과의원,부산 사하구 낙동대로 466,피부과,"금
10:00 - 19:30
12:30 - 14:00 휴게시간
토
09:30 - 14:00
일
정기휴무 (매주 일요일)
월
09:30 - 18:30
12:30 - 14:00 휴게시간
화(6/6)
현충일 휴무
수
09:30 - 18:30
12:30 - 14:00 휴게시간
목
09:30 - 18:30
12:30 - 14:00 휴게시간",051-204-8114
경희병원,부산 사하구 다대로 321,"병원,의원","금
09:00 - 18:00
13:00 - 14:00 휴게시간
토
09:00 - 13:00
일
정기휴무 (매주 일요일)
월
09:00 - 18:00
13:00 - 14:00 휴게시간
화(6/6)
현충일 휴무
수
09:00 - 18:00
13:00 - 14:00 휴게시간
목
09:00 - 18:00
13:00 - 14:00 휴게시간",051-265-7575
바른정형외과의원,경남 김해시 율하1로 106 네오프라자빌딩 6층,정형외과,"금
09:00 - 19:00
12:30 - 14:00 휴게시간
18:30 접수마감
토
09:00 - 13:30
13:00 접수마감
일
정기휴무 (매주 일요일)
월(6/5)
휴무
화(6/6)
휴무
수(6/7)
휴무
목
09:00 - 19:00
12:30 - 14:00 휴게시간
18:30 접수마감",0507-1316-9399
김인기내과의원,경남 김해시 계동로23번길 3-19,내과,"금
09:00 - 18:30
12:30 - 14:00 휴게시간
토
09:00 - 13:00
일
정기휴무 (매주 일요일)
월
09:00 - 18:30
12:30 - 14:00 휴게시간
화(6/6)
현충일 휴무
수
09:00 - 18:30
12:30 - 14:00 휴게시간
목
09:00 - 18:30
12:30 - 14:00 휴게시간",055-314-3651
김해굿모닝병원,경남 김해시 분성로 444 굿모닝빌딩,"병원,의원",,055-335-0300
뮤즈의원 김해,경남 김해시 내외중앙로 92 5층 뮤즈의원 김해,피부과,"금
10:00 - 20:00
토
10:00 - 16:00
일
정기휴무 (매주 일요일)
월
10:00 - 20:00
화(6/6)
10:00 - 16:00
수
10:00 - 20:00
목
10:00 - 20:00
접기",1522-4340
김은영내과의원,부산 사하구 낙동남로 1389 이든 빌딩 6층 - 진료실,내과,"금
08:30 - 18:30
12:30 - 14:00 휴게시간
토
08:30 - 14:00
일
정기휴무 (매주 일요일)
월
08:30 - 18:30
12:30 - 14:00 휴게시간
화(6/6)
08:30 - 13:00
수
08:30 - 18:30
12:30 - 14:00 휴게시간
목
08:30 - 18:30
12:30 - 14:00 휴게시간
접기",051-202-7722
서울피부과의원,경남 김해시 내외중앙로 62 종로엠스쿨,피부과,"금
09:30 - 19:00
12:30 - 14:00 휴게시간
토
09:30 - 17:00
일
정기휴무 (매주 일요일)
월
09:30 - 19:00
12:30 - 14:00 휴게시간
화(6/6)
현충일 휴무
수
09:30 - 19:00
12:30 - 14:00 휴게시간
목
정기휴무 (매주 목요일)",055-327-0651
예인의원,부산 사상구 광장로 17 이마트,내과,"금
10:00 - 20:00
13:00 - 14:00 휴게시간
18:00 - 18:30 휴게시간
토
10:00 - 17:00
13:00 - 14:00 휴게시간
일
10:00 - 17:00
13:00 - 14:00 휴게시간
월
10:00 - 20:00
13:00 - 14:00 휴게시간
18:00 - 18:30 휴게시간
화(6/6)
현충일10:00 - 17:00
13:00 - 14:00 휴게시간
수
10:00 - 20:00
13:00 - 14:00 휴게시간
18:00 - 18:30 휴게시간
목
10:00 - 20:00
13:00 - 14:00 휴게시간
18:00 - 18:30 휴게시간
접기",051-317-7855
속시원내과의원,경남 김해시 능동로155번길 2,내과,"금
09:00 - 18:30
13:00 - 14:00 휴게시간
토
09:00 - 15:00
일
정기휴무 (매주 일요일)
월
09:00 - 18:30
13:00 - 14:00 휴게시간
화(6/6)
현충일 휴무
수
09:00 - 18:30
13:00 - 14:00 휴게시간
목
09:00 - 18:30
13:00 - 14:00 휴게시간",055-312-9955
오이비인후과의원,경남 김해시 율하1로 106 4층,이비인후과,"금
09:00 - 19:00
13:00 - 14:00 휴게시간
토
08:45 - 16:00
일
정기휴무 (매주 일요일)
월
09:00 - 19:00
13:00 - 14:00 휴게시간
화(6/6)
현충일09:00 - 13:00
수
09:00 - 19:00
13:00 - 14:00 휴게시간
목
09:00 - 19:00
13:00 - 14:00 휴게시간
접기",055-323-6525
한나이비인후과의원,경남 김해시 번화1로80번길 15 다성빌딩,이비인후과,"금
09:00 - 18:40
12:30 - 14:00 휴게시간
18:30 접수마감
토
09:00 - 13:20
13:10 접수마감
일
정기휴무 (매주 일요일)
월
09:00 - 18:40
12:30 - 14:00 휴게시간
18:30 접수마감
화
09:00 - 18:40
12:30 - 14:00 휴게시간
18:30 접수마감
수
09:00 - 18:40
12:30 - 14:00 휴게시간
18:30 접수마감
목
09:00 - 18:40
12:30 - 14:00 휴게시간
18:30 접수마감
접기",055-314-8900
쉬즈라인의원 덕천점,부산 북구 만덕대로 22,성형외과,"금
10:00 - 20:30
13:00 - 14:00 휴게시간
토
10:00 - 16:00
13:00 - 14:00 휴게시간
일
정기휴무 (매주 일요일)
월
10:00 - 20:30
13:00 - 14:00 휴게시간
화(6/6)
현충일10:00 - 16:00
수
10:00 - 20:30
13:00 - 14:00 휴게시간
목
10:00 - 20:30
13:00 - 14:00 휴게시간
접기",051-331-8877
온맘여성한의원 부산덕천,부산 북구 백양대로 1200 정수빌딩 3층,한의원,"금
10:00 - 20:30
13:00 - 14:00 휴게시간
토
10:00 - 16:00
일
정기휴무 (매주 일요일)
월
10:00 - 20:30
13:00 - 14:00 휴게시간
화
10:00 - 18:30
13:00 - 14:00 휴게시간
수
10:00 - 20:30
13:00 - 14:00 휴게시간
목
정기휴무 (매주 목요일)",0507-1394-0333
장윤석이비인후과의원,부산 북구 백양대로 1013-1 용원상가빌,이비인후과,"금
09:00 - 19:00
12:30 - 14:00 휴게시간
토
09:00 - 14:00
12:30 - 14:00 휴게시간
일
정기휴무 (매주 일요일)
월
09:00 - 19:00
12:30 - 14:00 휴게시간
화(6/6)
현충일09:00 - 13:00
12:30 - 14:00 휴게시간
수
14:00 - 20:00
12:30 - 14:00 휴게시간
목
09:00 - 19:00
12:30 - 14:00 휴게시간",051-341-9525
부산내과의원,부산 사하구 낙동대로 449,내과,"금
08:50 - 18:20
13:00 - 14:00 휴게시간
18:00 접수마감
토
08:50 - 15:20
13:00 - 13:40 휴게시간
15:00 접수마감
일
정기휴무 (매주 일요일)
월
08:50 - 18:20
13:00 - 14:00 휴게시간
18:00 접수마감
화(6/6)
현충일08:50 - 13:00
수
08:50 - 18:20
13:00 - 14:00 휴게시간
18:00 접수마감
목
08:50 - 18:20
13:00 - 14:00 휴게시간
18:00 접수마감",051-291-9550
좋은삼선병원,부산 사상구 가야대로 326,종합병원,"금
09:00 - 17:00
12:30 - 13:30 휴게시간
토
09:00 - 13:00
일
정기휴무 (매주 일요일)
월
09:00 - 18:00
12:30 - 13:30 휴게시간
화(6/6)
현충일 휴무
수
09:00 - 17:00
12:30 - 13:30 휴게시간
목
09:00 - 17:00
12:30 - 13:30 휴게시간",051-322-0900
하얀피부과의원,경남 김해시 가락로 26,피부과,"금
09:00 - 20:00
12:30 - 14:00 휴게시간
토
09:00 - 14:30
일
정기휴무 (매주 일요일)
월
09:00 - 18:00
12:30 - 14:00 휴게시간
화(6/6)
현충일 휴무
수
09:00 - 18:00
12:30 - 14:00 휴게시간
목
09:00 - 12:30",055-338-7791
예원이비인후과의원,경남 김해시 인제로 174 포세븐 게임랜드,이비인후과,"금
09:00 - 18:20
12:40 - 14:00 휴게시간
토
09:00 - 13:00
일
정기휴무 (매주 일요일)
월
09:00 - 18:20
12:40 - 14:00 휴게시간
화(6/6)
현충일 휴무
수
09:00 - 18:20
12:40 - 14:00 휴게시간
목
09:00 - 18:20
12:40 - 14:00 휴게시간",055-323-7582
오늘더맑음의원,경남 김해시 율하6로 49 솔리비오빌딩 4층,소아청소년과,"금
09:30 - 19:30
12:30 - 14:00 휴게시간
19:15 접수마감
토
09:30 - 14:00
13:45 접수마감
일
정기휴무 (매주 일요일)
월
09:30 - 19:30
12:30 - 14:00 휴게시간
19:15 접수마감
화(6/6)
현충일 휴무
수
09:30 - 19:30
12:30 - 14:00 휴게시간
19:15 접수마감
목
09:30 - 19:30
12:30 - 14:00 휴게시간
19:15 접수마감",055-724-2575
명인내과의원,부산 사상구 낙동대로 790 신우프라자,내과,"금
09:00 - 18:30
13:00 - 14:00 휴게시간
토
09:00 - 13:00
일
정기휴무 (매주 일요일)
월
09:00 - 18:30
13:00 - 14:00 휴게시간
화(6/6)
현충일 휴무
수
09:00 - 13:00
목
09:00 - 18:30
13:00 - 14:00 휴게시간",051-321-2119
김윤원정신건강의학과의원,부산 북구 만덕대로 15,정신건강의학과,"금
09:30 - 18:30
13:00 - 14:00 휴게시간
토
09:30 - 14:00
일
정기휴무 (매주 일요일)
월
09:30 - 18:30
13:00 - 14:00 휴게시간
화(6/6)
현충일 휴무
수
09:30 - 18:30
13:00 - 14:00 휴게시간
목
14:00 - 18:30",051-361-8875
용원성모안과의원,경남 창원시 진해구 안골로 338,안과,"금
09:00 - 18:00
13:00 - 14:00 휴게시간
토(6/3)
휴무
일
정기휴무 (매주 일요일)
월
09:00 - 18:00
13:00 - 14:00 휴게시간
화(6/6)
현충일 휴무
수(6/7)
휴무
목
09:00 - 18:00
13:00 - 14:00 휴게시간",055-546-2002
김동진정신건강의학과의원,부산 사하구 다대로 547 4층,정신건강의학과,"금
09:30 - 18:30
13:00 - 14:30 휴게시간
18:15 접수마감
토
09:00 - 13:00
12:45 접수마감
일
정기휴무 (매주 일요일)
월
09:30 - 18:30
13:00 - 14:30 휴게시간
18:15 접수마감
화(6/6)
현충일 휴무
수
09:30 - 18:30
13:00 - 14:30 휴게시간
18:15 접수마감
목
09:30 - 18:30
13:00 - 14:30 휴게시간
18:15 접수마감",051-263-0911
장림한서병원,부산 사하구 다대로 315,"병원,의원","금
08:30 - 17:00
12:30 - 13:30 휴게시간
토
08:30 - 12:30
일
정기휴무 (매주 일요일)
월
08:30 - 17:00
12:30 - 13:30 휴게시간
화(6/6)
현충일 휴무
수
08:30 - 17:00
12:30 - 13:30 휴게시간
목
08:30 - 17:00
12:30 - 13:30 휴게시간",051-262-3344
안호식소아청소년과의원,부산 사상구 가야대로 274,소아청소년과,"금
09:00 - 18:00
13:00 - 14:00 휴게시간
토
09:00 - 13:00
일
정보없음
월
09:00 - 18:00
13:00 - 14:00 휴게시간
화
09:00 - 18:00
13:00 - 14:00 휴게시간
수
09:00 - 18:00
13:00 - 14:00 휴게시간
목
09:00 - 18:00
13:00 - 14:00 휴게시간
접기",051-311-1114
이현연합의원,경남 창원시 진해구 신항동로 141 애플타운헤리티지 2층 205호,소아청소년과,"금
09:00 - 18:30
12:30 - 14:00 휴게시간
토
09:00 - 13:00
일
정기휴무 (매주 일요일)
월
09:00 - 18:30
12:30 - 14:00 휴게시간
화(6/6)
현충일 휴무
수
09:00 - 18:30
12:30 - 14:00 휴게시간
목
09:00 - 18:30
12:30 - 14:00 휴게시간",055-551-6220
더탄탄병원,"부산 사하구 사하로 189 상가 201호, 301호, 401호",정형외과,"금
09:00 - 17:00
12:30 - 13:30 휴게시간
토
09:00 - 13:00
일
정기휴무 (매주 일요일)
월
09:00 - 17:00
12:30 - 13:30 휴게시간
화(6/6)
현충일 휴무
수
09:00 - 17:00
12:30 - 13:30 휴게시간
목
09:00 - 17:00
12:30 - 13:30 휴게시간",0507-1397-1000
덕천김안과의원,부산 북구 만덕대로 14,안과,"금
09:30 - 18:00
13:00 - 14:00 휴게시간
토
09:30 - 12:30
일
정기휴무 (매주 일요일)
월
09:30 - 18:00
13:00 - 14:00 휴게시간
화(6/6)
현충일09:30 - 11:30
수
09:30 - 18:00
13:00 - 14:00 휴게시간
목
09:30 - 18:00
13:00 - 14:00 휴게시간
접기",051-334-3632
이재홍내과의원,경남 김해시 내외로 79 2층,내과,"금
09:00 - 18:30
토
09:00 - 14:00
일
정기휴무 (매주 일요일)
월
09:00 - 18:30
화(6/6)
현충일 휴무
수
09:00 - 18:30
목
09:00 - 18:30",055-326-6030
사랑가득안과의원,부산 사하구 낙동남로 1412 경부빌딩 4층,안과,"금
09:00 - 18:00
17:30 접수마감
토
09:00 - 14:00
13:30 접수마감
일
정기휴무 (매주 일요일)
월
09:00 - 18:00
17:30 접수마감
화(6/6)
현충일 휴무
수
09:00 - 18:00
17:30 접수마감
목
09:00 - 18:00
17:30 접수마감",051-291-0015
서희내과의원,부산 사하구 다송로 14,내과,"금
09:00 - 18:00
12:50 - 14:00 휴게시간
토
09:00 - 13:00
일
정기휴무 (매주 일요일)
월
09:00 - 18:00
12:50 - 14:00 휴게시간
화(6/6)
현충일 휴무
수
09:00 - 18:00
12:50 - 14:00 휴게시간
목
09:00 - 18:00
12:50 - 14:00 휴게시간",051-266-5789
율하김내과의원,경남 김해시 율하3로 21 율하메디칼,내과,"금
09:00 - 18:30
토
09:00 - 13:00
일
정기휴무 (매주 일요일)
월
09:00 - 18:30
화(6/6)
현충일 휴무
수
09:00 - 18:30
목
09:00 - 18:30",055-321-7696
강기영가정의학과의원,부산 사하구 다대낙조2길 100 상가동 309호,가정의학과,"금
09:00 - 18:30
12:30 - 14:00 휴게시간
토
09:00 - 13:00
일
정기휴무 (매주 일요일)
월
09:00 - 18:30
12:30 - 14:00 휴게시간
화(6/6)
현충일 휴무
수
09:00 - 13:00
목
09:00 - 18:30
12:30 - 14:00 휴게시간",051-265-8122
필업비뇨기과의원,부산 사상구 광장로 77,비뇨의학과,"금
09:30 - 18:00
12:45 - 14:00 휴게시간
토
09:30 - 12:30
일
정기휴무 (매주 일요일)
월
09:30 - 18:00
12:45 - 14:00 휴게시간
화(6/6)
현충일 휴무
수
09:30 - 18:00
12:45 - 14:00 휴게시간
목
09:30 - 18:00
12:45 - 14:00 휴게시간",051-317-7582
삼성노블의원,경남 김해시 내외중앙로 59 내동 햄튼타워 6층 601호,성형외과,"금
14:00 - 21:00
토
09:30 - 15:00
일
정기휴무 (매주 일요일)
월
09:30 - 19:00
13:00 - 14:00 휴게시간
화(6/6)
현충일 휴무
수
09:30 - 19:00
13:00 - 14:00 휴게시간
목
09:30 - 19:00
13:00 - 14:00 휴게시간",055-326-4321
하단성모안과의원,부산 사하구 낙동대로 448 5층,안과,"금
09:00 - 18:00
13:00 - 14:00 휴게시간
토
09:00 - 13:00
일
정기휴무 (매주 일요일)
월
09:00 - 18:00
13:00 - 14:00 휴게시간
화(6/6)
현충일 휴무
수
09:00 - 18:00
13:00 - 14:00 휴게시간
목
09:00 - 18:00
13:00 - 14:00 휴게시간",051-791-0075
연세힐라치과의원,"경남 김해시 능동로 161 제일프라자 5,7층",치과,"금
09:30 - 19:00
13:00 - 14:30 휴게시간
토
09:30 - 14:00
일
정기휴무 (매주 일요일)
월
09:30 - 19:00
13:00 - 14:30 휴게시간
화(6/6)
현충일 휴무
수
09:30 - 19:00
13:00 - 14:30 휴게시간
목
09:30 - 20:30
13:00 - 14:30 휴게시간",055-312-9100
우리이비인후과의원,경남 창원시 진해구 안골로 336 형제빌딩,이비인후과,"금
09:00 - 18:00
13:00 - 14:00 휴게시간
토
09:00 - 13:00
일
정기휴무 (매주 일요일)
월
09:00 - 18:00
13:00 - 14:00 휴게시간
화(6/6)
현충일 휴무
수
09:00 - 18:00
13:00 - 14:00 휴게시간
목
09:00 - 18:00
13:00 - 14:00 휴게시간",055-552-8600
늘푸른의원,경남 김해시 함박로101번길 6 임호빌딩,내과,"금
09:00 - 18:30
13:00 - 14:00 휴게시간
토
09:00 - 15:00
일
09:00 - 14:00
월
09:00 - 18:30
13:00 - 14:00 휴게시간
화(6/6)
현충일09:00 - 14:00
수
09:00 - 18:30
13:00 - 14:00 휴게시간
목
09:00 - 18:30
13:00 - 14:00 휴게시간
접기",0507-1304-0449
보훈공단 부산보훈병원,부산 사상구 백양대로 420,보훈병원,"금
09:00 - 17:00
12:30 - 13:30 휴게시간
토
정기휴무 (매주 토요일)
일
정기휴무 (매주 일요일)
월
09:00 - 17:00
12:30 - 13:30 휴게시간
화(6/6)
현충일 휴무
수
09:00 - 17:00
12:30 - 13:30 휴게시간
목
09:00 - 17:00
12:30 - 13:30 휴게시간",1800-3100
더나은365한의원 김해점,경남 김해시 율하3로 53 경보프라자 2층,한의원,"금
10:00 - 20:00
13:00 - 14:00 휴게시간
토
10:00 - 15:00
일
10:00 - 15:00
월
10:00 - 20:00
13:00 - 14:00 휴게시간
화(6/6)
현충일10:00 - 15:00
수
10:00 - 20:00
13:00 - 14:00 휴게시간
목
10:00 - 20:00
13:00 - 14:00 휴게시간
접기",055-334-0365
서울새싹병원,경남 김해시 율하3로 53,소아청소년과,"금
09:00 - 18:30
13:00 - 14:30 휴게시간
토
09:00 - 13:00
일(6/4)
정기휴무 (매달 1, 3, 5번째 일요일)
월
09:00 - 18:30
13:00 - 14:30 휴게시간
화(6/6)
현충일09:00 - 13:00
수
09:00 - 18:30
13:00 - 14:30 휴게시간
목
09:00 - 18:30
13:00 - 14:30 휴게시간",055-312-9000
공감정신건강의학과의원,경남 김해시 능동로149번길 6,정신건강의학과,"금
09:00 - 18:00
13:00 - 14:00 휴게시간
17:00 접수마감
토
09:00 - 13:00
12:00 접수마감
일
정기휴무 (매주 일요일)
월
09:00 - 18:00
13:00 - 14:00 휴게시간
17:00 접수마감
화(6/6)
현충일 휴무
수
09:00 - 13:00
12:00 접수마감
목
09:00 - 18:00
13:00 - 14:00 휴게시간
17:00 접수마감",055-325-8275
장사랑내과영상의학과의원,부산 사하구 낙동대로 438,내과,"금
08:00 - 18:00
토
08:00 - 14:00
일
정기휴무 (매주 일요일)
월
08:00 - 18:00
화(6/6)
현충일 휴무
수
08:00 - 18:00
목
08:00 - 18:00",051-207-1088
늘푸른내과의원,경남 김해시 번화1로79번길 2 2층,내과,"금
09:00 - 18:00
토
09:00 - 13:00
일
09:00 - 18:00
월
09:00 - 18:00
화(6/6)
현충일 휴무
수
09:00 - 18:00
목
09:00 - 18:00",055-313-0095
선샤인피부과의원,부산 사상구 가야대로 276 엘리트치과병원건물 3층 선샤인피부과의원,피부과,"금
09:30 - 20:00
13:00 - 14:30 휴게시간
토
09:30 - 14:00
일
정기휴무 (매주 일요일)
월
09:30 - 20:00
13:00 - 14:30 휴게시간
화(6/6)
현충일 휴무
수
09:30 - 19:00
13:00 - 14:30 휴게시간
목
09:30 - 19:00
13:00 - 14:30 휴게시간",0507-1495-3210
고운나라피부과의원,경남 김해시 내외중앙로 57 경남프라자,피부과,"금
10:00 - 18:00
17:30 접수마감
토
10:00 - 16:00
15:30 접수마감
일
정기휴무 (매주 일요일)
월
10:00 - 18:00
17:30 접수마감
화(6/6)
현충일 휴무
수
10:00 - 18:00
17:30 접수마감
목
정기휴무 (매주 목요일)",055-338-7510
박만규피부과의원,부산 사상구 가야대로 272,피부과,"금
09:10 - 18:00
13:00 - 14:00 휴게시간
17:30 접수마감
토
09:10 - 13:00
12:30 접수마감
일
정기휴무 (매주 일요일)
월
09:10 - 18:00
13:00 - 14:00 휴게시간
17:30 접수마감
화(6/6)
현충일 휴무
수
09:10 - 18:00
13:00 - 14:00 휴게시간
17:30 접수마감
목
09:10 - 18:00
13:00 - 14:00 휴게시간
17:30 접수마감",0507-1492-5445
괴정아트치과의원,"부산 사하구 사하로 189 307,308호",치과,"금
09:30 - 19:00
12:30 - 14:00 휴게시간
18:30 접수마감
토
09:30 - 13:00
12:30 접수마감
일
정기휴무 (매주 일요일)
월
09:30 - 19:00
12:30 - 14:00 휴게시간
18:30 접수마감
화(6/6)
현충일 휴무
수
09:30 - 19:00
12:30 - 14:00 휴게시간
18:30 접수마감
목
14:00 - 20:00
19:30 접수마감",051-204-2801
가본이비인후과의원,부산 사상구 엄궁북로 22,이비인후과,"금
09:00 - 18:30
12:30 - 14:00 휴게시간
토
09:00 - 13:00
일
정기휴무 (매주 일요일)
월
09:00 - 18:30
12:30 - 14:00 휴게시간
화(6/6)
현충일 휴무
수
09:00 - 18:30
12:30 - 14:00 휴게시간
목
09:00 - 18:30
12:30 - 14:00 휴게시간",051-325-5075
한마음정형외과의원,경남 창원시 진해구 용원로 9 엠파이어상가 4층 402호,정형외과,"금
09:00 - 19:00
13:00 - 14:00 휴게시간
18:50 접수마감
토
09:00 - 13:00
12:50 접수마감
일
정기휴무 (매주 일요일)
월
09:00 - 19:00
13:00 - 14:00 휴게시간
18:50 접수마감
화(6/6)
현충일 휴무
수
정기휴무 (매주 수요일)
목
09:00 - 19:00
13:00 - 14:00 휴게시간
18:50 접수마감",055-552-0052
메이퓨어의원 부산덕천점,부산 북구 만덕대로 16 8층,피부과,"금
10:30 - 20:30
토
10:00 - 17:00
일
정기휴무 (매주 일요일)
월
10:30 - 20:30
화(6/6)
현충일 휴무
수
10:30 - 20:30
목
10:30 - 20:30",051-337-9960
굿모닝대홍병원,경남 김해시 분성로 180 해산빌딩,외과,"금
09:00 - 19:30
12:30 - 14:00 휴게시간
19:00 접수마감
토
09:00 - 12:30
12:00 접수마감
일
정기휴무 (매주 일요일)
월
09:00 - 17:00
12:30 - 14:00 휴게시간
16:30 접수마감
화(6/6)
현충일 휴무
수
09:00 - 17:00
12:30 - 14:00 휴게시간
16:30 접수마감
목
09:00 - 17:00
12:30 - 14:00 휴게시간
16:30 접수마감",0507-1428-0025
율하수안피부과의원,경남 김해시 율하3로 38 경보오션 6층,피부과,"금
09:30 - 18:30
12:30 - 14:00 휴게시간
토
09:30 - 13:30
일
정기휴무 (매주 일요일)
월
09:30 - 18:30
12:30 - 14:00 휴게시간
화(6/6)
현충일 휴무
수
14:00 - 19:30
목
09:30 - 18:30
12:30 - 14:00 휴게시간",055-723-3070
탑치과의원,부산 사하구 다대로 550 해랑빌딩 2층,치과,"금
09:30 - 19:00
13:00 - 14:00 휴게시간
18:00 접수마감
토
09:30 - 14:00
13:00 접수마감
일
정기휴무 (매주 일요일)
월
09:30 - 19:00
13:00 - 14:00 휴게시간
18:00 접수마감
화(6/6)
현충일 휴무
수
09:30 - 13:00
12:00 접수마감
목
09:30 - 19:00
13:00 - 14:00 휴게시간
18:00 접수마감",051-266-8275
수정안과의원,부산 북구 만덕대로 5,안과,"금
09:00 - 18:00
13:00 - 14:00 휴게시간
토
09:00 - 16:00
일
정기휴무 (매주 일요일)
월
09:00 - 18:00
13:00 - 14:00 휴게시간
화(6/6)
현충일09:00 - 13:00
수
09:00 - 18:00
13:00 - 14:00 휴게시간
목
09:00 - 18:00
13:00 - 14:00 휴게시간",051-331-7575
윤이비인후과의원,경남 김해시 능동로 159,이비인후과,"금
09:00 - 19:00
13:00 - 14:00 휴게시간
토
09:00 - 16:00
일
정기휴무 (매주 일요일)
월
09:00 - 19:00
13:00 - 14:00 휴게시간
화(6/6)
현충일 휴무
수
09:00 - 19:00
13:00 - 14:00 휴게시간
목
09:00 - 19:00
13:00 - 14:00 휴게시간",055-312-7731
부산탑이비인후과의원,부산 사상구 가야대로 276 M-square 메디컬센터 5층 501호 (주례동),이비인후과,"금
09:00 - 18:30
12:30 - 14:00 휴게시간
토
09:00 - 13:00
일
정기휴무 (매주 일요일)
월
09:00 - 18:30
12:30 - 14:00 휴게시간
화(6/6)
현충일09:00 - 13:00
수
09:00 - 18:30
12:30 - 14:00 휴게시간
목
09:00 - 18:30
12:30 - 14:00 휴게시간
접기",051-710-7655
생각나는이비인후과의원,부산 사하구 하신번영로 199 3층,이비인후과,"금
09:00 - 18:30
12:30 - 14:00 휴게시간
토
09:00 - 13:00
일
정기휴무 (매주 일요일)
월
09:00 - 18:30
12:30 - 14:00 휴게시간
화(6/6)
현충일 휴무
수
09:00 - 13:00
목
09:00 - 18:30
12:30 - 14:00 휴게시간",051-201-5656
새한빛정형외과의원,경남 김해시 활천로 229 한빛메디칼센터,정형외과,"금
09:00 - 18:00
12:30 - 13:30 휴게시간
토
09:00 - 12:00
일
정기휴무 (매주 일요일)
월
09:00 - 18:00
12:30 - 13:30 휴게시간
화(6/6)
현충일 휴무
수
09:00 - 18:00
12:30 - 13:30 휴게시간
목
09:00 - 18:00
12:30 - 13:30 휴게시간",055-327-7525
365엠아이치과의원,"경남 김해시 번화1로44번길 6 엠아이병원 신관 4층, 5층(대청동 다이소 뒤편)",치과,"금
10:00 - 21:00
13:00 - 14:00 휴게시간
17:00 - 18:00 휴게시간
토
10:00 - 17:00
13:00 - 14:00 휴게시간
일
10:00 - 17:00
13:00 - 14:00 휴게시간
월
10:00 - 21:00
13:00 - 14:00 휴게시간
17:00 - 18:00 휴게시간
화(6/6)
현충일10:00 - 17:00
13:00 - 14:00 휴게시간
수
10:00 - 21:00
13:00 - 14:00 휴게시간
17:00 - 18:00 휴게시간
목
10:00 - 21:00
13:00 - 14:00 휴게시간
17:00 - 18:00 휴게시간",055-311-2879
참사랑의원,부산 사상구 덕상로 14 대원빌딩,가정의학과,"금
09:00 - 18:30
12:30 - 14:00 휴게시간
토
09:00 - 13:00
일
정기휴무 (매주 일요일)
월
09:00 - 18:30
12:30 - 14:00 휴게시간
화(6/6)
현충일 휴무
수
09:00 - 18:30
12:30 - 14:00 휴게시간
목
09:00 - 18:30
12:30 - 14:00 휴게시간",051-304-7584
한국한센복지협회 부산지부 부설 복지의원,부산 사하구 다대로 263 5층 501호,피부과,"금
09:00 - 18:00
12:30 - 13:30 휴게시간
17:30 접수마감
토
09:00 - 13:00
12:30 접수마감
일
정기휴무 (매주 일요일)
월
09:00 - 18:00
12:30 - 13:30 휴게시간
17:30 접수마감
화(6/6)
현충일 휴무
수
09:00 - 18:00
12:30 - 13:30 휴게시간
17:30 접수마감
목
09:00 - 18:00
12:30 - 13:30 휴게시간
17:30 접수마감",051-262-7511
정한의원,경남 김해시 율하3로 5 정한의원,한의원,"금
09:30 - 17:00
12:30 - 14:00 휴게시간
토(6/3)
휴무
일(6/4)
휴무
월(6/5)
휴무
화(6/6)
휴무
수
09:30 - 17:00
12:30 - 14:00 휴게시간
목
14:00 - 20:00",055-311-0001
시원한이비인후과의원,부산 사하구 낙동대로 448 3층,이비인후과,"금
09:30 - 18:15
13:00 - 14:30 휴게시간
18:10 접수마감
토
09:30 - 13:00
12:55 접수마감
일
정기휴무 (매주 일요일)
월
09:30 - 18:15
13:00 - 14:30 휴게시간
18:10 접수마감
화(6/6)
현충일 휴무
수
09:30 - 18:15
13:00 - 14:30 휴게시간
18:10 접수마감
목
09:30 - 18:15
13:00 - 14:30 휴게시간
18:10 접수마감",051-202-3447
장유어린이치과의원,경남 김해시 능동로 157 거북빌딩 4층,치과,"금
09:30 - 18:00
13:00 - 14:30 휴게시간
토
09:30 - 13:00
일
정기휴무 (매주 일요일)
월
09:30 - 18:00
13:00 - 14:30 휴게시간
화(6/6)
현충일 휴무
수
09:30 - 18:00
13:00 - 14:30 휴게시간
목
09:30 - 18:00
13:00 - 14:30 휴게시간",055-314-1275
율하봄소아청소년과의원,경남 김해시 율하6로 56 메이저타워 3층,소아청소년과,"금
09:00 - 19:00
12:30 - 14:00 휴게시간
토
09:00 - 14:00
일
정기휴무 (매주 일요일)
월
09:00 - 19:00
12:30 - 14:00 휴게시간
화(6/6)
현충일 휴무
수
09:00 - 19:00
12:30 - 14:00 휴게시간
목
09:00 - 19:00
12:30 - 14:00 휴게시간",055-325-5050
중앙자모산부인과의원,경남 김해시 인제로 159 2층,산부인과,"금
10:00 - 16:00
토
정기휴무 (매주 토요일)
일
정기휴무 (매주 일요일)
월
10:00 - 16:00
화(6/6)
현충일 휴무
수
정기휴무 (매주 수요일)
목
10:00 - 16:00",055-325-6789
덕천필피부과의원,부산 북구 만덕대로 22 드림메디칼빌딩 6층,피부과,"금
09:30 - 17:30
12:50 - 14:00 휴게시간
토
09:30 - 12:30
일
정기휴무 (매주 일요일)
월
09:30 - 17:30
12:50 - 14:00 휴게시간
화(6/6)
현충일 휴무
수
09:30 - 17:30
12:50 - 14:00 휴게시간
목
14:00 - 17:30",0507-1412-1236
하나의원,경남 김해시 번화1로80번길 15 다성빌딩,피부과,"금
09:00 - 18:30
12:30 - 14:00 휴게시간
토
09:00 - 13:30
일
정기휴무 (매주 일요일)
월
09:00 - 18:30
12:30 - 14:00 휴게시간
화(6/6)
현충일 휴무
수
09:00 - 12:30
목
09:00 - 18:30
12:30 - 14:00 휴게시간",0507-1423-3111
부산자생한방병원,"부산 사하구 낙동남로 1427 6, 7, 8, 9층",한방병원,"금
09:00 - 19:00
13:00 - 14:00 휴게시간
12:00 접수마감
토
09:00 - 18:00
13:00 - 14:00 휴게시간
12:00 접수마감
일
정기휴무 (매주 일요일)
월
09:00 - 19:00
13:00 - 14:00 휴게시간
12:00 접수마감
화(6/6)
현충일09:00 - 18:00
수
09:00 - 19:00
13:00 - 14:00 휴게시간
12:00 접수마감
목
09:00 - 19:00
13:00 - 14:00 휴게시간
12:00 접수마감",1577-0007
당당한방병원 김해,"경남 김해시 가락로 23 당당메디컬센터 5, 6, 7, 8, 9층",한방병원,"금
09:00 - 20:30
12:30 - 14:00 휴게시간
토
09:00 - 15:00
일
정기휴무 (매주 일요일)
월
09:00 - 20:30
12:30 - 14:00 휴게시간
화(6/6)
현충일 휴무
수
09:00 - 20:30
12:30 - 14:00 휴게시간
목
09:00 - 20:30
12:30 - 14:00 휴게시간",055-331-2020
배주한피부과의원,부산 사하구 낙동대로 213,피부과,"금
09:30 - 19:00
토
09:30 - 13:00
일
정기휴무 (매주 일요일)
월
09:30 - 19:00
화(6/6)
현충일 휴무
수
09:30 - 19:00
목
09:30 - 19:00",051-204-7870
지상근내과의원,부산 사하구 낙동대로 162 2층,내과,"금
09:00 - 18:30
13:00 - 14:00 휴게시간
토
09:00 - 14:00
일
정기휴무 (매주 일요일)
월
09:00 - 18:30
13:00 - 14:00 휴게시간
화
09:00 - 18:30
13:00 - 14:00 휴게시간
수
09:00 - 18:30
13:00 - 14:00 휴게시간
목
09:00 - 18:30
13:00 - 14:00 휴게시간
접기",051-207-9862
더맑은피부과의원,경남 김해시 능동로167번길 1,피부과,"금
09:30 - 18:00
12:30 - 14:00 휴게시간
17:50 접수마감
토
09:00 - 13:00
12:50 접수마감
일
정기휴무 (매주 일요일)
월
09:30 - 19:30
12:30 - 14:00 휴게시간
19:20 접수마감
화(6/6)
현충일 휴무
수
09:30 - 12:30
12:20 접수마감
목
09:30 - 19:30
12:30 - 14:00 휴게시간
19:20 접수마감",055-339-9100
에디스여성병원,부산 사하구 낙동대로 361,산부인과,"금
09:00 - 19:30
13:00 - 14:00 휴게시간
토
09:00 - 15:00
일
09:00 - 13:00
월
09:00 - 19:30
13:00 - 14:00 휴게시간
화(6/6)
현충일09:00 - 13:00
수
09:00 - 19:30
13:00 - 14:00 휴게시간
목
09:00 - 19:30
13:00 - 14:00 휴게시간
접기",051-206-0999
새봄산부인과의원,부산 사상구 광장로 77 4층,산부인과,"금
09:30 - 19:00
13:00 - 14:00 휴게시간
18:50 접수마감
토
09:30 - 15:30
13:00 - 14:00 휴게시간
15:20 접수마감
일
정기휴무 (매주 일요일)
월
09:30 - 19:00
13:00 - 14:00 휴게시간
18:50 접수마감
화(6/6)
현충일 휴무
수
09:30 - 19:00
13:00 - 14:00 휴게시간
18:50 접수마감
목
09:30 - 19:00
13:00 - 14:00 휴게시간
18:50 접수마감",051-311-1331
서울소아청소년과의원,경남 김해시 번화1로80번길 5,소아청소년과,"금
09:00 - 18:00
토
09:00 - 12:30
일
정보없음
월
09:00 - 18:00
화
09:00 - 18:00
수
09:00 - 18:00
목
09:00 - 18:00
접기",055-314-7007
뉴본여성의원,부산 사하구 낙동대로 234 조일빌딩,산부인과,"금
09:00 - 18:00
13:00 - 14:00 휴게시간
토
09:00 - 15:00
일
정기휴무 (매주 일요일)
월
09:00 - 19:00
13:00 - 14:00 휴게시간
화(6/6)
현충일 휴무
수
09:00 - 19:00
13:00 - 14:00 휴게시간
목
09:00 - 19:00
13:00 - 14:00 휴게시간",051-291-7777
새힘정형외과의원,"부산 사하구 하신번영로 183 2,3,5,6층",정형외과,"금
09:00 - 18:00
13:00 - 14:00 휴게시간
12:50, 17:50 접수마감
토
09:00 - 13:00
12:50 접수마감
일
정기휴무 (매주 일요일)
월
09:00 - 18:00
13:00 - 14:00 휴게시간
12:50, 17:50 접수마감
화(6/6)
현충일 휴무
수
09:00 - 18:00
13:00 - 14:00 휴게시간
12:50, 17:50 접수마감
목
09:00 - 18:00
13:00 - 14:00 휴게시간
12:50, 17:50 접수마감",051-293-7582
굿보스톤치과의원,경남 김해시 인제로 182 2층 202호,치과,"금
09:40 - 20:00
13:00 - 14:30 휴게시간
19:30 접수마감
토
09:40 - 13:30
13:00 접수마감
일
정기휴무 (매주 일요일)
월
09:40 - 19:00
13:00 - 14:30 휴게시간
18:30 접수마감
화(6/6)
현충일 휴무
수
14:30 - 20:00
19:30 접수마감
목
09:40 - 13:00
12:30 접수마감",0507-1321-5387
율하부부치과의원,경남 김해시 율하3로 49 유성프라자 401호,치과,"금
09:30 - 19:00
12:30 - 14:00 휴게시간
토
09:00 - 13:00
일
정기휴무 (매주 일요일)
월
09:30 - 19:00
12:30 - 14:00 휴게시간
화(6/6)
현충일 휴무
수
09:30 - 19:00
12:30 - 14:00 휴게시간
목
09:30 - 19:00
12:30 - 14:00 휴게시간",0507-1434-2877
김해시서부보건소,경남 김해시 능동로 149,보건소,"금
09:00 - 18:00
12:00 - 13:00 휴게시간
토
정기휴무 (매주 토요일)
일
정기휴무 (매주 일요일)
월
09:00 - 18:00
12:00 - 13:00 휴게시간
화(6/6)
현충일 휴무
수
09:00 - 18:00
12:00 - 13:00 휴게시간
목
09:00 - 18:00
12:00 - 13:00 휴게시간",1577-9400
이본의원,부산 사하구 낙동대로 451 금동빌딩,성형외과,"금
10:00 - 21:00
토
10:00 - 15:00
일
정기휴무 (매주 일요일)
월
10:00 - 19:00
화(6/6)
현충일 휴무
수
10:00 - 19:00
목
10:00 - 19:00",051-202-0060
서정출이비인후과의원,부산 사상구 운산로 52,이비인후과,"금
09:00 - 18:00
13:00 - 14:00 휴게시간
토
09:00 - 13:00
일
정기휴무 (매주 일요일)
월
09:00 - 18:00
13:00 - 14:00 휴게시간
화(6/6)
현충일 휴무
수
09:00 - 18:00
13:00 - 14:00 휴게시간
목
09:00 - 18:00
13:00 - 14:00 휴게시간",051-316-8275
킴스가정의학과의원,부산 사상구 대동로 107 명정빌딩 2층,가정의학과,"금
09:00 - 13:00
토
정기휴무 (매주 토요일)
일
09:00 - 17:00
13:00 - 14:00 휴게시간
월
09:00 - 18:30
13:00 - 14:00 휴게시간
화(6/6)
현충일 휴무
수
09:00 - 18:30
13:00 - 14:00 휴게시간
목
09:00 - 18:30
13:00 - 14:00 휴게시간",051-323-7577
율하바른의원,경남 김해시 율하로 478 201호,내과,"금
09:00 - 18:30
13:00 - 14:00 휴게시간
토
09:00 - 14:00
일
정기휴무 (매주 일요일)
월
09:00 - 18:30
13:00 - 14:00 휴게시간
화(6/6)
현충일 휴무
수
09:00 - 18:30
13:00 - 14:00 휴게시간
목
09:00 - 18:30
13:00 - 14:00 휴게시간",055-902-0119
신항내과의원,경남 창원시 진해구 신항동로 141 애플타운헤리티지 210호,내과,"금
09:00 - 18:30
13:00 - 14:00 휴게시간
토
09:00 - 13:30
일
정기휴무 (매주 일요일)
월
09:00 - 18:30
13:00 - 14:00 휴게시간
화(6/6)
현충일 휴무
수
09:00 - 18:30
13:00 - 14:00 휴게시간
목
09:00 - 18:30
13:00 - 14:00 휴게시간",055-551-1888
연세윤내과의원,부산 사상구 사상로 200 엠시티빌딩 4층,내과,"금
09:00 - 19:00
13:00 - 14:00 휴게시간
토
09:00 - 14:00
일
09:00 - 13:00
월
09:00 - 19:00
13:00 - 14:00 휴게시간
화(6/6)
휴무
수
09:00 - 19:00
13:00 - 14:00 휴게시간
목
09:00 - 19:00
13:00 - 14:00 휴게시간",051-321-1231
임용수이비인후과의원,부산 사상구 대동로 98 학장반도보라타운,이비인후과,"금
09:00 - 18:30
13:00 - 14:00 휴게시간
토
09:00 - 13:00
일
정기휴무 (매주 일요일)
월
09:00 - 18:30
13:00 - 14:00 휴게시간
화(6/6)
현충일 휴무
수
09:00 - 18:30
13:00 - 14:00 휴게시간
목
09:00 - 18:30
13:00 - 14:00 휴게시간",051-322-9937
맥켄지일신기독병원,부산 북구 금곡대로 133,"병원,의원","금
09:00 - 17:30
12:30 - 14:00 휴게시간
17:00 접수마감
토
09:00 - 12:30
12:00 접수마감
일
정기휴무 (매주 일요일)
월
09:00 - 17:30
12:30 - 14:00 휴게시간
17:00 접수마감
화(6/6)
현충일 휴무
수
09:00 - 17:30
12:30 - 14:00 휴게시간
17:00 접수마감
목
09:00 - 17:30
12:30 - 14:00 휴게시간
17:00 접수마감",051-363-2331
최경서가정의학과의원,경남 김해시 계동로 21,가정의학과,"금
09:00 - 19:00
12:30 - 14:00 휴게시간
토
09:00 - 13:00
일
정기휴무 (매주 일요일)
월
09:00 - 19:00
12:30 - 14:00 휴게시간
화(6/6)
현충일 휴무
수
09:00 - 19:00
12:30 - 14:00 휴게시간
목
09:00 - 19:00
12:30 - 14:00 휴게시간",055-723-2295
마린플란트치과의원,"부산 사상구 사상로 194 괘법동 메디컬센터 4층, 5층",치과,"금
09:30 - 19:00
12:30 - 14:00 휴게시간
토
09:30 - 14:00
일
09:30 - 14:00
월
09:30 - 19:00
12:30 - 14:00 휴게시간
화(6/6)
현충일 휴무
수
09:30 - 20:00
12:30 - 14:00 휴게시간
목
09:30 - 19:00
12:30 - 14:00 휴게시간",051-322-3332
한마음정형외과의원,부산 사하구 낙동대로 410,정형외과,"금
08:30 - 18:00
13:00 - 14:00 휴게시간
17:00 접수마감
토
08:30 - 13:00
12:00 접수마감
일
정기휴무 (매주 일요일)
월
08:30 - 18:00
13:00 - 14:00 휴게시간
17:00 접수마감
화(6/6)
현충일 휴무
수
08:30 - 18:00
13:00 - 14:00 휴게시간
17:00 접수마감
목
08:30 - 18:00
13:00 - 14:00 휴게시간
17:00 접수마감",051-205-7776
셀빙강내과의원,부산 사상구 사상로 231,내과,"금
09:00 - 17:30
13:00 - 14:00 휴게시간
토
09:00 - 13:00
일
정기휴무 (매주 일요일)
월
09:00 - 17:30
13:00 - 14:00 휴게시간
화
09:00 - 17:30
13:00 - 14:00 휴게시간
수
09:00 - 13:00
목
09:00 - 17:30
13:00 - 14:00 휴게시간
접기",051-325-8275
삼성이비인후과의원,경남 김해시 내외로 79 꿀벌상가 3층,이비인후과,"금
09:00 - 18:30
13:00 - 14:00 휴게시간
토
09:00 - 15:00
13:00 - 13:30 휴게시간
일
정기휴무 (매주 일요일)
월
09:00 - 18:30
13:00 - 14:00 휴게시간
화(6/6)
휴무
수
09:00 - 18:30
13:00 - 14:00 휴게시간
목
09:00 - 18:30
13:00 - 14:00 휴게시간",0507-1368-7500
탑정형외과의원,부산 사하구 사하로 200 형지스퀘어 6층,정형외과,"금
09:00 - 19:00
13:00 - 14:00 휴게시간
토
09:00 - 14:00
일
정기휴무 (매주 일요일)
월
09:00 - 19:00
13:00 - 14:00 휴게시간
화(6/6)
현충일 휴무
수
09:00 - 19:00
13:00 - 14:00 휴게시간
목
09:00 - 19:00
13:00 - 14:00 휴게시간",051-987-0123
드림소아청소년과의원,경남 김해시 율하로 476 3층,소아청소년과,"금
08:30 - 18:30
12:30 - 14:00 휴게시간
토
09:00 - 14:00
일
정기휴무 (매주 일요일)
월
08:30 - 18:30
12:30 - 14:00 휴게시간
화(6/6)
현충일09:00 - 14:00
수
08:30 - 12:30
목
08:30 - 18:30
12:30 - 14:00 휴게시간
접기",0507-1479-7983
장윤석정형외과의원,경남 김해시 내외로 79 꿀벌상가,정형외과,"금
09:00 - 19:00
12:30 - 14:00 휴게시간
토
09:00 - 15:00
일
정기휴무 (매주 일요일)
월
09:00 - 19:00
12:30 - 14:00 휴게시간
화
09:00 - 19:00
12:30 - 14:00 휴게시간
수
09:00 - 19:00
12:30 - 14:00 휴게시간
목
14:00 - 19:00",055-329-8787
화이트필의원,경남 김해시 내외중앙로 60 신한프라자 2층,피부과,"금
10:00 - 19:00
13:00 - 14:00 휴게시간
18:30 접수마감
토
10:00 - 15:00
14:30 접수마감
일
정기휴무 (매주 일요일)
월
10:00 - 19:00
13:00 - 14:00 휴게시간
18:30 접수마감
화(6/6)
현충일 휴무
수
10:00 - 19:00
13:00 - 14:00 휴게시간
18:30 접수마감
목
13:00 - 19:30
19:00 접수마감",055-326-7575
