이름,병원종류,영업시간,전화번호
장원석치과의원,치과,"목
09:30 - 18:30
13:00 - 14:30 휴게시간
금
09:30 - 18:30
13:00 - 14:30 휴게시간
토(6/3)
휴무
일
정기휴무 (매주 일요일)
월
09:30 - 18:30
13:00 - 14:30 휴게시간
화(6/6)
현충일 휴무
수
09:30 - 18:30
13:00 - 14:30 휴게시간",051-612-0012
대연탑비뇨의학과의원,비뇨의학과,"목
09:00 - 19:00
13:00 - 14:00 휴게시간
금
09:00 - 19:00
13:00 - 14:00 휴게시간
토
09:00 - 14:00
일
정기휴무 (매주 일요일)
월
09:00 - 19:00
13:00 - 14:00 휴게시간
화(6/6)
현충일 휴무
수
09:00 - 19:00
13:00 - 14:00 휴게시간",051-612-1141
부산고려병원,정형외과,"목
09:00 - 18:00
12:30 - 13:30 휴게시간
금
09:00 - 18:00
12:30 - 13:30 휴게시간
토
09:00 - 13:00
일
정기휴무 (매주 일요일)
월
09:00 - 18:00
12:30 - 13:30 휴게시간
화(6/6)
현충일 휴무
수
09:00 - 18:00
12:30 - 13:30 휴게시간",0507-1373-3005
신봉식이비인후과의원,이비인후과,"목
09:00 - 18:30
12:30 - 14:00 휴게시간
금
09:00 - 18:30
12:30 - 14:00 휴게시간
토
09:00 - 15:00
13:00 - 14:00 휴게시간
일
정기휴무 (매주 일요일)
월
09:00 - 18:30
12:30 - 14:00 휴게시간
화(6/6)
현충일09:00 - 13:00
수
09:00 - 18:30
12:30 - 14:00 휴게시간",051-623-7337
바른이비인후과의원,이비인후과,"목
09:00 - 18:40
12:40 - 14:00 휴게시간
금
09:00 - 18:40
12:40 - 14:00 휴게시간
토
09:00 - 15:00
12:40 - 14:00 휴게시간
일
정기휴무 (매주 일요일)
월
09:00 - 18:40
12:40 - 14:00 휴게시간
화(6/6)
현충일 휴무
수
09:00 - 18:40
12:40 - 14:00 휴게시간",0507-1400-8558
진내과의원,내과,"목
09:00 - 18:00
13:00 - 14:00 휴게시간
12:45, 17:45 접수마감
금
09:00 - 18:00
13:00 - 14:00 휴게시간
12:45, 17:45 접수마감
토
09:00 - 13:00
12:45 접수마감
일
정기휴무 (매주 일요일)
월
09:00 - 18:00
13:00 - 14:00 휴게시간
12:45, 17:45 접수마감
화(6/6)
현충일 휴무
수
09:00 - 18:00
13:00 - 14:00 휴게시간
12:45, 17:45 접수마감",051-627-0360
다솜의원,내과,"목
10:00 - 20:30
13:00 - 14:30 휴게시간
금
10:00 - 20:30
13:00 - 14:30 휴게시간
토
10:00 - 20:30
13:00 - 14:30 휴게시간
일
10:00 - 20:30
13:00 - 14:30 휴게시간
월
10:00 - 20:30
13:00 - 14:30 휴게시간
화(6/6)
현충일10:00 - 20:30
수
10:00 - 20:30
13:00 - 14:30 휴게시간",051-637-7855
W365메디컬의원,이비인후과,"목
09:00 - 20:00
금
09:00 - 20:00
토
09:00 - 16:00
일
09:00 - 16:00
월
09:00 - 20:00
화(6/6)
현충일09:00 - 16:00
수
09:00 - 20:00
접기",0507-1395-0365
블리비의원 부산경성대점,피부과,"목
10:00 - 20:00
13:00 - 14:00 휴게시간
금
10:00 - 20:00
13:00 - 14:00 휴게시간
토
10:00 - 15:00
일
정기휴무 (매주 일요일)
월
10:00 - 20:00
13:00 - 14:00 휴게시간
화(6/6)
현충일 휴무
수
10:00 - 20:00
13:00 - 14:00 휴게시간",1833-9179
남구보건소,보건소,"목
09:00 - 18:00
금
09:00 - 18:00
토
정보없음
일
정보없음
월
09:00 - 18:00
화(6/6)
현충일 휴무
수
09:00 - 18:00",051-607-6460
미래이비인후과의원,이비인후과,"목
09:00 - 18:00
12:15 - 14:00 휴게시간
금
09:00 - 18:00
12:15 - 14:00 휴게시간
토
09:00 - 13:00
일
정기휴무 (매주 일요일)
월
09:00 - 18:00
12:15 - 14:00 휴게시간
화(6/6)
현충일 휴무
수
09:00 - 12:10",051-623-7535
아름다운피부과의원,피부과,"목
10:00 - 18:30
금
10:00 - 18:30
토
10:00 - 14:00
일
정기휴무 (매주 일요일)
월
10:00 - 18:30
화(6/6)
현충일 휴무
수
10:00 - 18:30",051-863-0075
부산성소병원,"병원,의원","목
09:00 - 18:00
금
09:00 - 18:00
토
09:00 - 13:00
일
정보없음
월
09:00 - 18:00
화
09:00 - 18:00
수
09:00 - 18:00
접기",051-633-1123
더퍼스트피부과의원,피부과,"목
10:00 - 19:00
13:00 - 14:00 휴게시간
금
10:00 - 20:00
13:00 - 14:00 휴게시간
토
09:00 - 14:00
일
정기휴무 (매주 일요일)
월
10:00 - 19:00
13:00 - 14:00 휴게시간
화(6/6)
현충일 휴무
수
10:00 - 19:00
13:00 - 14:00 휴게시간",0507-1309-7099
부산성모병원,종합병원,"목
08:30 - 17:30
12:30 - 13:30 휴게시간
금
08:30 - 17:30
12:30 - 13:30 휴게시간
토
08:30 - 12:30
일
정기휴무 (매주 일요일)
월
08:30 - 17:30
12:30 - 13:30 휴게시간
화(6/6)
현충일 휴무
수
08:30 - 17:30
12:30 - 13:30 휴게시간",051-933-7114
조영이비인후과의원,이비인후과,"목
09:00 - 18:00
13:00 - 14:00 휴게시간
금
09:00 - 18:00
13:00 - 14:00 휴게시간
토
09:00 - 13:00
일
정기휴무 (매주 일요일)
월
09:00 - 18:00
13:00 - 14:00 휴게시간
화
09:00 - 18:00
13:00 - 14:00 휴게시간
수
09:00 - 18:00
13:00 - 14:00 휴게시간
접기",051-612-3119
클린앤뷰티의원,피부과,"목
10:00 - 18:30
금
10:00 - 20:00
토
10:00 - 15:30
일
정기휴무 (매주 일요일)
월
10:00 - 20:00
화(6/6)
현충일 휴무
수
10:00 - 20:00",0507-1329-7746
세종의원,내과,"목
09:00 - 20:00
금
09:00 - 20:00
토
09:00 - 16:00
일
09:00 - 13:00
월
09:00 - 20:00
화(6/6)
현충일09:00 - 16:00
수
09:00 - 20:00
접기",051-642-9977
부산아동병원,소아청소년과,"목
09:30 - 20:00
13:00 - 14:00 휴게시간
금
09:30 - 20:00
13:00 - 14:00 휴게시간
토
09:30 - 13:00
일
09:30 - 13:00
월
09:30 - 20:00
13:00 - 14:00 휴게시간
화(6/6)
현충일09:30 - 13:00
수
09:30 - 20:00
13:00 - 14:00 휴게시간",051-612-7582
코끼리소아청소년과의원,소아청소년과,"목(6/1)
휴무
금(6/2)
휴무
토
09:00 - 13:00
일
정기휴무 (매주 일요일)
월
09:00 - 18:00
12:30 - 14:00 휴게시간
화(6/6)
현충일 휴무
수
14:00 - 18:00",051-633-8200
명이비인후과의원,이비인후과,"목
14:00 - 17:30
17:00 접수마감
금
09:00 - 17:30
12:30 - 14:00 휴게시간
12:00, 17:00 접수마감
토
09:00 - 12:30
12:00 접수마감
일
정기휴무 (매주 일요일)
월
09:00 - 17:30
12:30 - 14:00 휴게시간
12:00, 17:00 접수마감
화(6/6)
현충일 휴무
수
09:00 - 17:30
12:30 - 14:00 휴게시간
12:00, 17:00 접수마감",051-612-7119
킴스피부과의원 대연,피부과,"목
10:00 - 18:30
12:30 - 14:00 휴게시간
18:00 접수마감
금
10:00 - 18:30
12:30 - 14:00 휴게시간
18:00 접수마감
토
09:30 - 13:30
13:00 접수마감
일
정기휴무 (매주 일요일)
월
10:00 - 18:30
12:30 - 14:00 휴게시간
18:00 접수마감
화(6/6)
현충일 휴무
수
14:00 - 18:30
18:00 접수마감",0507-1449-0041
코앤핑이비인후과의원,이비인후과,"목
08:30 - 18:30
13:00 - 14:00 휴게시간
금
08:30 - 20:00
13:00 - 14:00 휴게시간
토
08:30 - 14:00
일
09:00 - 13:00
월
08:30 - 18:30
13:00 - 14:00 휴게시간
화(6/6)
현충일09:00 - 13:00
수
08:30 - 18:30
13:00 - 14:00 휴게시간",0507-1394-1003
리본마취통증의학과의원,정형외과,"목
09:00 - 19:00
13:00 - 14:00 휴게시간
금
09:00 - 19:00
13:00 - 14:00 휴게시간
토
09:00 - 14:00
일
정기휴무 (매주 일요일)
월
09:00 - 19:00
13:00 - 14:00 휴게시간
화(6/6)
현충일 휴무
수
09:00 - 19:00
13:00 - 14:00 휴게시간",0507-1434-7578
대한결핵협회부산광역시지부복십자의원,내과,"목
09:00 - 17:30
12:30 - 13:30 휴게시간
12:00, 17:00 접수마감
금
09:00 - 17:30
12:30 - 13:30 휴게시간
12:00, 17:00 접수마감
토
정기휴무 (매주 토요일)
일
정기휴무 (매주 일요일)
월
09:00 - 17:30
12:30 - 13:30 휴게시간
12:00, 17:00 접수마감
화(6/6)
현충일 휴무
수
09:00 - 17:30
12:30 - 13:30 휴게시간
12:00, 17:00 접수마감",051-611-3622
최정화소아청소년과의원,소아청소년과,"목
09:30 - 18:00
12:30 - 14:00 휴게시간
금
09:30 - 18:00
12:30 - 14:00 휴게시간
토
09:00 - 13:00
일
정기휴무 (매주 일요일)
월
09:30 - 18:00
12:30 - 14:00 휴게시간
화
09:30 - 18:00
12:30 - 14:00 휴게시간
수
14:00 - 18:00
접기",051-612-1275
대연 류 피부과 의원,피부과,"목
09:30 - 19:00
12:30 - 14:00 휴게시간
금
09:30 - 19:00
12:30 - 14:00 휴게시간
토
09:30 - 15:00
일
정기휴무 (매주 일요일)
월
09:30 - 19:00
12:30 - 14:00 휴게시간
화(6/6)
현충일 휴무
수
09:30 - 19:00
12:30 - 14:00 휴게시간",0507-1354-0630
김성미소아청소년과의원,소아청소년과,"목
09:00 - 18:00
13:00 - 14:00 휴게시간
17:00 접수마감
금
09:00 - 18:00
13:00 - 14:00 휴게시간
17:00 접수마감
토
09:00 - 14:00
13:00 접수마감
일
정기휴무 (매주 일요일)
월
09:00 - 18:00
13:00 - 14:00 휴게시간
17:00 접수마감
화(6/6)
현충일 휴무
수
09:00 - 18:00
13:00 - 14:00 휴게시간
17:00 접수마감",0507-1442-2054
김계영내과소아청소년과의원,소아청소년과,"목
09:00 - 18:00
13:00 - 14:00 휴게시간
금
09:00 - 18:00
13:00 - 14:00 휴게시간
토
09:00 - 13:00
일
정기휴무 (매주 일요일)
월
09:00 - 18:00
13:00 - 14:00 휴게시간
화(6/6)
현충일 휴무
수
09:00 - 18:00
13:00 - 14:00 휴게시간",051-627-7000
아산김의원,가정의학과,"목(6/1)
휴무
금(6/2)
휴무
토(6/3)
휴무
일(6/4)
휴무
월(6/5)
휴무
화(6/6)
휴무
수
09:00 - 12:30",051-626-8835
더조은의원,"병원,의원","목
09:00 - 19:00
금
09:00 - 19:00
토
09:00 - 13:00
일
정기휴무 (매주 일요일)
월
09:00 - 19:00
화(6/6)
현충일 휴무
수
09:00 - 19:00",051-865-9393
코앤핑이비인후과의원,이비인후과,"목
08:30 - 18:30
13:00 - 14:00 휴게시간
금
08:30 - 20:00
13:00 - 14:00 휴게시간
토
08:30 - 14:00
일
09:00 - 13:00
월
08:30 - 18:30
13:00 - 14:00 휴게시간
화(6/6)
현충일09:00 - 13:00
수
08:30 - 18:30
13:00 - 14:00 휴게시간",0507-1394-1003
큰나무정형외과의원,정형외과,"목
14:00 - 18:00
금
09:00 - 18:00
13:00 - 14:00 휴게시간
토
09:00 - 12:00
일
정기휴무 (매주 일요일)
월
09:00 - 18:00
13:00 - 14:00 휴게시간
화(6/6)
현충일 휴무
수
09:00 - 18:00
13:00 - 14:00 휴게시간",051-625-6119
늘편한내과의원,내과,"목
09:00 - 18:00
13:00 - 14:00 휴게시간
금
09:00 - 18:00
13:00 - 14:00 휴게시간
토
09:00 - 13:00
일
정기휴무 (매주 일요일)
월
09:00 - 18:00
13:00 - 14:00 휴게시간
화(6/6)
현충일 휴무
수
09:00 - 18:00
13:00 - 14:00 휴게시간",051-621-0119
뷰에르의원,피부과,"목
10:00 - 19:00
13:00 - 14:00 휴게시간
금
10:00 - 21:00
13:00 - 14:00 휴게시간
토
10:00 - 15:00
일
정기휴무 (매주 일요일)
월
14:00 - 19:00
화(6/6)
현충일 휴무
수
10:00 - 19:00
13:00 - 14:00 휴게시간",051-621-1300
수미지이비인후과의원,이비인후과,"목
09:00 - 18:30
12:30 - 14:00 휴게시간
18:20 접수마감
금
09:00 - 18:30
12:30 - 14:00 휴게시간
18:20 접수마감
토
09:00 - 13:00
12:50 접수마감
일
정기휴무 (매주 일요일)
월
09:00 - 18:30
12:30 - 14:00 휴게시간
18:20 접수마감
화(6/6)
현충일 휴무
수
09:00 - 18:30
12:30 - 14:00 휴게시간
18:20 접수마감",0507-1412-8058
박지훈정신건강의학과의원,정신건강의학과,"목
09:00 - 18:30
13:00 - 14:00 휴게시간
금
09:00 - 18:30
13:00 - 14:00 휴게시간
토
09:00 - 13:00
일
정기휴무 (매주 일요일)
월
09:00 - 18:30
13:00 - 14:00 휴게시간
화(6/6)
현충일 휴무
수
09:00 - 18:30
13:00 - 14:00 휴게시간",0507-1329-2525
이의원,내과,"목
09:00 - 18:00
금
09:00 - 18:00
토
09:00 - 12:30
일
정기휴무 (매주 일요일)
월
09:00 - 18:00
화(6/6)
현충일 휴무
수
09:00 - 18:00",051-633-2544
참조은안과의원,안과,"목
09:00 - 18:00
13:00 - 14:30 휴게시간
금
09:00 - 18:00
13:00 - 14:30 휴게시간
토
09:00 - 13:00
일
정기휴무 (매주 일요일)
월
09:00 - 18:00
13:00 - 14:30 휴게시간
화(6/6)
현충일 휴무
수
09:00 - 13:00",051-717-0375
맑은솔이비인후과의원,이비인후과,"목
09:00 - 18:40
13:00 - 14:00 휴게시간
금
09:00 - 18:40
13:00 - 14:00 휴게시간
토
09:00 - 13:00
일
정기휴무 (매주 일요일)
월
09:00 - 18:40
13:00 - 14:00 휴게시간
화(6/6)
현충일 휴무
수
09:00 - 18:40
13:00 - 14:00 휴게시간",0507-1446-4789
박현용내과의원,내과,"목
09:00 - 18:00
13:00 - 14:00 휴게시간
금
09:00 - 18:00
13:00 - 14:00 휴게시간
토
09:00 - 14:00
일
정기휴무 (매주 일요일)
월
09:00 - 18:00
13:00 - 14:00 휴게시간
화(6/6)
현충일 휴무
수
09:00 - 18:00
13:00 - 14:00 휴게시간",051-621-7105
다나아마취통증의학과의원,마취통증의학과,"목
09:00 - 18:00
13:00 - 14:00 휴게시간
17:50 접수마감
금
09:00 - 18:00
13:00 - 14:00 휴게시간
17:50 접수마감
토
09:00 - 13:00
12:50 접수마감
일
정기휴무 (매주 일요일)
월
09:00 - 18:00
13:00 - 14:00 휴게시간
17:50 접수마감
화(6/6)
현충일 휴무
수
09:00 - 13:00
12:50 접수마감",051-625-5005
이화산부인과의원,산부인과,"목
09:00 - 18:00
13:00 - 14:00 휴게시간
금
09:00 - 18:00
13:00 - 14:00 휴게시간
토
09:00 - 15:00
13:00 - 14:00 휴게시간
일
정기휴무 (매주 일요일)
월
09:00 - 18:00
13:00 - 14:00 휴게시간
화(6/6)
현충일 휴무
수
09:00 - 18:00
13:00 - 14:00 휴게시간",051-628-9888
리온의원,피부과,"목
10:00 - 21:00
13:00 - 14:00 휴게시간
금
10:00 - 19:00
13:00 - 14:00 휴게시간
토
09:30 - 16:00
일
정기휴무 (매주 일요일)
월
10:00 - 19:00
13:00 - 14:00 휴게시간
화(6/6)
현충일 휴무
수
정기휴무 (매주 수요일)",051-626-8253
대연성모안과,안과,"목
09:00 - 18:00
금
09:00 - 18:00
토
09:00 - 12:00
일
정기휴무 (매주 일요일)
월
09:00 - 18:00
화(6/6)
현충일 휴무
수
09:00 - 18:00",051-628-0700
위대한의원,내과,"목
08:00 - 18:00
금
08:00 - 18:00
토
08:00 - 15:00
일
정기휴무 (매주 일요일)
월
08:00 - 18:00
화(6/6)
현충일 휴무
수
08:00 - 18:00",051-711-6688
메트로성모안과의원,안과,"목
09:30 - 18:00
12:30 - 14:00 휴게시간
금
09:30 - 18:00
12:30 - 14:00 휴게시간
토
09:30 - 13:30
일
정기휴무 (매주 일요일)
월
09:30 - 18:00
12:30 - 14:00 휴게시간
화(6/6)
현충일 휴무
수
14:00 - 18:00",051-714-3652
길민경산부인과의원,산부인과,"목
09:30 - 17:30
13:00 - 14:00 휴게시간
12:20, 16:50 접수마감
금
09:30 - 17:30
13:00 - 14:00 휴게시간
12:20, 16:50 접수마감
토
정기휴무 (매주 토요일)
일
정기휴무 (매주 일요일)
월
09:30 - 17:30
13:00 - 14:00 휴게시간
12:20, 16:50 접수마감
화(6/6)
현충일 휴무
수
14:00 - 17:30
16:50 접수마감",051-621-2616
굿모닝내과의원,내과,"목
08:30 - 18:00
금
08:30 - 18:00
토
08:30 - 13:00
일
정기휴무 (매주 일요일)
월
08:30 - 18:00
화(6/6)
현충일 휴무
수
08:30 - 13:00",0507-1407-7581
조이정형외과의원,정형외과,"목
09:00 - 18:00
13:00 - 14:00 휴게시간
금
09:00 - 18:00
13:00 - 14:00 휴게시간
토
09:00 - 13:00
일
정기휴무 (매주 일요일)
월
09:00 - 18:00
13:00 - 14:00 휴게시간
화(6/6)
현충일 휴무
수
09:00 - 18:00
13:00 - 14:00 휴게시간",051-611-7285
더하얀의원,피부과,"목
14:00 - 19:00
금
10:00 - 21:00
12:30 - 14:00 휴게시간
토
10:00 - 15:00
일
정기휴무 (매주 일요일)
월
10:00 - 19:00
12:30 - 14:00 휴게시간
화
10:00 - 19:00
12:30 - 14:00 휴게시간
수
10:00 - 19:00
12:30 - 14:00 휴게시간
접기",051-626-5599
서울스카이재활의학과의원,재활의학과,"목
14:00 - 18:30
금
09:00 - 19:00
12:30 - 14:00 휴게시간
토
09:30 - 14:00
일
정기휴무 (매주 일요일)
월
09:00 - 19:00
12:30 - 14:00 휴게시간
화(6/6)
현충일 휴무
수
09:00 - 19:00
12:30 - 14:00 휴게시간",051-626-9111
태진의원,"병원,의원","목
09:00 - 17:30
12:30 - 14:00 휴게시간
금
09:00 - 17:30
12:30 - 14:00 휴게시간
토
09:00 - 12:30
일
정기휴무 (매주 일요일)
월
09:00 - 17:30
12:30 - 14:00 휴게시간
화(6/6)
현충일 휴무
수
09:00 - 12:30",051-637-1106
용호메트로마취통증의학과의원,정형외과,"목
09:00 - 20:00
12:30 - 14:00 휴게시간
금
09:00 - 19:00
12:30 - 14:00 휴게시간
토
09:00 - 14:00
일
09:00 - 14:00
월
09:00 - 19:00
12:30 - 14:00 휴게시간
화(6/6)
현충일 휴무
수
09:00 - 19:00
12:30 - 14:00 휴게시간",051-923-9988
리본마취통증의학과의원,정형외과,"목
09:00 - 19:00
13:00 - 14:00 휴게시간
금
09:00 - 19:00
13:00 - 14:00 휴게시간
토
09:00 - 14:00
일
정기휴무 (매주 일요일)
월
09:00 - 19:00
13:00 - 14:00 휴게시간
화(6/6)
현충일 휴무
수
09:00 - 19:00
13:00 - 14:00 휴게시간",0507-1434-7578
당봄한의원 부산점,한의원,"목
10:00 - 19:00
14:00 - 15:00 휴게시간
금
10:00 - 19:00
14:00 - 15:00 휴게시간
토
10:00 - 15:00
일
정기휴무 (매주 일요일)
월
정기휴무 (매주 월요일)
화
정기휴무 (매주 화요일)
수
10:00 - 19:00
14:00 - 15:00 휴게시간",051-637-1075
부산더존한방병원,한방병원,"목
09:30 - 21:00
13:00 - 14:00 휴게시간
금
09:30 - 21:00
13:00 - 14:00 휴게시간
토
09:30 - 17:00
13:00 - 14:00 휴게시간
일
10:00 - 17:00
13:00 - 14:00 휴게시간
월
09:30 - 21:00
13:00 - 14:00 휴게시간
화(6/6)
현충일10:00 - 17:00
13:00 - 14:00 휴게시간
수
09:30 - 21:00
13:00 - 14:00 휴게시간",051-791-0870
THE밝은안과의원,안과,"목
09:00 - 17:55
12:50 - 14:20 휴게시간
금
09:00 - 17:55
12:50 - 14:20 휴게시간
토
09:00 - 12:55
일
정기휴무 (매주 일요일)
월
09:00 - 17:55
12:50 - 14:20 휴게시간
화(6/6)
현충일 휴무
수
09:00 - 12:55",051-612-1116
김효준내과,내과,"목
09:00 - 18:00
금
09:00 - 18:00
토
09:00 - 13:00
일
정기휴무 (매주 일요일)
월
09:00 - 18:00
화(6/6)
현충일09:00 - 13:00
수
09:00 - 18:00
접기",051-628-6422
리본마취통증의학과의원,정형외과,"목
09:00 - 19:00
13:00 - 14:00 휴게시간
금
09:00 - 19:00
13:00 - 14:00 휴게시간
토
09:00 - 14:00
일
정기휴무 (매주 일요일)
월
09:00 - 19:00
13:00 - 14:00 휴게시간
화(6/6)
현충일 휴무
수
09:00 - 19:00
13:00 - 14:00 휴게시간",0507-1434-7578
당봄한의원 부산점,한의원,"목
10:00 - 19:00
14:00 - 15:00 휴게시간
금
10:00 - 19:00
14:00 - 15:00 휴게시간
토
10:00 - 15:00
일
정기휴무 (매주 일요일)
월
정기휴무 (매주 월요일)
화
정기휴무 (매주 화요일)
수
10:00 - 19:00
14:00 - 15:00 휴게시간",051-637-1075
부산더존한방병원,한방병원,"목
09:30 - 21:00
13:00 - 14:00 휴게시간
금
09:30 - 21:00
13:00 - 14:00 휴게시간
토
09:30 - 17:00
13:00 - 14:00 휴게시간
일
10:00 - 17:00
13:00 - 14:00 휴게시간
월
09:30 - 21:00
13:00 - 14:00 휴게시간
화(6/6)
현충일10:00 - 17:00
13:00 - 14:00 휴게시간
수
09:30 - 21:00
13:00 - 14:00 휴게시간",051-791-0870
THE밝은안과의원,안과,"목
09:00 - 17:55
12:50 - 14:20 휴게시간
금
09:00 - 17:55
12:50 - 14:20 휴게시간
토
09:00 - 12:55
일
정기휴무 (매주 일요일)
월
09:00 - 17:55
12:50 - 14:20 휴게시간
화(6/6)
현충일 휴무
수
09:00 - 12:55",051-612-1116
김효준내과,내과,"목
09:00 - 18:00
금
09:00 - 18:00
토
09:00 - 13:00
일
정기휴무 (매주 일요일)
월
09:00 - 18:00
화(6/6)
현충일09:00 - 13:00
수
09:00 - 18:00
접기",051-628-6422
우재곤내과의원,내과,"목
09:00 - 18:30
12:30 - 14:00 휴게시간
금
09:00 - 18:30
12:30 - 14:00 휴게시간
토
09:00 - 13:00
일
정기휴무 (매주 일요일)
월
09:00 - 18:30
12:30 - 14:00 휴게시간
화(6/6)
현충일 휴무
수
09:00 - 13:00",051-633-7740
대연88마취통증의학과의원,정형외과,"목
09:00 - 19:00
13:00 - 14:00 휴게시간
금
09:00 - 19:00
13:00 - 14:00 휴게시간
토
09:00 - 13:00
일
정기휴무 (매주 일요일)
월
09:00 - 19:00
13:00 - 14:00 휴게시간
화(6/6)
휴무
수
09:00 - 19:00
13:00 - 14:00 휴게시간",051-625-0088
미래의원,"병원,의원","목
09:30 - 18:00
금
09:30 - 18:00
토
09:30 - 13:00
일
정기휴무 (매주 일요일)
월
09:30 - 18:00
화(6/6)
현충일 휴무
수
09:30 - 18:00",051-622-6100
나은소아청소년과의원,소아청소년과,"목
14:30 - 18:30
18:10 접수마감
금
09:30 - 18:30
12:30 - 14:00 휴게시간
18:10 접수마감
토
09:30 - 13:00
12:40 접수마감
일
정기휴무 (매주 일요일)
월
09:30 - 18:30
12:30 - 14:00 휴게시간
18:10 접수마감
화(6/6)
현충일 휴무
수
09:30 - 18:30
12:30 - 14:00 휴게시간
18:10 접수마감",051-623-9944
온누리메디칼의원,내과,"목
09:00 - 20:00
13:00 - 14:00 휴게시간
금
09:00 - 18:00
13:00 - 14:00 휴게시간
토
09:00 - 13:00
일
정기휴무 (매주 일요일)
월
09:00 - 18:00
13:00 - 14:00 휴게시간
화(6/6)
현충일 휴무
수
09:00 - 13:00",051-624-7979
늘편안 하내과 의원,내과,"목
09:00 - 18:00
금
09:00 - 18:00
토
09:00 - 13:00
일
정보없음
월
09:00 - 18:00
12:30 - 14:00 휴게시간
화
09:00 - 13:00
수
09:00 - 18:00
접기",051-711-8270
바른눈안과,안과,"목
09:00 - 16:00
15:30 접수마감
금
정기휴무 (매주 금요일)
토
09:00 - 11:00
10:30 접수마감
일
정기휴무 (매주 일요일)
월
09:00 - 16:00
15:30 접수마감
화(6/6)
현충일 휴무
수
09:00 - 16:00
15:30 접수마감",051-611-4455
365자연안에한의원 대연,한의원,"목
10:00 - 21:00
13:00 - 14:00 휴게시간
금
10:00 - 21:00
13:00 - 14:00 휴게시간
토
10:00 - 15:00
일
10:00 - 17:00
13:00 - 14:00 휴게시간
월
10:00 - 21:00
13:00 - 14:00 휴게시간
화(6/6)
현충일10:00 - 17:00
13:00 - 14:00 휴게시간
수
10:00 - 21:00
13:00 - 14:00 휴게시간
접기",051-611-9800
윤현기정형외과의원,정형외과,"목
09:00 - 19:00
13:00 - 14:00 휴게시간
금
09:00 - 19:00
13:00 - 14:00 휴게시간
토
09:00 - 15:00
일
정기휴무 (매주 일요일)
월
09:00 - 19:00
13:00 - 14:00 휴게시간
화(6/6)
현충일09:00 - 13:00
수
09:00 - 15:00
13:00 - 14:00 휴게시간
접기",051-644-8275
오아시스의원,"병원,의원","목
10:00 - 19:00
13:00 - 14:00 휴게시간
금
10:00 - 20:00
13:00 - 14:00 휴게시간
토
10:00 - 15:00
일
정기휴무 (매주 일요일)
월
10:00 - 19:00
13:00 - 14:00 휴게시간
화(6/6)
현충일 휴무
수
10:00 - 19:00
13:00 - 14:00 휴게시간",051-711-8400
한길내과의원,내과,"목
09:00 - 12:30
금
09:00 - 18:00
토
09:00 - 12:30
일
정기휴무 (매주 일요일)
월
09:00 - 18:00
화(6/6)
현충일 휴무
수
09:00 - 18:00",051-633-1332
삼성스마트내과의원,내과,,051-623-7003
닥터안치과의원,치과,"목
09:30 - 19:00
13:00 - 14:30 휴게시간
18:30 접수마감
금
09:30 - 19:00
13:00 - 14:30 휴게시간
18:30 접수마감
토
09:30 - 13:00
12:30 접수마감
일
정기휴무 (매주 일요일)
월
09:30 - 19:00
13:00 - 14:30 휴게시간
18:30 접수마감
화(6/6)
현충일 휴무
수
09:30 - 19:00
13:00 - 14:30 휴게시간
18:30 접수마감",0507-1465-1067
편한숲 정신건강의학과 의원,정신건강의학과,"목
09:30 - 18:30
13:00 - 14:00 휴게시간
금
09:30 - 18:30
13:00 - 14:00 휴게시간
토
09:00 - 13:00
일
정기휴무 (매주 일요일)
월
09:30 - 18:30
13:00 - 14:00 휴게시간
화(6/6)
현충일 휴무
수
14:00 - 20:00",0507-1321-0241
청담포유의원,피부과,"목
10:00 - 21:00
13:00 - 14:00 휴게시간
금
10:00 - 19:00
13:00 - 14:00 휴게시간
토
10:00 - 15:00
일
정기휴무 (매주 일요일)
월
정기휴무 (매주 월요일)
화(6/6)
현충일 휴무
수
10:00 - 19:00
13:00 - 14:00 휴게시간",0507-1404-2899
대연으뜸내과의원,내과,"목
09:00 - 18:00
13:00 - 14:00 휴게시간
금
09:00 - 18:00
13:00 - 14:00 휴게시간
토
09:00 - 13:00
일
정기휴무 (매주 일요일)
월
09:00 - 18:00
13:00 - 14:00 휴게시간
화(6/6)
현충일 휴무
수
09:00 - 18:00
13:00 - 14:00 휴게시간",051-710-3710
이금랑어린이치과의원,치과,"목
10:00 - 18:30
13:00 - 14:00 휴게시간
금
10:00 - 18:30
13:00 - 14:00 휴게시간
토
10:00 - 14:00
일
정기휴무 (매주 일요일)
월
10:00 - 18:30
13:00 - 14:00 휴게시간
화(6/6)
현충일 휴무
수
10:00 - 18:30
13:00 - 14:00 휴게시간",051-611-1275
메디아트의원,피부과,"목
10:00 - 20:00
13:30 - 14:30 휴게시간
19:30 접수마감
금
10:00 - 20:00
13:30 - 14:30 휴게시간
19:30 접수마감
토
10:00 - 17:00
16:30 접수마감
일
정기휴무 (매주 일요일)
월
10:00 - 20:00
13:30 - 14:30 휴게시간
19:30 접수마감
화(6/6)
현충일 휴무
수
10:00 - 20:00
13:30 - 14:30 휴게시간
19:30 접수마감",051-628-7582
드라마피부과의원,피부과,"목
09:30 - 21:00
12:30 - 14:00 휴게시간
금
09:30 - 18:30
12:30 - 14:00 휴게시간
토
09:10 - 13:50
일
정기휴무 (매주 일요일)
월
09:30 - 18:30
12:30 - 14:00 휴게시간
화(6/6)
현충일 휴무
수
09:30 - 18:30
12:30 - 14:00 휴게시간",051-623-8900
더편한마취통증의학과의원,정형외과,"목
09:00 - 18:30
13:00 - 14:00 휴게시간
18:00 접수마감
금
09:00 - 18:30
13:00 - 14:00 휴게시간
18:00 접수마감
토
09:00 - 14:00
13:30 접수마감
일
정기휴무 (매주 일요일)
월(6/5)
휴무
화(6/6)
현충일 휴무
수
09:00 - 18:30
13:00 - 14:00 휴게시간
18:00 접수마감",0507-1383-7575
여우한의원,한의원,"목
09:30 - 20:00
금
09:30 - 18:30
토
09:30 - 13:30
일
정기휴무 (매주 일요일)
월
09:30 - 18:30
화(6/6)
현충일 휴무
수
09:30 - 18:30",0507-1445-1075
몸맘소생한의원,한의원,"목
09:00 - 14:00
금
09:30 - 19:00
토
09:00 - 14:00
일
정기휴무 (매주 일요일)
월
09:30 - 19:00
화(6/6)
현충일 휴무
수
09:30 - 19:00",051-636-3160
위대항병원,외과,"목
09:00 - 17:30
12:00 - 13:30 휴게시간
금
09:00 - 17:30
12:00 - 13:30 휴게시간
토
09:00 - 12:30
일
정기휴무 (매주 일요일)
월
09:00 - 17:30
12:00 - 13:30 휴게시간
화(6/6)
현충일 휴무
수
09:00 - 17:30
12:00 - 13:30 휴게시간",0507-1489-9023
진도순이비인후과의원,이비인후과,"목
09:00 - 18:30
12:30 - 14:00 휴게시간
금
09:00 - 18:30
12:30 - 14:00 휴게시간
토
09:00 - 13:00
일
정기휴무 (매주 일요일)
월
09:00 - 18:30
12:30 - 14:00 휴게시간
화(6/6)
현충일 휴무
수
09:00 - 18:30
12:30 - 14:00 휴게시간",051-646-4321
헬로소아청소년과의원,소아청소년과,"목
09:00 - 13:00
금
09:00 - 18:00
12:30 - 14:00 휴게시간
토
09:00 - 13:00
일
정기휴무 (매주 일요일)
월
09:00 - 18:00
12:30 - 14:00 휴게시간
화(6/6)
현충일 휴무
수
09:00 - 18:00
12:30 - 14:00 휴게시간",051-612-0677
미소플란트치과의원,치과,"목
10:00 - 21:00
금
10:00 - 19:00
토
10:00 - 16:00
일
정기휴무 (매주 일요일)
월
10:00 - 19:00
화
10:00 - 19:00
수
10:00 - 21:00",1644-9928
우리가족치과의원,치과,"목
09:30 - 19:00
13:00 - 14:30 휴게시간
18:30 접수마감
금
09:30 - 19:00
13:00 - 14:30 휴게시간
18:30 접수마감
토
09:30 - 14:00
13:30 접수마감
일
정기휴무 (매주 일요일)
월
09:30 - 19:00
13:00 - 14:30 휴게시간
18:30 접수마감
화(6/6)
현충일 휴무
수
09:30 - 19:00
13:00 - 14:30 휴게시간
18:30 접수마감",051-791-2822
오륙도신경외과의원,신경외과,"목
08:30 - 20:00
12:30 - 14:00 휴게시간
금
08:30 - 18:30
12:30 - 14:00 휴게시간
토
08:30 - 14:00
일
정기휴무 (매주 일요일)
월
08:30 - 18:30
12:30 - 14:00 휴게시간
화(6/6)
현충일 휴무
수
08:30 - 18:30
12:30 - 14:00 휴게시간",051-611-2621
뷰티스마일치과의원,치과,"목
정기휴무 (매주 목요일)
금
10:00 - 18:30
13:00 - 14:30 휴게시간
18:00 접수마감
토
10:00 - 14:00
13:30 접수마감
일
정기휴무 (매주 일요일)
월(6/5)
휴무
화(6/6)
현충일 휴무
수
10:00 - 18:30
13:00 - 14:30 휴게시간
18:00 접수마감",0507-1406-2804
도마스이비인후과의원,이비인후과,"목
09:00 - 18:00
12:30 - 14:00 휴게시간
금
09:00 - 18:00
12:30 - 14:00 휴게시간
토
정기휴무 (매주 토요일)
일
정기휴무 (매주 일요일)
월
09:00 - 18:00
12:30 - 14:00 휴게시간
화(6/6)
현충일 휴무
수
09:00 - 18:00
12:30 - 14:00 휴게시간",051-627-9117
대연탑비뇨의학과의원,비뇨의학과,"목
09:00 - 19:00
13:00 - 14:00 휴게시간
금
09:00 - 19:00
13:00 - 14:00 휴게시간
토
09:00 - 14:00
일
정기휴무 (매주 일요일)
월
09:00 - 19:00
13:00 - 14:00 휴게시간
화(6/6)
현충일 휴무
수
09:00 - 19:00
13:00 - 14:00 휴게시간",051-612-1141
한정욱이비인후과의원,이비인후과,"목
09:00 - 18:10
12:30 - 14:00 휴게시간
18:00 접수마감
금
09:00 - 18:10
12:30 - 14:00 휴게시간
18:00 접수마감
토
09:00 - 12:50
12:40 접수마감
일
정기휴무 (매주 일요일)
월
09:00 - 18:10
12:30 - 14:00 휴게시간
18:00 접수마감
화(6/6)
현충일 휴무
수
09:00 - 18:10
12:30 - 14:00 휴게시간
18:00 접수마감",051-636-9419
박언비뇨의학과의원,비뇨의학과,"목
14:00 - 19:00
금
09:30 - 19:00
13:00 - 14:30 휴게시간
토
09:30 - 14:00
일
정기휴무 (매주 일요일)
월
09:30 - 19:00
13:00 - 14:30 휴게시간
화(6/6)
현충일 휴무
수
09:30 - 19:00
13:00 - 14:30 휴게시간",051-622-5474
로덴치과의원 경성대부경대점,치과,"목
10:00 - 20:00
금
10:00 - 19:00
토
10:00 - 14:00
일
정기휴무 (매주 일요일)
월
10:00 - 19:00
화(6/6)
현충일 휴무
수
10:00 - 19:00",0507-1380-2875
바른자세재활의학과의원,재활의학과,"목
14:00 - 20:00
금
10:00 - 19:00
토
09:00 - 13:00
일
정기휴무 (매주 일요일)
월
10:00 - 19:00
화(6/6)
현충일 휴무
수
10:00 - 18:00",0507-1402-0075
민현주여성의원,산부인과,"목
09:30 - 18:30
13:00 - 14:00 휴게시간
금
09:30 - 21:00
13:00 - 14:00 휴게시간
18:30 - 19:00 휴게시간
토
09:30 - 13:00
일
정기휴무 (매주 일요일)
월
09:30 - 18:30
13:00 - 14:00 휴게시간
화(6/6)
현충일 휴무
수
09:30 - 13:00",051-638-8275
맑고고운의원,피부과,"목
10:00 - 20:00
13:00 - 14:00 휴게시간
금
10:00 - 20:00
13:00 - 14:00 휴게시간
토
10:00 - 14:00
일
정기휴무 (매주 일요일)
월
10:00 - 20:00
13:00 - 14:00 휴게시간
화(6/6)
현충일 휴무
수(6/7)
10:00 - 20:00
13:00 - 14:00 휴게시간",0507-1389-7277
도시치과의원,치과,"목
09:30 - 18:30
금
09:30 - 18:00
토
09:30 - 13:00
일
정기휴무 (매주 일요일)
월
09:30 - 18:30
화(6/6)
현충일 휴무
수
09:30 - 18:00",051-643-2030
현명기피부과의원,피부과,"목
14:00 - 19:00
금
09:00 - 18:30
13:00 - 14:00 휴게시간
토
09:00 - 13:00
일
정기휴무 (매주 일요일)
월
09:00 - 18:30
13:00 - 14:00 휴게시간
화(6/6)
현충일 휴무
수
09:00 - 18:30
13:00 - 14:00 휴게시간",051-627-6677
더바른이치과의원,치과,"목(6/1)
14:30 - 19:00
금
10:30 - 19:00
13:00 - 14:30 휴게시간
토
09:30 - 16:00
13:00 - 14:00 휴게시간
일
정기휴무 (매주 일요일)
월
10:30 - 19:00
13:00 - 14:30 휴게시간
화(6/6)
현충일 휴무
수(6/7)
10:30 - 19:00",0507-1408-7527
김현지키움소아청소년과의원,소아청소년과,"목
09:30 - 13:00
금
09:30 - 17:30
12:30 - 14:00 휴게시간
토
09:30 - 13:00
일
정기휴무 (매주 일요일)
월
09:30 - 17:30
12:30 - 14:00 휴게시간
화(6/6)
현충일 휴무
수
09:30 - 17:30
12:30 - 14:00 휴게시간",051-711-6241
목화산부인과의원,산부인과,"목
09:00 - 19:30
12:30 - 14:00 휴게시간
19:00 접수마감
금
09:00 - 17:30
12:30 - 14:00 휴게시간
17:00 접수마감
토
09:00 - 12:30
12:00 접수마감
일
09:00 - 11:00
10:30 접수마감
월
09:00 - 19:30
12:30 - 14:00 휴게시간
19:00 접수마감
화(6/6)
현충일09:00 - 11:00
수
09:00 - 17:30
12:30 - 14:00 휴게시간
17:00 접수마감",051-628-1230
류마참내과의원,내과,"목
09:00 - 18:00
13:00 - 14:00 휴게시간
12:30, 17:30 접수마감
금
09:00 - 18:00
13:00 - 14:00 휴게시간
12:30, 17:30 접수마감
토
09:00 - 13:00
12:30 접수마감
일
정기휴무 (매주 일요일)
월
09:00 - 18:00
13:00 - 14:00 휴게시간
12:30, 17:30 접수마감
화(6/6)
현충일 휴무
수
09:00 - 13:00
12:30 접수마감",051-365-8275
윤성식이비인후과의원,이비인후과,"목
09:00 - 18:30
12:30 - 14:00 휴게시간
금
09:00 - 18:30
12:30 - 14:00 휴게시간
토
09:00 - 13:00
일
정기휴무 (매주 일요일)
월
09:00 - 18:30
12:30 - 14:00 휴게시간
화(6/6)
현충일 휴무
수
09:00 - 18:30
12:30 - 14:00 휴게시간",051-621-4271
우리가정의학과의원,가정의학과,"목
10:00 - 19:00
13:00 - 14:00 휴게시간
금
10:00 - 19:00
13:00 - 14:00 휴게시간
토
정기휴무 (매주 토요일)
일
정기휴무 (매주 일요일)
월
10:00 - 19:00
13:00 - 14:00 휴게시간
화(6/6)
현충일 휴무
수
10:00 - 19:00
13:00 - 14:00 휴게시간",051-622-5690
대연봄정신건강의학과의원,정신건강의학과,"목
09:30 - 18:00
12:30 - 14:00 휴게시간
17:45 접수마감
금
09:30 - 18:00
12:30 - 14:00 휴게시간
17:45 접수마감
토
09:30 - 13:00
12:45 접수마감
일
정기휴무 (매주 일요일)
월
09:30 - 18:00
12:30 - 14:00 휴게시간
17:45 접수마감
화(6/6)
현충일 휴무
수
09:30 - 18:00
12:30 - 14:00 휴게시간
17:45 접수마감",0507-1322-1335
부산샬롬치과의원,치과,"목
09:30 - 18:00
13:00 - 14:00 휴게시간
금
09:30 - 18:00
13:00 - 14:00 휴게시간
토
09:00 - 15:00
일
정기휴무 (매주 일요일)
월
09:30 - 18:00
13:00 - 14:00 휴게시간
화(6/6)
현충일 휴무
수
09:30 - 18:00
13:00 - 14:00 휴게시간",051-637-7528
류상효신경과의원,신경과,"목
09:00 - 18:00
13:00 - 14:00 휴게시간
금
09:00 - 18:00
13:00 - 14:00 휴게시간
토
09:00 - 12:30
일
정기휴무 (매주 일요일)
월
09:00 - 18:00
13:00 - 14:00 휴게시간
화(6/6)
현충일 휴무
수
09:00 - 13:00",051-710-8881
정우창성형외과의원,성형외과,,051-624-6611
문현사랑의원,내과,"목
09:30 - 18:30
13:00 - 14:00 휴게시간
18:15 접수마감
금
09:30 - 18:30
13:00 - 14:00 휴게시간
18:15 접수마감
토
09:30 - 13:30
13:15 접수마감
일
정기휴무 (매주 일요일)
월
09:30 - 18:30
13:00 - 14:00 휴게시간
18:15 접수마감
화(6/6)
현충일 휴무
수
09:30 - 18:30
13:00 - 14:00 휴게시간
18:15 접수마감",0507-1390-9310
성모밝은안과의원,안과,"목
14:00 - 17:30
금
09:30 - 17:30
13:00 - 14:00 휴게시간
토
09:30 - 12:00
일
정기휴무 (매주 일요일)
월
09:30 - 17:30
13:00 - 14:00 휴게시간
화(6/6)
현충일 휴무
수
09:30 - 17:30
13:00 - 14:00 휴게시간",0507-1407-1083
오아시스치과의원,치과,"목
09:30 - 19:00
13:00 - 14:30 휴게시간
금
09:30 - 19:00
13:00 - 14:30 휴게시간
토
09:30 - 13:00
일
정기휴무 (매주 일요일)
월
09:30 - 19:00
13:00 - 14:30 휴게시간
화(6/6)
현충일 휴무
수
09:30 - 19:00
13:00 - 14:30 휴게시간",051-710-5277
하이치과의원,치과,"목
09:30 - 19:00
12:30 - 14:00 휴게시간
금
09:30 - 19:00
12:30 - 14:00 휴게시간
토
09:30 - 14:00
일
정기휴무 (매주 일요일)
월(6/5)
휴무
화(6/6)
현충일 휴무
수
09:30 - 19:00
12:30 - 14:00 휴게시간",051-627-7528
일신소아청소년과의원,소아청소년과,"목
09:00 - 18:00
12:30 - 14:00 휴게시간
12:20, 17:50 접수마감
금
09:00 - 18:00
12:30 - 14:00 휴게시간
12:20, 17:50 접수마감
토
09:00 - 13:00
12:50 접수마감
일
정기휴무 (매주 일요일)
월
09:00 - 18:00
12:30 - 14:00 휴게시간
12:20, 17:50 접수마감
화(6/6)
현충일 휴무
수
09:00 - 13:00
12:50 접수마감",051-611-6181
이정형외과의원,정형외과,,051-622-2727
경희한결한의원,한의원,"목
09:30 - 19:00
13:00 - 14:00 휴게시간
금
09:30 - 19:00
13:00 - 14:00 휴게시간
토
09:30 - 15:00
일
정기휴무 (매주 일요일)
월
09:30 - 19:00
13:00 - 14:00 휴게시간
화(6/6)
현충일 휴무
수
09:30 - 19:00
13:00 - 14:00 휴게시간",0507-1424-7588
해미인치과교정과치과의원,치과,"목
10:00 - 19:00
13:00 - 14:00 휴게시간
금
10:00 - 19:00
13:00 - 14:00 휴게시간
토
09:30 - 13:30
일
정기휴무 (매주 일요일)
월
10:00 - 19:00
13:00 - 14:00 휴게시간
화(6/6)
현충일 휴무
수(6/7)
10:00 - 19:00",051-623-7552
이기대정형외과의원,정형외과,"목
09:00 - 18:30
13:00 - 14:00 휴게시간
금
09:00 - 18:30
13:00 - 14:00 휴게시간
토
09:00 - 13:00
일
정기휴무 (매주 일요일)
월
09:00 - 18:30
13:00 - 14:00 휴게시간
화(6/6)
현충일 휴무
수
09:00 - 18:30
13:00 - 14:00 휴게시간",051-627-8875
크리스탈치과의원,치과,"목
09:30 - 18:30
13:00 - 14:30 휴게시간
금
09:30 - 18:30
13:00 - 14:30 휴게시간
토
09:30 - 13:30
일
정기휴무 (매주 일요일)
월
09:30 - 18:30
13:00 - 14:30 휴게시간
화(6/6)
현충일 휴무
수
09:30 - 18:30
13:00 - 14:30 휴게시간",0507-1375-7522
대한한의원,한의원,"목
09:00 - 18:00
12:00 - 13:00 휴게시간
금
09:00 - 18:00
12:00 - 13:00 휴게시간
토
09:00 - 13:00
일
정기휴무 (매주 일요일)
월
09:00 - 18:00
12:00 - 13:00 휴게시간
화(6/6)
현충일 휴무
수
09:00 - 18:00
12:00 - 13:00 휴게시간",051-633-7582
아이앤맘정신건강의학과의원,정신건강의학과,"목
14:00 - 18:00
17:45 접수마감
금
09:30 - 18:00
12:30 - 14:00 휴게시간
17:45 접수마감
토
09:30 - 13:00
12:45 접수마감
일
정기휴무 (매주 일요일)
월
09:30 - 18:00
12:30 - 14:00 휴게시간
17:45 접수마감
화(6/6)
현충일 휴무
수
09:30 - 18:00
12:30 - 14:00 휴게시간
17:45 접수마감",0507-1496-9601
장원석치과의원,치과,"목
09:30 - 18:30
13:00 - 14:30 휴게시간
금
09:30 - 18:30
13:00 - 14:30 휴게시간
토(6/3)
휴무
일
정기휴무 (매주 일요일)
월
09:30 - 18:30
13:00 - 14:30 휴게시간
화(6/6)
현충일 휴무
수
09:30 - 18:30
13:00 - 14:30 휴게시간",051-612-0012
메디칼안과의원,안과,"목
09:30 - 18:00
13:00 - 14:00 휴게시간
금
09:30 - 18:00
13:00 - 14:00 휴게시간
토
09:30 - 13:00
일
정기휴무 (매주 일요일)
월
09:30 - 18:00
13:00 - 14:00 휴게시간
화(6/6)
현충일09:30 - 13:00
수
09:30 - 18:00
13:00 - 14:00 휴게시간
접기",051-621-3434
오즈어린이치과의원 대연점,치과,"목
정기휴무 (매주 목요일)
금
10:00 - 18:00
13:00 - 14:20 휴게시간
17:30 접수마감
토
09:00 - 13:00
12:30 접수마감
일
정기휴무 (매주 일요일)
월
10:00 - 18:00
13:00 - 14:20 휴게시간
17:30 접수마감
화(6/6)
현충일 휴무
수
10:00 - 18:00
13:00 - 14:20 휴게시간
17:30 접수마감",051-611-2875
라인정형외과의원,정형외과,"목
09:00 - 13:00
금
09:00 - 19:30
12:30 - 14:00 휴게시간
토
09:00 - 13:00
일
정기휴무 (매주 일요일)
월
09:00 - 19:30
12:30 - 14:00 휴게시간
화(6/6)
현충일 휴무
수
09:00 - 19:30
12:30 - 14:00 휴게시간",0507-1397-5114
고구려한의원,한의원,"목
09:30 - 19:00
13:00 - 14:00 휴게시간
금
09:30 - 19:00
13:00 - 14:00 휴게시간
토
09:30 - 14:00
일
정기휴무 (매주 일요일)
월
09:30 - 19:00
13:00 - 14:00 휴게시간
화
09:30 - 20:00
13:00 - 14:00 휴게시간
수
정기휴무 (매주 수요일)
접기",0507-1356-2727
강한정형외과의원,정형외과,"목
09:00 - 18:00
금
09:00 - 18:00
토
09:00 - 15:00
일
09:00 - 15:00
월
09:00 - 18:00
화(6/6)
현충일 휴무
수
09:00 - 18:00",051-542-8840
정상신한의원,한의원,"목
09:30 - 18:30
13:00 - 14:00 휴게시간
금
09:30 - 18:30
13:00 - 14:00 휴게시간
토
09:30 - 13:30
일
정기휴무 (매주 일요일)
월
09:30 - 18:30
13:00 - 14:00 휴게시간
화(6/6)
현충일09:30 - 13:30
수
09:30 - 18:30
13:00 - 14:00 휴게시간
접기",051-631-0210
선한이웃치과의원,치과,"목
09:00 - 18:00
12:00 - 13:00 휴게시간
금
09:00 - 18:00
12:00 - 13:00 휴게시간
토
09:00 - 16:30
일
정기휴무 (매주 일요일)
월
09:00 - 18:00
12:00 - 13:00 휴게시간
화(6/6)
현충일 휴무
수
09:00 - 18:00
12:00 - 13:00 휴게시간",051-643-2875
심플치과의원,치과,"목
09:30 - 18:30
13:00 - 14:30 휴게시간
금
09:30 - 18:30
13:00 - 14:30 휴게시간
토
09:30 - 14:00
일
정기휴무 (매주 일요일)
월
09:30 - 18:30
13:00 - 14:30 휴게시간
화(6/6)
현충일 휴무
수
09:30 - 18:30
13:00 - 14:30 휴게시간",0507-1490-0161
마리여성의원,산부인과,"목
09:30 - 18:30
13:00 - 14:00 휴게시간
금
09:30 - 18:30
13:00 - 14:00 휴게시간
토
09:30 - 13:00
일
정기휴무 (매주 일요일)
월
09:30 - 18:30
13:00 - 14:00 휴게시간
화(6/6)
현충일 휴무
수
09:30 - 18:30
13:00 - 14:00 휴게시간",051-626-1009
박소양산부인과의원,산부인과,"목
09:30 - 18:30
12:30 - 14:00 휴게시간
금
09:30 - 18:30
12:30 - 14:00 휴게시간
토
09:30 - 13:00
일
정기휴무 (매주 일요일)
월
09:30 - 18:30
12:30 - 14:00 휴게시간
화(6/6)
현충일 휴무
수
09:30 - 18:30
12:30 - 14:00 휴게시간",051-612-0004
나란이 치과교정과 치과의원,치과,"목
11:00 - 18:00
13:00 - 14:00 휴게시간
금
11:00 - 18:00
13:00 - 14:00 휴게시간
토
10:00 - 13:00
일
정기휴무 (매주 일요일)
월
11:00 - 18:30
13:00 - 14:00 휴게시간
화(6/6)
현충일 휴무
수
11:00 - 18:30
13:00 - 14:00 휴게시간",051-625-2885
약손한의원,한의원,"목
09:30 - 19:00
12:30 - 14:00 휴게시간
18:30 접수마감
금
09:30 - 19:00
12:30 - 14:00 휴게시간
18:30 접수마감
토
09:30 - 14:00
13:30 접수마감
일
정기휴무 (매주 일요일)
월
09:30 - 19:00
12:30 - 14:00 휴게시간
18:30 접수마감
화(6/6)
현충일10:00 - 20:00
수
09:30 - 15:00
12:30 - 14:00 휴게시간
14:30 접수마감
접기",0507-1471-7503
도레미의원,피부과,"목
10:00 - 19:00
13:00 - 14:00 휴게시간
금
10:00 - 21:00
13:00 - 14:00 휴게시간
토
10:00 - 16:00
일
정기휴무 (매주 일요일)
월
10:00 - 19:00
13:00 - 14:00 휴게시간
화(6/6)
현충일 휴무
수
14:00 - 21:00",0507-1488-9876
이든정신건강의학과의원,정신건강의학과,"목
09:30 - 18:30
12:30 - 14:00 휴게시간
17:30 접수마감
금
09:30 - 18:30
12:30 - 14:00 휴게시간
17:30 접수마감
토
09:00 - 13:30
12:30 접수마감
일
정기휴무 (매주 일요일)
월
정기휴무 (매주 월요일)
화(6/6)
현충일 휴무
수
09:30 - 18:30
12:30 - 14:00 휴게시간
17:30 접수마감",0507-1426-1077
에스산부인과의원,산부인과,"목
09:30 - 18:00
13:00 - 14:00 휴게시간
금
09:30 - 18:00
13:00 - 14:00 휴게시간
토
09:30 - 14:00
일
정기휴무 (매주 일요일)
월
09:30 - 18:00
13:00 - 14:00 휴게시간
화(6/6)
현충일 휴무
수
09:30 - 14:00",051-715-7977
새롬이비인후과의원,이비인후과,"목
09:00 - 18:30
12:30 - 14:00 휴게시간
금
09:00 - 18:30
12:30 - 14:00 휴게시간
토
09:00 - 13:00
일
정기휴무 (매주 일요일)
월
09:00 - 18:30
12:30 - 14:00 휴게시간
화(6/6)
현충일 휴무
수
09:00 - 18:30
12:30 - 14:00 휴게시간",0507-1433-7576
뷰리안의원,피부과,"목
10:30 - 20:30
13:30 - 14:30 휴게시간
20:15 접수마감
금
10:30 - 19:00
13:30 - 14:30 휴게시간
18:45 접수마감
토
10:30 - 15:30
15:15 접수마감
일
정기휴무 (매주 일요일)
월
15:00 - 20:30
20:15 접수마감
화(6/6)
현충일 휴무
수
10:30 - 19:00
13:30 - 14:30 휴게시간
18:45 접수마감",0507-1433-7823
경희서울한의원,한의원,"목
09:00 - 20:00
12:30 - 14:00 휴게시간
금
09:00 - 20:00
12:30 - 14:00 휴게시간
토
09:00 - 15:00
일
09:00 - 15:00
월
09:00 - 20:00
12:30 - 14:00 휴게시간
화(6/6)
현충일09:00 - 15:00
수
09:00 - 20:00
12:30 - 14:00 휴게시간",051-710-7525
예뻐지는의원,피부과,"목
11:00 - 19:00
13:00 - 14:00 휴게시간
금
11:00 - 19:00
13:00 - 14:00 휴게시간
토
11:00 - 15:00
일
정기휴무 (매주 일요일)
월
11:00 - 20:00
13:00 - 14:00 휴게시간
화(6/6)
현충일 휴무
수
11:00 - 19:00
13:00 - 14:00 휴게시간",051-628-7212
클라쎄피부과의원,피부과,"목
09:30 - 18:30
12:30 - 14:00 휴게시간
18:00 접수마감
금
09:30 - 18:30
12:30 - 14:00 휴게시간
18:00 접수마감
토
09:30 - 13:00
12:30 접수마감
일
정기휴무 (매주 일요일)
월(6/5)
휴무
화(6/6)
휴무
수(6/7)
휴무",0507-1418-7502
유솜마취통증의학과의원,마취통증의학과,"목
09:30 - 18:00
13:00 - 14:00 휴게시간
17:30 접수마감
금
09:30 - 18:00
13:00 - 14:00 휴게시간
17:30 접수마감
토
09:30 - 13:00
12:30 접수마감
일
정기휴무 (매주 일요일)
월
09:30 - 18:00
13:00 - 14:00 휴게시간
17:30 접수마감
화(6/6)
현충일 휴무
수
14:00 - 21:00
20:30 접수마감",0507-1330-4114
조진수소아청소년과의원,소아청소년과,"목
09:00 - 18:00
12:30 - 14:00 휴게시간
금
09:00 - 18:00
12:30 - 14:00 휴게시간
토
정기휴무 (매주 토요일)
일
정기휴무 (매주 일요일)
월
09:00 - 18:00
12:30 - 14:00 휴게시간
화(6/6)
현충일 휴무
수
09:00 - 18:00
12:30 - 14:00 휴게시간",051-625-9933
신진근이비인후과의원,이비인후과,"목
09:00 - 18:30
12:30 - 14:00 휴게시간
금
09:00 - 18:30
12:30 - 14:00 휴게시간
토
09:00 - 13:00
일
정기휴무 (매주 일요일)
월
09:00 - 18:30
12:30 - 14:00 휴게시간
화(6/6)
현충일 휴무
수
14:00 - 18:30",051-612-5075
남경한의원,한의원,"목
09:30 - 18:00
12:30 - 13:30 휴게시간
금
09:30 - 18:00
12:30 - 13:30 휴게시간
토
09:30 - 14:00
일
정기휴무 (매주 일요일)
월
09:30 - 18:00
12:30 - 13:30 휴게시간
화(6/6)
현충일 휴무
수
09:30 - 18:00
12:30 - 13:30 휴게시간",051-621-1135
양성연내과의원,내과,"목
08:30 - 18:00
12:30 - 14:00 휴게시간
17:30 접수마감
금
08:30 - 18:00
12:30 - 14:00 휴게시간
17:30 접수마감
토
08:30 - 12:30
12:00 접수마감
일
정기휴무 (매주 일요일)
월
08:30 - 18:00
12:30 - 14:00 휴게시간
17:30 접수마감
화(6/6)
현충일 휴무
수
08:30 - 16:00
15:30 접수마감",051-624-7582
김문석피부과의원,피부과,"목
09:00 - 17:00
금
09:00 - 17:00
토
09:00 - 12:30
일
정기휴무 (매주 일요일)
월
09:00 - 17:00
화(6/6)
현충일 휴무
수
09:00 - 17:00",051-624-1612
고마워한의원,한의원,"목
정기휴무 (매주 목요일)
금
10:00 - 21:00
13:00 - 14:00 휴게시간
17:30 - 18:00 휴게시간
토
10:00 - 17:30
13:00 - 14:00 휴게시간
일
정기휴무 (매주 일요일)
월
10:00 - 21:00
13:00 - 14:00 휴게시간
17:30 - 18:00 휴게시간
화(6/6)
12:00 - 19:30
수
10:00 - 21:00
13:00 - 14:00 휴게시간
17:30 - 18:00 휴게시간",0507-1474-0302
W치과의원,치과,"목
13:00 - 20:00
금
13:00 - 20:00
토
정기휴무 (매주 토요일)
일
정기휴무 (매주 일요일)
월
13:00 - 20:00
화(6/6)
현충일 휴무
수
13:00 - 20:00",0507-1407-2842
서울최유라정신건강의학과의원,정신건강의학과,"목
09:30 - 17:30
13:00 - 14:00 휴게시간
금
09:30 - 17:30
13:00 - 14:00 휴게시간
토
09:30 - 13:30
일
정기휴무 (매주 일요일)
월
09:30 - 17:30
13:00 - 14:00 휴게시간
화(6/6)
현충일 휴무
수
14:00 - 19:30",0507-1390-3234
리즈정신건강의학과의원,정신건강의학과,"목
09:30 - 18:30
12:30 - 14:00 휴게시간
금
09:30 - 18:30
12:30 - 14:00 휴게시간
토
09:30 - 13:00
일
정기휴무 (매주 일요일)
월
09:30 - 18:30
12:30 - 14:00 휴게시간
화(6/6)
현충일 휴무
수
14:00 - 18:30",051-639-3399
대연정형외과의원,정형외과,"목
09:00 - 18:30
13:00 - 14:30 휴게시간
금
09:00 - 18:30
13:00 - 14:30 휴게시간
토
09:00 - 13:00
일
정기휴무 (매주 일요일)
월
09:00 - 18:30
13:00 - 14:30 휴게시간
화
09:00 - 18:30
13:00 - 14:30 휴게시간
수
09:00 - 18:30
13:00 - 14:30 휴게시간
접기",051-914-1234
성소치과의원,치과,"목
09:30 - 18:30
12:30 - 14:00 휴게시간
금
09:30 - 18:30
12:30 - 14:00 휴게시간
토
09:30 - 13:00
일
정기휴무 (매주 일요일)
월
09:30 - 18:30
12:30 - 14:00 휴게시간
화(6/6)
현충일 휴무
수
09:30 - 18:30
12:30 - 14:00 휴게시간",0507-1373-0275
시온치과의원 대연점,치과,"목
09:30 - 18:30
13:00 - 14:30 휴게시간
금
09:30 - 18:30
13:00 - 14:30 휴게시간
토
09:30 - 14:00
일
정기휴무 (매주 일요일)
월
09:30 - 18:30
13:00 - 14:30 휴게시간
화(6/6)
현충일 휴무
수
09:30 - 18:30
13:00 - 14:30 휴게시간",0507-1419-2822
대명치과의원,치과,"목
10:00 - 21:00
금
10:00 - 19:00
토
09:30 - 13:30
일
정기휴무 (매주 일요일)
월
10:00 - 19:00
화(6/6)
현충일 휴무
수
10:00 - 19:00",0507-1443-2506
구자현비뇨기과의원,비뇨의학과,"목
09:30 - 18:00
13:00 - 14:00 휴게시간
금
09:30 - 18:00
13:00 - 14:00 휴게시간
토
09:30 - 13:00
일
정기휴무 (매주 일요일)
월
09:30 - 18:00
13:00 - 14:00 휴게시간
화(6/6)
현충일 휴무
수
09:30 - 18:00
13:00 - 14:00 휴게시간",051-625-2288
강남비뇨기과의원,비뇨의학과,"목
09:00 - 18:00
13:00 - 14:00 휴게시간
금
09:00 - 18:00
13:00 - 14:00 휴게시간
토
09:00 - 12:30
일
정보없음
월
09:00 - 18:00
13:00 - 14:00 휴게시간
화
09:00 - 18:00
13:00 - 14:00 휴게시간
수
09:00 - 18:00
13:00 - 14:00 휴게시간
접기",051-646-6464
천용준정신건강의학과의원,정신건강의학과,"목
09:30 - 18:30
13:00 - 14:30 휴게시간
금
09:30 - 18:30
13:00 - 14:30 휴게시간
토
09:00 - 14:00
일
정기휴무 (매주 일요일)
월
09:30 - 18:30
13:00 - 14:30 휴게시간
화(6/6)
현충일 휴무
수
09:30 - 18:30
13:00 - 14:30 휴게시간",0507-1312-1155
김소아청소년과의원,소아청소년과,"목
14:00 - 18:00
금
09:30 - 18:00
13:00 - 14:30 휴게시간
토
09:30 - 13:00
일
정기휴무 (매주 일요일)
월
09:30 - 18:00
13:00 - 14:30 휴게시간
화
09:30 - 18:00
13:00 - 14:30 휴게시간
수
09:30 - 18:00
13:00 - 14:30 휴게시간
접기",051-645-8988
올바른신경외과의원,신경외과,"목
09:30 - 19:00
13:00 - 14:00 휴게시간
금
09:30 - 19:00
13:00 - 14:00 휴게시간
토
09:30 - 13:30
일
정기휴무 (매주 일요일)
월
09:30 - 19:00
13:00 - 14:00 휴게시간
화(6/6)
현충일 휴무
수
09:30 - 19:00
13:00 - 14:00 휴게시간",051-715-8212
천지인한의원,한의원,"목
09:00 - 14:00
13:30 접수마감
금
09:00 - 18:00
13:00 - 14:00 휴게시간
17:30 접수마감
토
09:00 - 14:00
13:30 접수마감
일
정기휴무 (매주 일요일)
월
09:00 - 18:00
13:00 - 14:00 휴게시간
17:30 접수마감
화
09:00 - 14:00
13:30 접수마감
수
09:00 - 18:00
13:00 - 14:00 휴게시간
17:30 접수마감",051-791-1075
슬기로운내과의원,내과,"목
08:30 - 18:00
13:00 - 14:00 휴게시간
금
08:30 - 18:00
13:00 - 14:00 휴게시간
토
08:30 - 14:00
일
정기휴무 (매주 일요일)
월
08:30 - 18:00
13:00 - 14:00 휴게시간
화(6/6)
현충일 휴무
수
08:30 - 18:00
13:00 - 14:00 휴게시간",051-645-3388
심은희내과의원,내과,"목
09:00 - 18:00
13:00 - 14:00 휴게시간
금
09:00 - 18:00
13:00 - 14:00 휴게시간
토
09:00 - 13:00
일
정기휴무 (매주 일요일)
월
09:00 - 18:00
13:00 - 14:00 휴게시간
화(6/6)
현충일 휴무
수
09:00 - 18:00
13:00 - 14:00 휴게시간",051-928-3301
디지털닥터정치과의원,치과,"목
정기휴무 (매주 목요일)
금
09:30 - 18:00
12:30 - 14:00 휴게시간
12:00, 17:30 접수마감
토
09:30 - 13:00
12:30 접수마감
일
정기휴무 (매주 일요일)
월
09:30 - 18:00
12:30 - 14:00 휴게시간
12:00, 17:30 접수마감
화(6/6)
현충일 휴무
수
09:30 - 18:00
12:30 - 14:00 휴게시간
12:00, 17:30 접수마감",0507-1477-2278
손내과의원,내과,"목
09:30 - 18:30
12:30 - 14:00 휴게시간
금
09:30 - 18:30
12:30 - 14:00 휴게시간
토
09:30 - 13:00
일
정기휴무 (매주 일요일)
월
09:30 - 18:30
12:30 - 14:00 휴게시간
화(6/6)
현충일09:30 - 13:00
수
09:30 - 18:30
12:30 - 14:00 휴게시간
접기",051-627-2626
레진치과의원,치과,"목
12:00 - 21:00
17:00 - 18:00 휴게시간
16:30, 20:30 접수마감
금
10:00 - 19:00
13:00 - 14:00 휴게시간
12:30, 18:30 접수마감
토
정기휴무 (매주 토요일)
일
정기휴무 (매주 일요일)
월
12:00 - 21:00
17:00 - 18:00 휴게시간
16:30, 20:30 접수마감
화(6/6)
현충일 휴무
수
10:00 - 19:00
13:00 - 14:00 휴게시간
12:30, 18:30 접수마감",051-959-1000
서울프라임치과의원,치과,"목
09:30 - 12:30
금
09:30 - 18:30
12:30 - 14:00 휴게시간
토
09:30 - 13:00
일
정기휴무 (매주 일요일)
월
09:30 - 18:30
12:30 - 14:00 휴게시간
화(6/6)
현충일 휴무
수
09:30 - 18:30
12:30 - 14:00 휴게시간",051-642-1876
우리들40플란트치과병원,치과,,051-633-2875
구자영내과의원,내과,"목
09:00 - 18:00
13:00 - 14:00 휴게시간
17:30 접수마감
금
09:00 - 18:00
13:00 - 14:00 휴게시간
17:30 접수마감
토
09:00 - 13:00
12:30 접수마감
일
정기휴무 (매주 일요일)
월
09:00 - 18:00
13:00 - 14:00 휴게시간
17:30 접수마감
화(6/6)
현충일 휴무
수
09:00 - 18:00
13:00 - 14:00 휴게시간
17:30 접수마감",051-646-3345
성찬의원,내과,"목
09:00 - 12:00
금
09:00 - 18:00
12:40 - 14:00 휴게시간
토
09:00 - 12:00
일
정기휴무 (매주 일요일)
월
09:00 - 18:00
12:40 - 14:00 휴게시간
화(6/6)
현충일 휴무
수
09:00 - 18:00
12:40 - 14:00 휴게시간",051-625-8575
대연균형한의원,한의원,"목
09:00 - 21:00
12:30 - 14:00 휴게시간
12:00, 20:30 접수마감
금
09:00 - 21:00
12:30 - 14:00 휴게시간
12:00, 20:30 접수마감
토
09:00 - 17:00
12:30 - 14:00 휴게시간
12:00, 16:30 접수마감
일
09:00 - 17:00
12:30 - 14:00 휴게시간
12:00, 16:30 접수마감
월
09:00 - 21:00
12:30 - 14:00 휴게시간
12:00, 20:30 접수마감
화(6/6)
현충일09:00 - 17:00
12:30 - 14:00 휴게시간
수
09:00 - 21:00
12:30 - 14:00 휴게시간
12:00, 20:30 접수마감
접기",0507-1430-1075
김영수내과의원,내과,"목
09:00 - 18:30
13:00 - 14:00 휴게시간
금
09:00 - 18:30
13:00 - 14:00 휴게시간
토
09:00 - 14:00
일
정기휴무 (매주 일요일)
월
09:00 - 18:30
13:00 - 14:00 휴게시간
화(6/6)
현충일 휴무
수
09:00 - 18:30
13:00 - 14:00 휴게시간",051-611-6151
봉생힐링병원,"병원,의원","목
08:30 - 17:00
12:30 - 13:30 휴게시간
16:30 접수마감
금
08:30 - 17:00
12:30 - 13:30 휴게시간
16:30 접수마감
토
08:30 - 12:30
12:00 접수마감
일
정기휴무 (매주 일요일)
월
08:30 - 17:30
12:30 - 13:30 휴게시간
17:00 접수마감
화(6/6)
현충일 휴무
수
08:30 - 17:00
12:30 - 13:30 휴게시간
16:30 접수마감",051-668-6000
디올이비인후과의원,이비인후과,"목
09:00 - 18:30
12:50 - 14:00 휴게시간
18:25 접수마감
금
09:00 - 18:30
12:50 - 14:00 휴게시간
18:25 접수마감
토
09:00 - 13:00
12:55 접수마감
일
정기휴무 (매주 일요일)
월(6/5)
휴무
화(6/6)
현충일 휴무
수
09:00 - 18:30
12:50 - 14:00 휴게시간
18:25 접수마감",051-791-1100
부산대연 리아한의원,한의원,"목
10:00 - 21:00
13:00 - 14:00 휴게시간
금
10:00 - 21:00
13:00 - 14:00 휴게시간
토
10:00 - 15:00
일
정기휴무 (매주 일요일)
월
10:00 - 21:00
13:00 - 14:00 휴게시간
화(6/6)
현충일 휴무
수
10:00 - 21:00
13:00 - 14:00 휴게시간",0507-1359-4975
이외과의원,외과,"목
09:00 - 18:00
13:00 - 14:00 휴게시간
금
09:00 - 18:00
13:00 - 14:00 휴게시간
토
09:00 - 12:30
일
정기휴무 (매주 일요일)
월
09:00 - 18:00
13:00 - 14:00 휴게시간
화(6/6)
현충일 휴무
수
09:00 - 18:00
13:00 - 14:00 휴게시간",051-628-8176
본드림한의원,한의원,"목
10:00 - 18:00
12:30 - 14:00 휴게시간
금
10:00 - 18:00
12:30 - 14:00 휴게시간
토
10:00 - 14:00
일
정기휴무 (매주 일요일)
월(6/5)
휴무
화(6/6)
현충일 휴무
수
10:00 - 20:00
12:30 - 14:00 휴게시간",051-741-7588
김정태정형외과의원,정형외과,"목
09:00 - 18:00
13:00 - 14:00 휴게시간
17:15 접수마감
금
09:00 - 18:00
13:00 - 14:00 휴게시간
17:15 접수마감
토
09:00 - 13:00
12:15 접수마감
일
정기휴무 (매주 일요일)
월
09:00 - 18:00
13:00 - 14:00 휴게시간
17:15 접수마감
화(6/6)
현충일 휴무
수
09:00 - 18:00
13:00 - 14:00 휴게시간
17:15 접수마감",051-628-1997
부산성모병원 응급실,응급실,,051-933-7119
산삼한의원,한의원,"목
09:10 - 20:30
13:00 - 14:00 휴게시간
20:00 접수마감
금
09:10 - 20:30
13:00 - 14:00 휴게시간
20:00 접수마감
토
09:10 - 15:00
14:30 접수마감
일
09:10 - 15:00
14:30 접수마감
월
09:10 - 20:30
13:00 - 14:00 휴게시간
20:00 접수마감
화(6/6)
현충일09:10 - 15:00
수
09:10 - 20:30
13:00 - 14:00 휴게시간
20:00 접수마감",0507-1470-1077
더블유한의원,한의원,"목
10:00 - 19:00
13:00 - 14:00 휴게시간
금
10:00 - 19:00
13:00 - 14:00 휴게시간
토
10:00 - 15:00
일
정기휴무 (매주 일요일)
월
10:00 - 19:00
13:00 - 14:00 휴게시간
화(6/6)
현충일 휴무
수
10:00 - 15:00",051-711-8575
세화의원,"병원,의원","목
09:00 - 18:30
금
09:00 - 18:30
토
09:00 - 13:30
일
정기휴무 (매주 일요일)
월
09:00 - 18:30
화(6/6)
현충일09:00 - 13:30
수
09:00 - 18:30
접기",051-632-4392
광덕안정한의원 부산대연점,한의원,"목
08:00 - 21:00
13:00 - 14:00 휴게시간
20:20 접수마감
금
08:00 - 21:00
13:00 - 14:00 휴게시간
20:20 접수마감
토
08:00 - 17:00
13:00 - 14:00 휴게시간
16:20 접수마감
일
08:00 - 17:00
13:00 - 14:00 휴게시간
16:20 접수마감
월
08:00 - 21:00
13:00 - 14:00 휴게시간
20:20 접수마감
화(6/6)
현충일08:00 - 17:00
13:00 - 14:00 휴게시간
수
08:00 - 21:00
13:00 - 14:00 휴게시간
20:20 접수마감",051-714-2475
최원복소아청소년과의원,소아청소년과,"목
09:00 - 18:00
금
09:00 - 18:00
토
09:00 - 17:00
12:30 - 13:30 휴게시간
일
정기휴무 (매주 일요일)
월
정기휴무 (매주 월요일)
화(6/6)
현충일 휴무
수
09:00 - 18:00",051-628-7711
서울리더스치과의원,치과,"목
09:30 - 19:00
13:00 - 14:30 휴게시간
금
09:30 - 19:00
13:00 - 14:30 휴게시간
토
09:30 - 13:00
일
정기휴무 (매주 일요일)
월
09:30 - 19:00
13:00 - 14:30 휴게시간
화(6/6)
현충일 휴무
수
09:30 - 19:00
13:00 - 14:30 휴게시간",051-637-2879
메디스치과의원 경성대,치과,"목
10:00 - 20:00
13:00 - 14:00 휴게시간
금
10:00 - 19:00
13:00 - 14:00 휴게시간
토
10:00 - 14:00
일
정기휴무 (매주 일요일)
월(6/5)
휴무
화(6/6)
현충일 휴무
수
10:00 - 19:00
13:00 - 14:00 휴게시간",0507-1315-7475
조용현안과,안과,,No phone number available
인창대연요양병원,요양병원,"목
08:30 - 17:30
12:30 - 13:30 휴게시간
금
08:30 - 17:30
12:30 - 13:30 휴게시간
토
정기휴무 (매주 토요일)
일
정기휴무 (매주 일요일)
월
08:30 - 17:30
12:30 - 13:30 휴게시간
화(6/6)
현충일 휴무
수
08:30 - 17:30
12:30 - 13:30 휴게시간",051-774-1004
신세종피부비뇨기과의원,비뇨의학과,"목
09:00 - 18:30
12:30 - 14:00 휴게시간
금
09:00 - 18:30
12:30 - 14:00 휴게시간
토
09:00 - 13:00
일
정기휴무 (매주 일요일)
월
09:00 - 18:30
12:30 - 14:00 휴게시간
화(6/6)
현충일 휴무
수
09:00 - 18:30
12:30 - 14:00 휴게시간",051-628-8017
서민정형외과의원,정형외과,"목
09:00 - 18:00
12:30 - 14:00 휴게시간
금
09:00 - 18:00
12:30 - 14:00 휴게시간
토
09:00 - 12:30
일
정기휴무 (매주 일요일)
월
09:00 - 18:00
12:30 - 14:00 휴게시간
화(6/6)
현충일 휴무
수
09:00 - 12:30",051-621-7890
장주경치과의원,치과,"목
09:30 - 18:30
12:30 - 14:00 휴게시간
금
09:30 - 18:30
12:30 - 14:00 휴게시간
토
09:30 - 13:30
일
정기휴무 (매주 일요일)
월
09:30 - 18:30
12:30 - 14:00 휴게시간
화(6/6)
현충일 휴무
수
09:30 - 18:30
12:30 - 14:00 휴게시간",051-626-7972
그랜드치과의원,치과,"목
09:30 - 18:30
13:00 - 14:00 휴게시간
금
09:30 - 18:30
13:00 - 14:00 휴게시간
토
09:30 - 13:30
일
정기휴무 (매주 일요일)
월
09:30 - 18:30
13:00 - 14:00 휴게시간
화(6/6)
현충일 휴무
수
09:30 - 18:30
13:00 - 14:00 휴게시간",051-264-2875
부산성모병원 장례식장,장례식장,,051-933-7480
e라인치과의원,치과,"목
10:30 - 19:00
13:00 - 14:30 휴게시간
18:00 접수마감
금
10:30 - 19:00
13:00 - 14:30 휴게시간
18:00 접수마감
토
10:00 - 14:00
13:00 접수마감
일
정기휴무 (매주 일요일)
월
10:30 - 19:00
13:00 - 14:30 휴게시간
18:00 접수마감
화(6/6)
현충일 휴무
수
정기휴무 (매주 수요일)",051-612-2885
안무경가정의학과의원,가정의학과,"목
09:00 - 17:40
12:30 - 14:00 휴게시간
금
09:00 - 17:40
12:30 - 14:00 휴게시간
토
09:00 - 12:30
일
정기휴무 (매주 일요일)
월
09:00 - 17:40
12:30 - 14:00 휴게시간
화(6/6)
현충일 휴무
수
09:00 - 16:00
12:30 - 14:00 휴게시간",051-626-3030
명인이플란트치과의원,치과,"목
09:30 - 21:00
13:00 - 14:30 휴게시간
금
09:30 - 19:00
13:00 - 14:30 휴게시간
토
09:30 - 14:00
일
정기휴무 (매주 일요일)
월
09:30 - 21:00
13:00 - 14:30 휴게시간
화(6/6)
현충일 휴무
수
09:30 - 19:00
13:00 - 14:30 휴게시간",0507-1359-2870
이좋은45치과의원,치과,"목
정기휴무 (매주 목요일)
금
09:30 - 18:30
13:00 - 14:30 휴게시간
토
09:30 - 13:00
일
정기휴무 (매주 일요일)
월
09:30 - 18:30
13:00 - 14:30 휴게시간
화(6/6)
현충일 휴무
수
09:30 - 21:00
13:00 - 14:30 휴게시간",051-711-2845
한빛내과의원,내과,"목
09:00 - 18:00
금
09:00 - 18:00
토
09:00 - 13:00
일
정기휴무 (매주 일요일)
월
09:00 - 18:00
화(6/6)
현충일 휴무
수
09:00 - 18:00",051-645-6566
로덴치과의원,치과,"목
09:40 - 18:30
12:30 - 14:00 휴게시간
금
09:40 - 18:30
12:30 - 14:00 휴게시간
토
09:40 - 13:00
일
정기휴무 (매주 일요일)
월
09:40 - 18:30
12:30 - 14:00 휴게시간
화(6/6)
현충일 휴무
수
09:40 - 18:30
12:30 - 14:00 휴게시간",0507-1310-1928
온부부치과의원,치과,"목
09:30 - 18:00
12:30 - 14:00 휴게시간
금
09:30 - 18:00
12:30 - 14:00 휴게시간
토
09:30 - 13:00
일
정기휴무 (매주 일요일)
월
09:30 - 19:30
12:30 - 14:00 휴게시간
화(6/6)
현충일 휴무
수
09:30 - 18:00
12:30 - 14:00 휴게시간",051-611-2825
대연어린이치과의원,치과,"목
14:00 - 20:30
19:30 접수마감
금
10:00 - 18:30
12:30 - 14:00 휴게시간
11:30, 17:30 접수마감
토
09:00 - 13:30
12:30 접수마감
일
정기휴무 (매주 일요일)
월(6/5)
휴무
화(6/6)
현충일 휴무
수(6/7)
휴무",051-791-1275
대연척척한의원,한의원,"목
09:30 - 18:30
13:00 - 14:00 휴게시간
금
09:30 - 18:30
13:00 - 14:00 휴게시간
토
09:30 - 14:00
일
정기휴무 (매주 일요일)
월
09:30 - 18:30
13:00 - 14:00 휴게시간
화(6/6)
현충일 휴무
수
09:30 - 18:30
13:00 - 14:00 휴게시간",0507-1453-5566
파크사이드재활의학병원,재활의학과,,051-629-8000
박창수한의원,한의원,"목
정기휴무 (매주 목요일)
금
09:00 - 18:00
13:00 - 14:30 휴게시간
토
09:00 - 16:30
13:00 - 14:30 휴게시간
일
정기휴무 (매주 일요일)
월
09:00 - 18:00
13:00 - 14:30 휴게시간
화
09:00 - 18:00
13:00 - 14:30 휴게시간
수
09:00 - 20:30
13:00 - 14:30 휴게시간
18:30 - 19:30 휴게시간
접기",051-636-1059
참사랑한의원,한의원,"목
08:30 - 18:00
13:00 - 14:00 휴게시간
금
08:30 - 18:00
13:00 - 14:00 휴게시간
토
08:30 - 14:00
일
정기휴무 (매주 일요일)
월
08:30 - 18:00
13:00 - 14:00 휴게시간
화(6/6)
현충일 휴무
수
08:30 - 18:00
13:00 - 14:00 휴게시간",051-647-4009
새로운치과의원,치과,"목
09:30 - 19:00
13:00 - 14:30 휴게시간
금
09:30 - 19:00
13:00 - 14:30 휴게시간
토
09:30 - 13:00
일
정기휴무 (매주 일요일)
월
09:30 - 21:00
13:00 - 14:30 휴게시간
화(6/6)
현충일 휴무
수
09:30 - 21:00
13:00 - 14:30 휴게시간",051-633-2804
혜인한의원,한의원,"목
10:00 - 20:00
13:00 - 14:30 휴게시간
금
10:00 - 19:00
13:00 - 14:30 휴게시간
토
10:00 - 16:00
일
정기휴무 (매주 일요일)
월
10:00 - 20:00
13:00 - 14:30 휴게시간
화(6/6)
현충일10:00 - 16:00
수
10:00 - 13:00
접기",051-628-5213
참사랑의원,내과,"목
09:00 - 18:30
금
09:00 - 18:30
토
09:00 - 14:00
일
정기휴무 (매주 일요일)
월
09:00 - 18:30
화(6/6)
현충일 휴무
수
09:00 - 18:30",051-527-3331
그랜드자연요양병원,요양병원,"목
09:30 - 18:00
금
09:30 - 18:00
토
정기휴무 (매주 토요일)
일
정기휴무 (매주 일요일)
월
09:30 - 18:00
화(6/6)
현충일 휴무
수
09:30 - 18:00",051-612-0075
삐뚤한이바르게치과 교정과치과의원,치과,"목(6/1)
10:30 - 19:00
13:00 - 14:30 휴게시간
금
10:30 - 19:00
13:00 - 14:30 휴게시간
18:30 접수마감
토
09:30 - 14:00
13:30 접수마감
일
정기휴무 (매주 일요일)
월(6/5)
휴무
화(6/6)
현충일 휴무
수
10:30 - 19:00
13:00 - 14:30 휴게시간
18:30 접수마감",0507-1313-2833
이강룡내과의원,내과,"목
09:00 - 18:00
12:30 - 14:00 휴게시간
금
09:00 - 18:00
12:30 - 14:00 휴게시간
토
09:00 - 13:00
일
정기휴무 (매주 일요일)
월
09:00 - 18:00
12:30 - 14:00 휴게시간
화(6/6)
현충일 휴무
수
09:00 - 18:00
12:30 - 14:00 휴게시간",051-627-7474
이곳치과의원,치과,"목
10:00 - 19:00
13:00 - 14:30 휴게시간
금
10:00 - 19:00
13:00 - 14:30 휴게시간
토
10:00 - 14:00
일
정기휴무 (매주 일요일)
월
10:00 - 19:00
13:00 - 14:30 휴게시간
화(6/6)
현충일 휴무
수
10:00 - 19:00
13:00 - 14:30 휴게시간",051-942-2875
미듬치과의원,치과,"목
09:30 - 20:00
12:30 - 14:00 휴게시간
금
09:30 - 18:30
12:30 - 14:00 휴게시간
토
09:30 - 13:00
일
정기휴무 (매주 일요일)
월
09:30 - 18:30
12:30 - 14:00 휴게시간
화(6/6)
현충일 휴무
수
09:30 - 18:30
12:30 - 14:00 휴게시간",0507-1393-2879
그린마취통증의학과의원,마취통증의학과,"목
09:00 - 12:00
금
09:00 - 17:00
12:00 - 14:00 휴게시간
토
09:00 - 12:00
일
정기휴무 (매주 일요일)
월
09:00 - 17:00
12:00 - 14:00 휴게시간
화(6/6)
현충일 휴무
수
09:00 - 17:00
12:00 - 14:00 휴게시간",051-611-8998
이만재내과의원,내과,"목
09:00 - 18:00
12:30 - 14:00 휴게시간
금
09:00 - 18:00
12:30 - 14:00 휴게시간
토
09:00 - 13:00
일
정기휴무 (매주 일요일)
월
09:00 - 18:00
12:30 - 14:00 휴게시간
화(6/6)
현충일 휴무
수
09:00 - 18:00
12:30 - 14:00 휴게시간",051-622-2233
동재비뇨기과의원,비뇨의학과,"목
09:30 - 18:00
12:30 - 14:00 휴게시간
금
09:30 - 18:00
12:30 - 14:00 휴게시간
토
09:30 - 13:00
일
정기휴무 (매주 일요일)
월
09:30 - 18:00
12:30 - 14:00 휴게시간
화(6/6)
현충일 휴무
수
09:30 - 18:00
12:30 - 14:00 휴게시간",051-627-8825
다솜부부치과의원,치과,"목
09:30 - 18:00
12:30 - 14:00 휴게시간
금
09:30 - 18:00
12:30 - 14:00 휴게시간
토
09:30 - 13:00
일
정기휴무 (매주 일요일)
월
09:30 - 18:00
12:30 - 14:00 휴게시간
화(6/6)
현충일 휴무
수
정기휴무 (매주 수요일)",051-626-2879
참좋은치과의원,치과,"목
09:30 - 21:00
12:30 - 14:00 휴게시간
20:00 접수마감
금
09:30 - 18:30
12:30 - 14:00 휴게시간
17:30 접수마감
토
09:30 - 14:00
13:00 접수마감
일
정기휴무 (매주 일요일)
월
09:30 - 18:30
12:30 - 14:00 휴게시간
17:30 접수마감
화(6/6)
현충일 휴무
수
09:30 - 18:30
12:30 - 14:00 휴게시간
17:30 접수마감",051-622-7575
김진규내과의원,내과,"목
09:00 - 18:30
금
09:00 - 18:30
토
09:00 - 14:00
일
정기휴무 (매주 일요일)
월
09:00 - 18:30
화(6/6)
현충일09:00 - 13:00
수
09:00 - 18:30
접기",0507-1314-7666
박홍석이비인후과의원,이비인후과,"목
09:00 - 18:00
13:00 - 14:00 휴게시간
금
09:00 - 18:00
13:00 - 14:00 휴게시간
토
09:00 - 13:00
일
정기휴무 (매주 일요일)
월
09:00 - 18:00
13:00 - 14:00 휴게시간
화(6/6)
현충일 휴무
수
09:00 - 18:00
13:00 - 14:00 휴게시간",0507-1309-9517
대연의원,"병원,의원","목
09:30 - 17:30
12:30 - 13:30 휴게시간
금
09:30 - 17:30
12:30 - 13:30 휴게시간
토
09:00 - 12:00
일
정기휴무 (매주 일요일)
월
09:30 - 17:30
12:30 - 13:30 휴게시간
화(6/6)
현충일 휴무
수
09:30 - 17:30
12:30 - 13:30 휴게시간",051-624-0607
강동섭소아과의원,소아청소년과,"목
09:00 - 18:00
13:00 - 14:00 휴게시간
금
09:00 - 18:00
13:00 - 14:00 휴게시간
토
정기휴무 (매주 토요일)
일
정기휴무 (매주 일요일)
월
09:00 - 18:00
13:00 - 14:00 휴게시간
화(6/6)
현충일 휴무
수
09:00 - 18:00
13:00 - 14:00 휴게시간",051-634-9305
바른얼굴덕치과의원,치과,"목
10:00 - 20:00
13:00 - 14:00 휴게시간
금
10:00 - 19:00
13:00 - 14:00 휴게시간
토
10:00 - 14:00
일
정기휴무 (매주 일요일)
월
10:00 - 19:00
13:00 - 14:00 휴게시간
화(6/6)
현충일 휴무
수
10:00 - 14:00",051-623-2080
대연성모병원,"병원,의원","목
09:00 - 18:00
금
09:00 - 18:00
토
정기휴무 (매주 토요일)
일
정기휴무 (매주 일요일)
월
09:00 - 18:00
화(6/6)
현충일 휴무
수
09:00 - 18:00",051-622-2525
경희자강한의원,한의원,"목
09:00 - 18:00
12:30 - 14:00 휴게시간
금
09:00 - 18:00
12:30 - 14:00 휴게시간
토
09:00 - 13:00
일
정기휴무 (매주 일요일)
월
09:00 - 18:00
12:30 - 14:00 휴게시간
화(6/6)
현충일 휴무
수
09:00 - 18:00
12:30 - 14:00 휴게시간",051-929-0030
가나병원,"병원,의원","목
09:00 - 17:30
금
09:00 - 17:30
토
정기휴무 (매주 토요일)
일
정기휴무 (매주 일요일)
월
09:00 - 17:30
화(6/6)
현충일 휴무
수
09:00 - 17:30",051-624-6666
뷰티플란트치과의원,치과,"목
09:30 - 18:30
13:00 - 14:00 휴게시간
금
09:30 - 18:30
13:00 - 14:00 휴게시간
토(6/3)
10:00 - 12:00
일
정기휴무 (매주 일요일)
월(6/5)
휴무
화(6/6)
현충일 휴무
수(6/7)
14:00 - 21:00",051-715-2879
수부부치과의원,치과,"목
09:30 - 18:00
13:00 - 14:00 휴게시간
금
09:30 - 18:00
13:00 - 14:00 휴게시간
토
09:30 - 13:00
일
정기휴무 (매주 일요일)
월
09:30 - 18:00
13:00 - 14:00 휴게시간
화(6/6)
현충일 휴무
수
09:30 - 18:00
13:00 - 14:00 휴게시간",051-628-8020
BH병원,정신건강의학과,"목
09:00 - 17:30
12:30 - 13:00 휴게시간
17:00 접수마감
금
09:00 - 17:30
12:30 - 13:00 휴게시간
17:00 접수마감
토
정기휴무 (매주 토요일)
일
정기휴무 (매주 일요일)
월
09:00 - 17:30
12:30 - 13:00 휴게시간
17:00 접수마감
화(6/6)
현충일 휴무
수
09:00 - 17:30
12:30 - 13:00 휴게시간
17:00 접수마감",051-633-6665
대연마취통증의학과의원,마취통증의학과,"목
09:00 - 13:00
금
09:00 - 18:00
토
09:00 - 14:00
일
정기휴무 (매주 일요일)
월
09:00 - 18:00
화(6/6)
현충일 휴무
수
09:00 - 18:00",051-628-8280
유앤아이치과의원,치과,"목
14:30 - 20:30
금
09:30 - 18:30
13:00 - 14:30 휴게시간
토
09:30 - 13:30
일
정기휴무 (매주 일요일)
월
09:30 - 18:30
13:00 - 14:30 휴게시간
화(6/6)
현충일 휴무
수
09:30 - 18:30
13:00 - 14:30 휴게시간",051-635-0035
용당요양병원,요양병원,"목
09:00 - 18:00
금
09:00 - 18:00
토
09:00 - 13:00
일
정기휴무 (매주 일요일)
월
09:00 - 18:00
화(6/6)
현충일 휴무
수
09:00 - 18:00",051-625-3001
윌리스요양병원,요양병원,"목
09:00 - 18:00
12:30 - 13:30 휴게시간
금
09:00 - 18:00
12:30 - 13:30 휴게시간
토
09:00 - 12:00
일
정보없음
월
09:00 - 18:00
12:30 - 13:30 휴게시간
화
09:00 - 18:00
12:30 - 13:30 휴게시간
수
09:00 - 18:00
12:30 - 13:30 휴게시간
접기",051-638-7575
고려치과의원,치과,"목
09:00 - 17:40
12:00 - 13:30 휴게시간
금
09:00 - 17:40
12:00 - 13:30 휴게시간
토
09:00 - 12:40
일
정기휴무 (매주 일요일)
월
09:00 - 17:40
12:00 - 13:30 휴게시간
화(6/6)
현충일 휴무
수
09:00 - 17:40
12:00 - 13:30 휴게시간",0507-1407-0142
새라새요양병원,요양병원,"목
09:00 - 17:00
금
09:00 - 17:00
토
09:00 - 12:00
일
정보없음
월
09:00 - 17:00
화(6/6)
현충일 휴무
수
09:00 - 17:00",051-628-6005
대연맑은내과의원,내과,"목
09:00 - 18:30
12:30 - 13:30 휴게시간
18:20 접수마감
금
09:00 - 18:30
12:30 - 13:30 휴게시간
18:20 접수마감
토
09:00 - 14:00
12:30 - 13:30 휴게시간
13:50 접수마감
일
정기휴무 (매주 일요일)
월
09:00 - 18:30
12:30 - 13:30 휴게시간
18:20 접수마감
화(6/6)
현충일09:00 - 14:00
12:30 - 13:30 휴게시간
수
09:00 - 18:30
12:30 - 13:30 휴게시간
18:20 접수마감
접기",051-715-8277
로덴치과의원,치과,"목
09:30 - 13:00
금
09:30 - 18:30
13:00 - 14:00 휴게시간
토
09:30 - 13:00
일
정기휴무 (매주 일요일)
월
09:30 - 18:30
13:00 - 14:00 휴게시간
화(6/6)
현충일 휴무
수
09:30 - 18:30
13:00 - 14:00 휴게시간",0507-1381-2875
새이치과의원,치과,"목
09:30 - 18:30
13:00 - 14:00 휴게시간
금
09:30 - 18:30
13:00 - 14:00 휴게시간
토
09:30 - 13:30
일
정기휴무 (매주 일요일)
월
09:30 - 18:30
13:00 - 14:00 휴게시간
화(6/6)
현충일 휴무
수
09:30 - 18:30
13:00 - 14:00 휴게시간",0507-1331-2825
해바라기치과의원,치과,"목
09:30 - 19:30
13:00 - 14:00 휴게시간
금
09:30 - 18:30
13:00 - 14:00 휴게시간
토
09:30 - 14:00
일
정기휴무 (매주 일요일)
월
09:30 - 18:30
13:00 - 14:00 휴게시간
화
09:30 - 18:30
13:00 - 14:00 휴게시간
수
09:30 - 18:30
13:00 - 14:00 휴게시간",051-642-2804
장수촌한의원,한의원,"목
09:00 - 18:30
12:30 - 14:00 휴게시간
금
09:00 - 18:30
12:30 - 14:00 휴게시간
토
09:00 - 13:00
일
정기휴무 (매주 일요일)
월
09:00 - 18:30
12:30 - 14:00 휴게시간
화(6/6)
현충일 휴무
수
09:00 - 18:30
12:30 - 14:00 휴게시간",051-612-5353
하이미소치과의원,치과,"목
09:30 - 19:00
13:00 - 14:20 휴게시간
18:30 접수마감
금
09:30 - 19:00
13:00 - 14:20 휴게시간
18:30 접수마감
토
09:30 - 15:30
15:00 접수마감
일
정기휴무 (매주 일요일)
월
정기휴무 (매주 월요일)
화(6/6)
현충일 휴무
수
정기휴무 (매주 수요일)",051-802-1007
현창한의원,한의원,"목
09:30 - 20:00
13:00 - 14:00 휴게시간
금
09:30 - 18:30
13:00 - 14:00 휴게시간
토
09:30 - 13:00
일
정기휴무 (매주 일요일)
월
09:30 - 20:00
13:00 - 14:00 휴게시간
화(6/6)
현충일09:30 - 13:00
수
09:30 - 13:00
접기",051-638-7900
부산미래IFC 검진센터,건강검진,,051-710-2000
청담한의원,한의원,"목
09:00 - 19:00
13:00 - 14:00 휴게시간
12:00, 18:00 접수마감
금
09:00 - 19:00
13:00 - 14:00 휴게시간
12:00, 18:00 접수마감
토
09:00 - 13:00
12:00 접수마감
일
정기휴무 (매주 일요일)
월
09:00 - 19:00
13:00 - 14:00 휴게시간
12:00, 18:00 접수마감
화(6/6)
현충일 휴무
수
09:00 - 20:00
13:00 - 14:00 휴게시간
12:00, 19:00 접수마감",051-627-7514
생기한의원,한의원,"목
09:00 - 19:00
13:00 - 14:00 휴게시간
금
09:00 - 19:00
13:00 - 14:00 휴게시간
토
09:00 - 17:00
13:00 - 14:00 휴게시간
일
정기휴무 (매주 일요일)
월
09:00 - 19:00
13:00 - 14:00 휴게시간
화(6/6)
현충일 휴무
수
09:00 - 19:00
13:00 - 14:00 휴게시간",051-635-6352
정학기정형외과의원,정형외과,"목
10:00 - 18:00
13:00 - 15:00 휴게시간
금
10:00 - 18:00
13:00 - 15:00 휴게시간
토
10:00 - 13:00
일
정기휴무 (매주 일요일)
월
10:00 - 18:00
13:00 - 15:00 휴게시간
화(6/6)
현충일 휴무
수
정기휴무 (매주 수요일)",051-627-5900
미래치과의원,치과,"목(6/1)
정기휴무 (매달 1, 3번째 목요일)
금
09:30 - 18:00
13:00 - 14:30 휴게시간
17:00 접수마감
토
09:30 - 12:00
11:00 접수마감
일
정보없음
월
09:30 - 18:00
13:00 - 14:30 휴게시간
17:00 접수마감
화
09:30 - 18:00
13:00 - 14:30 휴게시간
17:00 접수마감
수
09:30 - 18:00
13:00 - 14:30 휴게시간
17:00 접수마감",051-621-2804
정한호내과의원,내과,"목
09:00 - 18:00
금
09:00 - 18:00
토
09:00 - 13:00
일
정기휴무 (매주 일요일)
월
09:00 - 18:00
화(6/6)
현충일 휴무
수
09:00 - 18:00",051-611-7677
성민치과의원,치과,"목
09:30 - 18:00
12:30 - 14:00 휴게시간
금
09:30 - 18:00
12:30 - 14:00 휴게시간
토
09:30 - 13:00
일
정기휴무 (매주 일요일)
월
09:30 - 18:00
12:30 - 14:00 휴게시간
화(6/6)
현충일 휴무
수
09:30 - 18:00
12:30 - 14:00 휴게시간",051-627-1809
대연힐정신건강의학과의원,정신건강의학과,"목
09:30 - 18:30
12:30 - 14:00 휴게시간
금
09:30 - 18:30
12:30 - 14:00 휴게시간
토
09:30 - 13:00
일
정기휴무 (매주 일요일)
월
09:30 - 18:30
12:30 - 14:00 휴게시간
화(6/6)
현충일 휴무
수
14:00 - 18:30",0507-1357-9030
미치과,치과,"목
10:00 - 18:30
금
10:00 - 18:30
토
10:00 - 13:00
일
정기휴무 (매주 일요일)
월
10:00 - 18:30
화(6/6)
현충일 휴무
수
14:00 - 17:00",051-628-6111
이균태내과의원,내과,"목
09:00 - 18:30
금
09:00 - 18:30
토
09:00 - 13:00
일
정기휴무 (매주 일요일)
월
09:00 - 18:30
화(6/6)
현충일 휴무
수
09:00 - 18:30",051-625-3100
스마일365한의원,한의원,"목
09:00 - 20:00
13:00 - 14:00 휴게시간
금
09:00 - 20:00
13:00 - 14:00 휴게시간
토
09:00 - 14:00
일
09:00 - 14:00
월
09:00 - 20:00
13:00 - 14:00 휴게시간
화(6/6)
현충일09:00 - 20:00
수
09:00 - 20:00
13:00 - 14:00 휴게시간
접기",051-715-7585
비타민내과의원,내과,"목
09:30 - 18:00
13:00 - 14:00 휴게시간
금
09:30 - 18:00
13:00 - 14:00 휴게시간
토
09:30 - 13:00
일
정보없음
월
09:30 - 18:00
13:00 - 14:00 휴게시간
화(6/6)
현충일 휴무
수
09:30 - 18:00
13:00 - 14:00 휴게시간",0507-1305-8273
최계두내과의원,내과,"목
09:00 - 18:00
17:30 접수마감
금
09:00 - 18:00
17:30 접수마감
토
09:00 - 12:00
11:30 접수마감
일
정기휴무 (매주 일요일)
월
09:00 - 18:00
17:30 접수마감
화(6/6)
현충일 휴무
수
09:00 - 18:00
17:30 접수마감",051-621-0603
이수근정신건강의학과의원,정신건강의학과,"목
14:00 - 18:30
금
09:30 - 18:30
13:00 - 14:00 휴게시간
토
09:30 - 14:00
일
정기휴무 (매주 일요일)
월
09:30 - 18:30
13:00 - 14:00 휴게시간
화(6/6)
현충일 휴무
수
09:30 - 18:30
13:00 - 14:00 휴게시간",051-611-5878
레전드이비인후과의원,이비인후과,"목
14:00 - 18:30
금
09:00 - 18:30
12:30 - 14:00 휴게시간
토
09:00 - 13:00
일
정기휴무 (매주 일요일)
월(6/5)
휴무
화(6/6)
현충일 휴무
수
09:00 - 18:30
12:30 - 14:00 휴게시간",051-635-5075
드림패밀리치과의원,치과,"목
09:30 - 18:00
13:00 - 14:30 휴게시간
17:30 접수마감
금
09:30 - 18:00
13:00 - 14:30 휴게시간
17:30 접수마감
토
09:30 - 14:00
13:30 접수마감
일
정기휴무 (매주 일요일)
월
09:30 - 18:00
13:00 - 14:30 휴게시간
17:30 접수마감
화(6/6)
현충일 휴무
수
09:30 - 18:00
13:00 - 14:30 휴게시간
17:30 접수마감",051-622-2875
모든이치과의원,치과,"목
09:30 - 18:30
12:30 - 14:00 휴게시간
금
09:30 - 18:30
12:30 - 14:00 휴게시간
토
09:30 - 12:30
일
정기휴무 (매주 일요일)
월
09:30 - 18:30
12:30 - 14:00 휴게시간
화(6/6)
현충일 휴무
수
09:30 - 18:30
12:30 - 14:00 휴게시간",051-621-2080
모든이치과의원,치과,,051-621-2080
편안한민치과의원,치과,"목
10:00 - 19:00
13:00 - 14:30 휴게시간
금
10:00 - 19:00
13:00 - 14:30 휴게시간
토
10:00 - 14:00
일
정기휴무 (매주 일요일)
월
10:00 - 19:00
13:00 - 14:30 휴게시간
화(6/6)
현충일 휴무
수
10:30 - 21:00
13:00 - 14:30 휴게시간",0507-1485-2828
김종성한의원,한의원,"목
정기휴무 (매주 목요일)
금
09:00 - 19:00
13:00 - 14:00 휴게시간
토
09:00 - 14:00
일
정기휴무 (매주 일요일)
월
09:00 - 19:00
13:00 - 14:00 휴게시간
화(6/6)
현충일09:00 - 14:00
수
09:00 - 19:00
13:00 - 14:00 휴게시간
접기",051-625-8275
우암치과의원,치과,"목
14:00 - 20:00
금
09:00 - 18:00
13:00 - 14:00 휴게시간
토
09:00 - 13:00
일
정기휴무 (매주 일요일)
월
09:00 - 18:00
13:00 - 14:00 휴게시간
화(6/6)
현충일 휴무
수
09:00 - 18:00
13:00 - 14:00 휴게시간",051-637-2875
마디튼튼프롤러의원,"병원,의원","목
09:00 - 18:00
13:00 - 14:00 휴게시간
17:30 접수마감
금
09:00 - 18:00
13:00 - 14:00 휴게시간
17:30 접수마감
토
09:00 - 13:00
12:30 접수마감
일
정기휴무 (매주 일요일)
월
09:00 - 18:00
13:00 - 14:00 휴게시간
17:30 접수마감
화(6/6)
현충일 휴무
수
09:00 - 18:00
13:00 - 14:00 휴게시간
17:30 접수마감",051-638-7582
대연건치과의원,치과,"목
09:30 - 20:30
13:00 - 14:00 휴게시간
금
09:30 - 18:30
13:00 - 14:00 휴게시간
토
09:30 - 13:30
일
정기휴무 (매주 일요일)
월
09:30 - 18:30
13:00 - 14:00 휴게시간
화(6/6)
현충일 휴무
수
09:30 - 18:30
13:00 - 14:00 휴게시간",0507-1319-2803
못골이비인후과의원,이비인후과,"목
09:00 - 18:30
금
09:00 - 18:30
토
09:00 - 13:00
13:00 - 14:00 휴게시간
일
정기휴무 (매주 일요일)
월
09:00 - 18:30
화(6/6)
현충일 휴무
수
09:00 - 18:30",0507-1460-0936
오동준한의원,한의원,"목
09:00 - 19:00
13:00 - 14:00 휴게시간
금
09:00 - 19:00
13:00 - 14:00 휴게시간
토
09:00 - 14:00
일
정기휴무 (매주 일요일)
월
09:00 - 19:00
13:00 - 14:00 휴게시간
화(6/6)
현충일 휴무
수
09:00 - 19:00
13:00 - 14:00 휴게시간",051-627-7577
아이비치과의원,치과,"목
09:30 - 18:00
금
09:30 - 12:30
토
09:30 - 13:00
일
정기휴무 (매주 일요일)
월(6/5)
휴무
화(6/6)
현충일 휴무
수
09:30 - 18:00",051-506-2875
자윤수한의원,한의원,"목
정기휴무 (매주 목요일)
금
10:00 - 18:00
13:00 - 14:00 휴게시간
토
10:00 - 13:00
일
정기휴무 (매주 일요일)
월
10:00 - 18:00
13:00 - 14:00 휴게시간
화(6/6)
현충일 휴무
수
10:00 - 18:00
13:00 - 14:00 휴게시간",051-626-3834
용호탑치과보철과치과의원,치과,"목
09:30 - 18:30
13:00 - 14:00 휴게시간
금
09:30 - 18:30
13:00 - 14:00 휴게시간
토
09:30 - 14:00
일
정기휴무 (매주 일요일)
월
09:30 - 18:30
13:00 - 14:00 휴게시간
화(6/6)
현충일 휴무
수
09:30 - 18:30
13:00 - 14:00 휴게시간",051-623-8828
제니스파크요양병원,요양병원,"목
09:00 - 17:00
금
09:00 - 17:00
토
09:00 - 12:00
일
정기휴무 (매주 일요일)
월
09:00 - 17:00
화(6/6)
현충일 휴무
수
09:00 - 17:00",051-644-7733
치항외과의원,외과,"목
09:00 - 18:00
13:00 - 14:00 휴게시간
금
09:00 - 18:00
13:00 - 14:00 휴게시간
토
09:00 - 13:00
일
정기휴무 (매주 일요일)
월
09:00 - 18:00
13:00 - 14:00 휴게시간
화(6/6)
현충일 휴무
수
09:00 - 18:00
13:00 - 14:00 휴게시간",051-628-7508
소생한의원,한의원,"목
09:00 - 19:00
금
09:00 - 19:00
토
09:00 - 13:00
일
정기휴무 (매주 일요일)
월
09:00 - 19:00
화(6/6)
현충일 휴무
수
09:00 - 19:00",0507-1480-1041
평일한의원,한의원,"목
09:00 - 18:00
13:00 - 14:00 휴게시간
금
09:00 - 18:00
13:00 - 14:00 휴게시간
토
09:00 - 13:00
일
정기휴무 (매주 일요일)
월
09:00 - 18:00
13:00 - 14:00 휴게시간
화(6/6)
현충일 휴무
수
09:00 - 18:00
13:00 - 14:00 휴게시간",0507-1343-7802
대연혁신치과의원,치과,"목
09:30 - 18:00
12:30 - 14:00 휴게시간
금
09:30 - 18:00
12:30 - 14:00 휴게시간
토
09:30 - 13:00
일
정기휴무 (매주 일요일)
월
09:30 - 18:00
12:30 - 14:00 휴게시간
화(6/6)
현충일 휴무
수
09:30 - 18:00
12:30 - 14:00 휴게시간",051-627-5657
임해누리의료소비자생활협동조합오륙도요양병원,요양병원,,051-647-7007
배성범정형외과의원,정형외과,"목
09:00 - 19:00
13:00 - 14:00 휴게시간
금
09:00 - 19:00
13:00 - 14:00 휴게시간
토
09:00 - 13:00
일
정기휴무 (매주 일요일)
월
09:00 - 19:00
13:00 - 14:00 휴게시간
화(6/6)
현충일 휴무
수
09:00 - 13:00",051-637-8275
디엘치과의원,치과,"목
09:30 - 21:00
12:30 - 14:00 휴게시간
금
09:30 - 19:00
12:30 - 14:00 휴게시간
토
09:30 - 15:00
일
정기휴무 (매주 일요일)
월
09:30 - 19:00
12:30 - 14:00 휴게시간
화(6/6)
현충일 휴무
수
09:30 - 19:00
12:30 - 14:00 휴게시간",051-636-7528
명가한의원,한의원,"목
09:00 - 18:00
12:00 - 14:00 휴게시간
금
09:00 - 18:00
12:00 - 14:00 휴게시간
토
09:00 - 13:00
일
정기휴무 (매주 일요일)
월
09:00 - 18:00
12:00 - 14:00 휴게시간
화(6/6)
현충일 휴무
수
09:00 - 18:00
12:00 - 14:00 휴게시간",051-327-1075
효메디요양병원,요양병원,,051-624-6600
밝은미소치과의원,치과,"목
09:50 - 18:30
13:00 - 14:00 휴게시간
금
09:50 - 18:30
13:00 - 14:00 휴게시간
토
09:50 - 13:30
일
정기휴무 (매주 일요일)
월
09:50 - 18:30
13:00 - 14:00 휴게시간
화(6/6)
현충일 휴무
수
14:00 - 18:30",051-628-9797
정문호내과의원,내과,"목
09:00 - 18:00
금
09:00 - 18:00
토
09:00 - 13:00
일
정기휴무 (매주 일요일)
월
09:00 - 18:00
화(6/6)
현충일09:00 - 13:00
수
09:00 - 18:00
접기",051-642-1847
나원섭치과,치과,"목
10:00 - 18:30
13:00 - 14:20 휴게시간
금
10:00 - 18:30
13:00 - 14:20 휴게시간
토
10:00 - 13:00
일
정기휴무 (매주 일요일)
월
10:00 - 18:30
13:00 - 14:20 휴게시간
화(6/6)
현충일 휴무
수
10:00 - 18:30
13:00 - 14:20 휴게시간",051-625-8102
천내과의원,내과,"목
09:30 - 18:00
금
09:30 - 18:00
토
09:30 - 13:00
일
정기휴무 (매주 일요일)
월
09:30 - 18:00
화(6/6)
현충일 휴무
수
09:30 - 18:00",051-631-7507
영진의원,"병원,의원","목
09:00 - 18:00
13:00 - 14:00 휴게시간
금
09:00 - 18:00
13:00 - 14:00 휴게시간
토
09:00 - 13:00
일
정기휴무 (매주 일요일)
월
09:00 - 18:00
13:00 - 14:00 휴게시간
화(6/6)
현충일 휴무
수
09:00 - 13:00",051-628-1600
동민한의원,한의원,"목
09:30 - 18:30
13:00 - 14:00 휴게시간
금
09:30 - 18:30
13:00 - 14:00 휴게시간
토
09:30 - 13:00
일
정기휴무 (매주 일요일)
월
09:30 - 18:30
13:00 - 14:00 휴게시간
화(6/6)
현충일 휴무
수
09:30 - 18:30
13:00 - 14:00 휴게시간",051-611-0377
자연닮은한의원,한의원,"목
09:30 - 18:30
12:30 - 14:00 휴게시간
금
09:30 - 18:30
12:30 - 14:00 휴게시간
토
09:30 - 12:30
일
정기휴무 (매주 일요일)
월
09:30 - 18:30
12:30 - 14:00 휴게시간
화(6/6)
현충일09:30 - 12:30
수
09:30 - 18:30
12:30 - 14:00 휴게시간
접기",051-627-1261
생생한의원,한의원,"목
14:00 - 18:30
금
09:30 - 18:30
13:00 - 14:00 휴게시간
토
09:30 - 13:00
일
정기휴무 (매주 일요일)
월
09:30 - 18:30
13:00 - 14:00 휴게시간
화(6/6)
현충일 휴무
수
09:30 - 18:30
13:00 - 14:00 휴게시간",051-638-1240
태강한의원,한의원,"목
09:30 - 18:00
12:30 - 14:00 휴게시간
금
09:30 - 18:00
12:30 - 14:00 휴게시간
토
09:30 - 13:00
일
정기휴무 (매주 일요일)
월
09:30 - 18:00
12:30 - 14:00 휴게시간
화(6/6)
현충일 휴무
수
09:30 - 18:00
12:30 - 14:00 휴게시간",051-642-4332
서달덕내과의원,내과,,051-645-7555
허균한의원,한의원,"목
09:30 - 19:00
13:00 - 14:00 휴게시간
금
09:30 - 19:00
13:00 - 14:00 휴게시간
토
09:30 - 13:00
일
정기휴무 (매주 일요일)
월
09:30 - 19:00
13:00 - 14:00 휴게시간
화(6/6)
현충일 휴무
수
09:30 - 19:00
13:00 - 14:00 휴게시간",010-8587-8275
수의원,가정의학과,"목
09:00 - 18:00
금
09:00 - 18:00
토
09:00 - 13:00
일
정보없음
월
09:00 - 18:00
화(6/6)
현충일 휴무
수
09:00 - 18:00",051-633-7181
자연미치과의원,치과,"목
09:30 - 18:30
13:00 - 14:30 휴게시간
금
09:30 - 18:30
13:00 - 14:30 휴게시간
토
09:30 - 12:30
일
정기휴무 (매주 일요일)
월
09:30 - 18:30
13:00 - 14:30 휴게시간
화(6/6)
현충일 휴무
수
09:30 - 12:30",0507-1346-7529
대추나무한의원,한의원,"목
09:30 - 20:00
12:30 - 14:00 휴게시간
금
09:30 - 18:00
12:30 - 14:00 휴게시간
토
09:30 - 13:30
일
정기휴무 (매주 일요일)
월
09:30 - 18:00
12:30 - 14:00 휴게시간
화(6/6)
현충일 휴무
수
09:30 - 18:00
12:30 - 14:00 휴게시간",051-624-1075
신일치과의원,치과,"목
정기휴무 (매주 목요일)
금
10:00 - 17:00
13:00 - 14:00 휴게시간
토
10:00 - 13:00
일
정기휴무 (매주 일요일)
월
10:00 - 17:00
13:00 - 14:00 휴게시간
화(6/6)
현충일 휴무
수
10:00 - 17:00
13:00 - 14:00 휴게시간",051-634-5896
은행나무한의원,한의원,"목
09:30 - 18:30
금
09:30 - 18:30
토
09:30 - 14:00
일
정기휴무 (매주 일요일)
월
09:30 - 18:30
화(6/6)
현충일 휴무
수
09:30 - 18:30",051-611-7760
센텀연합의원,"병원,의원","목
09:00 - 18:00
13:00 - 14:00 휴게시간
금
09:00 - 18:00
13:00 - 14:00 휴게시간
토
09:00 - 13:00
일
정기휴무 (매주 일요일)
월
09:00 - 18:00
13:00 - 14:00 휴게시간
화(6/6)
현충일09:00 - 13:00
수
09:00 - 18:00
13:00 - 14:00 휴게시간
접기",051-644-7582
박철흠치과의원,치과,"목
09:00 - 18:00
13:00 - 14:30 휴게시간
금
09:00 - 18:00
13:00 - 14:30 휴게시간
토
09:00 - 13:00
일
정기휴무 (매주 일요일)
월
09:00 - 18:00
13:00 - 14:30 휴게시간
화(6/6)
현충일 휴무
수
정기휴무 (매주 수요일)",051-628-7616
성심외과의원,외과,"목
09:00 - 18:00
12:30 - 14:00 휴게시간
금
09:00 - 18:00
12:30 - 14:00 휴게시간
토
09:00 - 12:00
일
정기휴무 (매주 일요일)
월
09:00 - 18:00
12:30 - 14:00 휴게시간
화(6/6)
현충일 휴무
수
09:00 - 18:00
12:30 - 14:00 휴게시간",051-647-0075
자원당한의원,한의원,"목
14:00 - 20:00
금
09:30 - 18:40
12:30 - 14:00 휴게시간
토
09:30 - 14:00
일
정기휴무 (매주 일요일)
월
09:30 - 18:40
12:30 - 14:00 휴게시간
화(6/6)
현충일 휴무
수
09:30 - 18:40
12:30 - 14:00 휴게시간",051-647-7775
제정의원,내과,"목
09:30 - 18:30
금
09:30 - 18:30
토
09:30 - 14:00
일
정기휴무 (매주 일요일)
월
09:30 - 18:30
화(6/6)
현충일 휴무
수
09:30 - 18:30",051-627-4919
천걸음한의원,한의원,"목
정기휴무 (매주 목요일)
금
10:00 - 20:00
토
10:00 - 15:00
일
정기휴무 (매주 일요일)
월
10:00 - 20:00
화(6/6)
현충일10:00 - 15:00
수
10:00 - 20:00
접기",051-756-3888
호랑한의원,한의원,"목
09:00 - 18:00
13:00 - 14:00 휴게시간
12:30, 17:30 접수마감
금
09:00 - 18:00
13:00 - 14:00 휴게시간
12:30, 17:30 접수마감
토
09:00 - 17:00
13:00 - 14:00 휴게시간
12:30, 16:30 접수마감
일
정기휴무 (매주 일요일)
월
09:00 - 18:00
13:00 - 14:00 휴게시간
12:30, 17:30 접수마감
화(6/6)
현충일 휴무
수
정기휴무 (매주 수요일)",051-710-8582
이승모내과의원,내과,"목
09:00 - 18:00
금
09:00 - 18:00
토
09:00 - 13:00
일
정기휴무 (매주 일요일)
월
09:00 - 18:00
화(6/6)
현충일 휴무
수
09:00 - 18:00",051-628-2520
