이름,병원종류,영업시간,전화번호
고운피부과의원,피부과,"금
09:30 - 20:00
12:30 - 14:00 휴게시간
토
09:30 - 15:00
일
정기휴무 (매주 일요일)
월
09:30 - 19:00
12:30 - 14:00 휴게시간
화(6/6)
현충일 휴무
수
09:30 - 19:00
12:30 - 14:00 휴게시간
목
09:30 - 19:00
12:30 - 14:00 휴게시간",051-415-4001
장편한내과의원,내과,"금
09:00 - 18:00
13:00 - 14:00 휴게시간
토
09:00 - 13:00
일
정기휴무 (매주 일요일)
월
09:00 - 18:00
13:00 - 14:00 휴게시간
화(6/6)
현충일 휴무
수
09:00 - 18:00
13:00 - 14:00 휴게시간
목
09:00 - 18:00
13:00 - 14:00 휴게시간",051-404-1088
의료법인 행도의료재단 해동병원,종합병원,"금
08:30 - 17:00
12:30 - 13:30 휴게시간
토
08:30 - 12:30
일
정기휴무 (매주 일요일)
월
08:30 - 17:30
12:30 - 13:30 휴게시간
화(6/6)
현충일 휴무
수
08:30 - 17:00
12:30 - 13:30 휴게시간
목
08:30 - 17:00
12:30 - 13:30 휴게시간",051-410-6300
영도이비인후과의원,이비인후과,"금
09:00 - 18:00
12:30 - 14:00 휴게시간
토
09:00 - 13:00
일
정기휴무 (매주 일요일)
월
09:00 - 18:00
12:30 - 14:00 휴게시간
화(6/6)
현충일 휴무
수
09:00 - 18:00
12:30 - 14:00 휴게시간
목
09:00 - 18:00
12:30 - 14:00 휴게시간",051-416-9941
온마음한의원,한의원,"금
08:30 - 19:00
토
08:30 - 14:30
일
정기휴무 (매주 일요일)
월
08:30 - 20:00
화
08:30 - 20:00
수
08:30 - 19:00
목
08:30 - 20:00
접기",051-417-7588
미드림피부과의원,피부과,"금
09:30 - 18:30
12:30 - 14:00 휴게시간
토
09:30 - 14:00
일
정기휴무 (매주 일요일)
월
09:30 - 18:30
12:30 - 14:00 휴게시간
화(6/6)
현충일 휴무
수
09:30 - 18:30
12:30 - 14:00 휴게시간
목
09:30 - 13:00",051-412-2375
수도의원,내과,"금
09:00 - 17:30
13:00 - 14:00 휴게시간
토
09:00 - 13:00
일(6/4)
정기휴무 (매달 1, 3, 5번째 일요일)
월
09:00 - 17:30
13:00 - 14:00 휴게시간
화
09:00 - 17:30
13:00 - 14:00 휴게시간
수
09:00 - 17:30
13:00 - 14:00 휴게시간
목
09:00 - 17:30
13:00 - 14:00 휴게시간",051-416-4031
삼성제일내과의원,내과,"금
08:30 - 18:30
12:30 - 13:30 휴게시간
토
08:30 - 13:00
일(6/4)
정기휴무 (매달 1, 2, 3, 5번째 일요일)
월
08:30 - 18:30
12:30 - 13:30 휴게시간
화(6/6)
현충일 휴무
수
08:30 - 18:30
12:30 - 13:30 휴게시간
목
08:30 - 18:30
12:30 - 13:30 휴게시간",051-975-1000
참좋은정형외과의원,정형외과,"금
08:30 - 19:00
토
08:30 - 14:00
일
정기휴무 (매주 일요일)
월
08:30 - 19:00
화(6/6)
현충일08:30 - 14:00
수
08:30 - 19:00
목
08:30 - 19:00",0507-1395-1742
i서울병원,내과,,0507-1494-8307
더조은의원,내과,"금
09:00 - 19:00
토
09:00 - 15:00
일
정기휴무 (매주 일요일)
월
09:00 - 19:00
화(6/6)
현충일 휴무
수
09:00 - 19:00
목
09:00 - 19:00",051-405-5758
오션이비인후과의원,이비인후과,"금
09:00 - 18:30
12:40 - 14:00 휴게시간
토
09:00 - 15:30
12:40 - 14:00 휴게시간
일
정기휴무 (매주 일요일)
월
09:00 - 18:30
12:40 - 14:00 휴게시간
화(6/6)
현충일 휴무
수(6/7)
09:00 - 12:45
목
09:00 - 18:30
12:40 - 14:00 휴게시간",051-405-1004
편안한여성의원,산부인과,"금
09:00 - 17:30
12:30 - 14:00 휴게시간
토
09:00 - 13:00
일
정기휴무 (매주 일요일)
월(6/5)
휴무
화(6/6)
현충일 휴무
수
09:00 - 17:30
12:30 - 14:00 휴게시간
목
09:00 - 12:30",051-715-0708
상쾌한이비인후과의원,이비인후과,"금
09:00 - 18:00
12:30 - 14:00 휴게시간
토
09:00 - 14:00
일
정기휴무 (매주 일요일)
월
09:00 - 18:00
12:30 - 14:00 휴게시간
화(6/6)
현충일 휴무
수
09:00 - 18:00
12:30 - 14:00 휴게시간
목
09:00 - 18:00
12:30 - 14:00 휴게시간",051-413-0202
최덕철소아청소년과의원,소아청소년과,"금
09:00 - 18:30
12:30 - 14:00 휴게시간
18:00 접수마감
토
09:00 - 13:00
12:30 접수마감
일
정기휴무 (매주 일요일)
월
09:00 - 18:30
12:30 - 14:00 휴게시간
18:00 접수마감
화(6/6)
현충일 휴무
수
09:00 - 18:30
12:30 - 14:00 휴게시간
18:00 접수마감
목
09:00 - 18:30
12:30 - 14:00 휴게시간
18:00 접수마감",051-405-8833
영도구보건소,보건소,"매일
09:00 - 18:00
접기",051-416-4000
삼세한의원,한의원,"금
09:00 - 19:00
12:30 - 13:30 휴게시간
토
09:00 - 18:00
12:30 - 13:30 휴게시간
일
정기휴무 (매주 일요일)
월
09:00 - 19:00
12:30 - 13:30 휴게시간
화(6/6)
현충일 휴무
수
09:00 - 19:00
12:30 - 13:30 휴게시간
목
09:00 - 19:00
12:30 - 13:30 휴게시간",051-418-7777
영도오복치과의원,치과,"금
09:30 - 18:30
13:00 - 14:00 휴게시간
18:00 접수마감
토
정기휴무 (매주 토요일)
일
정기휴무 (매주 일요일)
월
09:30 - 18:30
13:00 - 14:00 휴게시간
18:00 접수마감
화(6/6)
현충일 휴무
수
09:30 - 18:30
13:00 - 14:00 휴게시간
18:00 접수마감
목
14:00 - 20:30
20:00 접수마감",051-412-7528
박해일내과의원,내과,"금
09:00 - 18:30
토
09:00 - 12:30
일
정기휴무 (매주 일요일)
월
09:00 - 18:30
화(6/6)
현충일 휴무
수
09:00 - 18:30
목
09:00 - 18:30",051-405-4200
연세의원,내과,,051-405-7797
정요양병원,요양병원,"금
09:00 - 17:00
토
09:00 - 13:00
일
정보없음
월
09:00 - 17:00
화
09:00 - 17:00
수
09:00 - 17:00
목
09:00 - 17:00",1899-0071
영도서울튼튼정형외과의원,정형외과,"금
09:00 - 19:00
13:00 - 14:00 휴게시간
토
09:00 - 14:00
일
정기휴무 (매주 일요일)
월
09:00 - 19:00
13:00 - 14:00 휴게시간
화(6/6)
현충일 휴무
수
09:00 - 20:00
13:00 - 14:00 휴게시간
목
09:00 - 19:00
13:00 - 14:00 휴게시간",051-907-0100
본데로정형외과의원,정형외과,"금
07:30 - 17:30
12:30 - 13:30 휴게시간
토
09:00 - 13:00
일
정기휴무 (매주 일요일)
월
07:30 - 17:30
12:30 - 13:30 휴게시간
화(6/6)
현충일 휴무
수
09:00 - 19:00
12:30 - 13:30 휴게시간
목
09:00 - 13:00",051-414-1919
강남고운의원,비뇨의학과,"금
09:00 - 18:00
13:00 - 14:00 휴게시간
토
09:00 - 13:00
일
정기휴무 (매주 일요일)
월
09:00 - 18:00
13:00 - 14:00 휴게시간
화(6/6)
현충일 휴무
수
09:00 - 18:00
13:00 - 14:00 휴게시간
목
09:00 - 18:00
13:00 - 14:00 휴게시간",051-416-8009
김도형정형외과의원,정형외과,"금
09:00 - 18:30
12:30 - 14:00 휴게시간
토
09:00 - 13:30
일
정기휴무 (매주 일요일)
월
09:00 - 18:30
12:30 - 14:00 휴게시간
화(6/6)
현충일09:00 - 13:00
수
09:00 - 18:30
12:30 - 14:00 휴게시간
목
09:00 - 18:30
12:30 - 14:00 휴게시간",051-714-0875
김익곤정형외과의원,정형외과,,051-417-3800
김순웅이비인후과의원,이비인후과,"금
10:00 - 18:30
13:00 - 14:15 휴게시간
토
10:00 - 13:00
일
정기휴무 (매주 일요일)
월
10:00 - 18:30
13:00 - 14:15 휴게시간
화(6/6)
현충일 휴무
수
정기휴무 (매주 수요일)
목
10:00 - 18:30
13:00 - 14:15 휴게시간",051-413-3353
늘찬마취통증의학과의원,마취통증의학과,"금
08:30 - 18:30
13:00 - 14:00 휴게시간
토
08:30 - 14:00
일
정기휴무 (매주 일요일)
월
08:30 - 18:30
13:00 - 14:00 휴게시간
화(6/6)
현충일 휴무
수
08:30 - 18:30
13:00 - 14:00 휴게시간
목
08:30 - 18:30
13:00 - 14:00 휴게시간",051-417-8275
조흥욱이비인후과의원,이비인후과,"금
09:30 - 18:30
13:00 - 14:00 휴게시간
토
09:30 - 15:00
일
정기휴무 (매주 일요일)
월
09:30 - 18:30
13:00 - 14:00 휴게시간
화(6/6)
현충일09:30 - 13:00
수
09:30 - 18:30
13:00 - 14:00 휴게시간
목
09:30 - 18:30
13:00 - 14:00 휴게시간",051-404-0168
더맑은의원,피부과,"금
09:00 - 18:00
13:00 - 14:00 휴게시간
17:30 접수마감
토
09:00 - 14:00
13:30 접수마감
일
정기휴무 (매주 일요일)
월
09:00 - 19:00
13:00 - 14:00 휴게시간
18:30 접수마감
화(6/6)
현충일 휴무
수
09:00 - 18:00
13:00 - 14:00 휴게시간
17:30 접수마감
목
09:00 - 18:00
13:00 - 14:00 휴게시간
17:30 접수마감",051-404-1221
조이안과의원,안과,"금
09:00 - 18:00
13:00 - 14:00 휴게시간
17:30 접수마감
토
09:00 - 13:00
12:30 접수마감
일
정기휴무 (매주 일요일)
월
09:00 - 18:00
13:00 - 14:00 휴게시간
17:30 접수마감
화(6/6)
현충일 휴무
수
09:00 - 18:00
13:00 - 14:00 휴게시간
17:30 접수마감
목
09:00 - 18:00
13:00 - 14:00 휴게시간
17:30 접수마감",051-412-7970
영도밝은안과의원,안과,"금
09:30 - 18:00
13:00 - 14:00 휴게시간
토
09:30 - 12:00
일
정기휴무 (매주 일요일)
월
09:30 - 18:00
13:00 - 14:00 휴게시간
화(6/6)
현충일 휴무
수
09:30 - 18:00
13:00 - 14:00 휴게시간
목
09:30 - 18:00
13:00 - 14:00 휴게시간",051-403-7579
한정희소아청소년과의원,소아청소년과,,051-412-2100
영도병원,종합병원,"금
08:30 - 17:00
토
08:30 - 12:30
일
정기휴무 (매주 일요일)
월
08:30 - 17:30
화(6/6)
현충일 휴무
수
08:30 - 17:00
목
08:30 - 17:00",1899-0061
형건덕내과의원,내과,"금
09:00 - 19:00
12:30 - 14:00 휴게시간
12:00, 18:30 접수마감
토
09:00 - 14:00
13:30 접수마감
일
정기휴무 (매주 일요일)
월
09:00 - 19:00
12:30 - 14:00 휴게시간
12:00, 18:30 접수마감
화(6/6)
현충일 휴무
수
09:00 - 19:00
12:30 - 14:00 휴게시간
12:00, 18:30 접수마감
목
09:00 - 12:30
12:00 접수마감",0507-1406-2023
도기공안과의원,안과,"금
09:00 - 18:00
12:30 - 14:20 휴게시간
토
09:00 - 12:00
일
정기휴무 (매주 일요일)
월
09:00 - 18:00
12:30 - 14:20 휴게시간
화(6/6)
현충일 휴무
수
09:00 - 18:00
12:30 - 14:20 휴게시간
목
14:00 - 18:00",051-417-4249
편한치과의원,치과,,051-403-3334
사랑의의원,가정의학과,"금
09:00 - 18:30
토
정보없음
일
정기휴무 (매주 일요일)
월
09:00 - 18:30
화(6/6)
현충일 휴무
수
09:00 - 18:30
목
09:00 - 13:00",0507-1473-8277
영도타임치과의원,치과,"금
09:30 - 18:30
12:30 - 14:00 휴게시간
토
정기휴무 (매주 토요일)
일
정기휴무 (매주 일요일)
월
09:30 - 18:30
12:30 - 14:00 휴게시간
화(6/6)
현충일 휴무
수
09:30 - 18:30
12:30 - 14:00 휴게시간
목
09:30 - 18:30
12:30 - 14:00 휴게시간",051-412-2875
성백운소아과의원,소아청소년과,"금
09:00 - 18:30
12:30 - 14:00 휴게시간
토
09:00 - 14:00
일
정기휴무 (매주 일요일)
월
09:00 - 18:30
12:30 - 14:00 휴게시간
화(6/6)
현충일 휴무
수
09:00 - 18:30
12:30 - 14:00 휴게시간
목
09:00 - 18:30
12:30 - 14:00 휴게시간",051-404-2800
이형유내과의원,내과,"금
08:50 - 17:10
12:20 - 13:50 휴게시간
17:00 접수마감
토
08:50 - 12:00
11:50 접수마감
일
정기휴무 (매주 일요일)
월
08:50 - 17:10
12:20 - 13:50 휴게시간
17:00 접수마감
화(6/6)
현충일 휴무
수
08:50 - 17:10
12:20 - 13:50 휴게시간
17:00 접수마감
목
08:50 - 17:10
12:20 - 13:50 휴게시간
17:00 접수마감",051-417-9237
영도스마트치과의원,치과,"금
09:30 - 18:30
13:00 - 14:30 휴게시간
토
09:30 - 13:30
일
정기휴무 (매주 일요일)
월
09:30 - 18:30
13:00 - 14:30 휴게시간
화(6/6)
현충일 휴무
수
09:30 - 18:30
13:00 - 14:30 휴게시간
목
09:30 - 20:00
13:00 - 14:30 휴게시간",0507-1409-0132
좋은영도내과의원,내과,"금
09:00 - 18:00
13:00 - 14:00 휴게시간
토
09:00 - 13:00
일
정기휴무 (매주 일요일)
월
09:00 - 18:00
13:00 - 14:00 휴게시간
화(6/6)
현충일 휴무
수
09:00 - 18:00
13:00 - 14:00 휴게시간
목
09:00 - 13:00",051-714-3375
아나파마취통증의학과의원,마취통증의학과,"금
09:00 - 18:00
토
09:00 - 13:00
일
정기휴무 (매주 일요일)
월
09:00 - 18:00
화(6/6)
현충일 휴무
수
09:00 - 18:00
목
09:00 - 12:30",051-413-8818
보스톤화이트e치과의원,치과,"금
09:30 - 21:00
13:00 - 14:00 휴게시간
토
09:30 - 14:30
일(6/4)
정기휴무 (매달 1, 3번째 일요일)
월
09:30 - 21:00
13:00 - 14:00 휴게시간
화(6/6)
현충일 휴무
수
09:30 - 21:00
13:00 - 14:00 휴게시간
목
09:30 - 21:00
13:00 - 14:00 휴게시간",0507-1380-2575
김영철내과의원,내과,"금
09:00 - 18:00
토
09:00 - 13:00
일
정기휴무 (매주 일요일)
월
09:00 - 18:00
화(6/6)
현충일 휴무
수
09:00 - 18:00
목
09:00 - 18:00",051-416-2002
송인무이비인후과의원,이비인후과,"금
09:30 - 18:00
12:30 - 14:00 휴게시간
토
09:30 - 12:30
일
정기휴무 (매주 일요일)
월
09:30 - 18:00
12:30 - 14:00 휴게시간
화(6/6)
현충일 휴무
수
09:30 - 18:00
12:30 - 14:00 휴게시간
목
09:30 - 18:00
12:30 - 14:00 휴게시간",051-414-8147
영도좋은의원,가정의학과,"금
09:00 - 18:00
12:40 - 14:00 휴게시간
토
09:00 - 13:00
일
정기휴무 (매주 일요일)
월
09:00 - 18:00
12:40 - 14:00 휴게시간
화(6/6)
현충일 휴무
수
09:00 - 18:00
12:40 - 14:00 휴게시간
목
09:00 - 18:00
12:40 - 14:00 휴게시간",051-413-8272
건강한내과의원,내과,"금
08:30 - 18:00
13:00 - 14:00 휴게시간
토
08:30 - 13:00
일
정기휴무 (매주 일요일)
월
08:30 - 18:00
13:00 - 14:00 휴게시간
화(6/6)
현충일 휴무
수
08:30 - 18:00
13:00 - 14:00 휴게시간
목
08:30 - 18:00
13:00 - 14:00 휴게시간",051-403-2333
한빛사랑안과의원,안과,"금
09:30 - 17:00
13:00 - 14:00 휴게시간
16:30 접수마감
토
09:30 - 13:00
12:30 접수마감
일
정보없음
월
09:30 - 17:00
13:00 - 14:00 휴게시간
16:30 접수마감
화
09:30 - 17:00
13:00 - 14:00 휴게시간
16:30 접수마감
수
09:30 - 13:00
12:30 접수마감
목
09:30 - 17:00
13:00 - 14:00 휴게시간
16:30 접수마감
접기",No phone number available
정요양병원장례식장,병원부속시설,,051-410-1777
신근식산부인과,산부인과,"매일
00:00 - 24:00
접기",051-412-0339
e맑은정신과의원,정신건강의학과,"금
09:00 - 18:00
12:30 - 14:00 휴게시간
토
정기휴무 (매주 토요일)
일
정기휴무 (매주 일요일)
월
09:00 - 18:00
12:30 - 14:00 휴게시간
화(6/6)
현충일 휴무
수
09:00 - 18:00
12:30 - 14:00 휴게시간
목
09:00 - 18:00
12:30 - 14:00 휴게시간",051-415-5307
일신내과의원,내과,"금
09:00 - 18:00
12:30 - 14:00 휴게시간
토
09:00 - 12:30
일
정기휴무 (매주 일요일)
월
09:00 - 18:00
12:30 - 14:00 휴게시간
화(6/6)
현충일 휴무
수
09:00 - 18:00
12:30 - 14:00 휴게시간
목
09:00 - 18:00
12:30 - 14:00 휴게시간",051-417-9846
참치과의원,치과,,051-405-8787
해동병원 응급실,응급실,"매일
00:00 - 24:00
접기",051-410-6688
프랜드치과의원 영도점,치과,"금
09:45 - 18:30
토
09:45 - 12:30
일
정기휴무 (매주 일요일)
월
09:45 - 18:30
화(6/6)
현충일 휴무
수
09:45 - 18:30
목
09:45 - 18:30",0507-1347-2875
영도참편한요양병원,요양병원,,051-403-9971
이정원한의원,한의원,"금
정기휴무 (매주 금요일)
토
09:00 - 16:00
13:00 - 14:00 휴게시간
일
09:00 - 16:00
13:00 - 14:00 휴게시간
월
09:00 - 17:00
13:00 - 14:00 휴게시간
화(6/6)
현충일 휴무
수
09:00 - 17:00
13:00 - 14:00 휴게시간
목
09:00 - 17:00
13:00 - 14:00 휴게시간",051-418-1075
행복한요양병원,요양병원,"금
09:00 - 18:00
토
정기휴무 (매주 토요일)
일
정기휴무 (매주 일요일)
월
09:00 - 18:00
화(6/6)
현충일 휴무
수
09:00 - 18:00
목
09:00 - 18:00",051-417-9400
인제요양병원,요양병원,"금
09:00 - 18:00
12:30 - 13:30 휴게시간
토
09:00 - 13:00
일
정보없음
월
09:00 - 18:00
12:30 - 13:30 휴게시간
화
09:00 - 18:00
12:30 - 13:30 휴게시간
수
09:00 - 18:00
12:30 - 13:30 휴게시간
목
09:00 - 18:00
12:30 - 13:30 휴게시간
접기",051-412-2440
몸사랑내과의원,내과,"금
09:00 - 18:00
12:30 - 13:30 휴게시간
토
09:00 - 13:00
일
정기휴무 (매주 일요일)
월
09:00 - 18:00
12:30 - 13:30 휴게시간
화(6/6)
현충일 휴무
수
09:00 - 18:00
12:30 - 13:30 휴게시간
목
09:00 - 18:00
12:30 - 13:30 휴게시간",051-413-0055
미즈원산부인과의원,산부인과,"금
09:00 - 18:00
13:00 - 14:00 휴게시간
17:30 접수마감
토
09:00 - 13:00
12:30 접수마감
일
정기휴무 (매주 일요일)
월
09:00 - 18:00
13:00 - 14:00 휴게시간
17:30 접수마감
화(6/6)
현충일 휴무
수
09:00 - 13:00
12:30 접수마감
목
09:00 - 18:00
13:00 - 14:00 휴게시간
17:30 접수마감",051-415-1700
수도치과의원,치과,"금
10:00 - 18:30
13:00 - 14:00 휴게시간
토(6/3)
휴무
일
정기휴무 (매주 일요일)
월
10:00 - 18:30
13:00 - 14:00 휴게시간
화(6/6)
현충일 휴무
수
10:00 - 18:30
13:00 - 14:00 휴게시간
목
10:00 - 18:30
13:00 - 14:00 휴게시간",051-416-2888
강민기신경외과의원,신경외과,"금
09:00 - 17:20
12:20 - 14:00 휴게시간
토
09:00 - 12:00
일
정기휴무 (매주 일요일)
월
09:00 - 17:20
12:20 - 14:00 휴게시간
화(6/6)
현충일 휴무
수
09:00 - 17:20
12:20 - 14:00 휴게시간
목
09:00 - 17:20
12:20 - 14:00 휴게시간",051-418-0058
몸편한 제통 재활의학과의원,재활의학과,"금
09:00 - 18:30
13:00 - 14:00 휴게시간
토
09:00 - 14:00
일
정기휴무 (매주 일요일)
월
09:00 - 18:30
13:00 - 14:00 휴게시간
화(6/6)
현충일 휴무
수
09:00 - 18:30
13:00 - 14:00 휴게시간
목
09:00 - 18:30
13:00 - 14:00 휴게시간",051-715-2525
강남의원,내과,"금
09:00 - 18:00
토
09:00 - 16:00
일
정기휴무 (매주 일요일)
월
09:00 - 18:00
화(6/6)
현충일09:00 - 16:00
수
09:00 - 18:00
목
09:00 - 18:00
접기",051-416-4015
한빛연합의원,내과,"금
09:00 - 18:00
토
09:00 - 13:00
일
정기휴무 (매주 일요일)
월
09:00 - 18:00
화(6/6)
현충일 휴무
수
09:00 - 18:00
목
09:00 - 18:00",051-405-8633
한승희산부인과의원,산부인과,"금
09:00 - 17:30
토
09:00 - 13:00
일
정기휴무 (매주 일요일)
월
09:00 - 17:30
화(6/6)
현충일 휴무
수
09:00 - 17:30
목
09:00 - 17:30",051-416-6776
프랜드이사랑치과,치과,"금
09:30 - 18:30
토
정기휴무 (매주 토요일)
일
정기휴무 (매주 일요일)
월
09:30 - 18:30
화(6/6)
현충일 휴무
수
09:30 - 18:30
목
09:30 - 18:30",051-405-1010
한가족내과신경외과의원,내과,"금
09:00 - 17:30
13:00 - 14:00 휴게시간
토
09:00 - 13:00
일
정기휴무 (매주 일요일)
월
09:00 - 17:30
13:00 - 14:00 휴게시간
화(6/6)
현충일09:00 - 13:00
수
09:00 - 17:30
13:00 - 14:00 휴게시간
목
09:00 - 17:30
13:00 - 14:00 휴게시간
접기",051-405-6546
영도항문외과의원,"대장,항문과","금
09:00 - 18:30
토
09:00 - 12:00
일
정기휴무 (매주 일요일)
월
09:00 - 18:30
화(6/6)
현충일09:00 - 12:00
수
09:00 - 18:30
목
09:00 - 18:30
접기",051-418-5150
연세정신과의원,정신건강의학과,"금
09:30 - 17:30
13:00 - 14:00 휴게시간
토
09:30 - 12:00
일
정기휴무 (매주 일요일)
월
09:30 - 17:30
13:00 - 14:00 휴게시간
화(6/6)
현충일 휴무
수
09:30 - 17:30
13:00 - 14:00 휴게시간
목
09:30 - 17:30
13:00 - 14:00 휴게시간",051-413-0881
바른이 치과교정과 치과의원,치과,"금
10:30 - 18:30
12:30 - 14:00 휴게시간
18:00 접수마감
토
10:00 - 15:00
14:30 접수마감
일
정기휴무 (매주 일요일)
월(6/5)
휴무
화(6/6)
휴무
수
10:30 - 18:30
12:30 - 14:00 휴게시간
18:00 접수마감
목
10:30 - 18:30
12:30 - 14:00 휴게시간
18:00 접수마감",051-417-9300
영도부부치과의원,치과,"금
09:00 - 18:00
12:30 - 13:30 휴게시간
토
09:00 - 13:00
일
정기휴무 (매주 일요일)
월
09:00 - 18:00
12:30 - 13:30 휴게시간
화(6/6)
현충일 휴무
수
09:00 - 18:00
12:30 - 13:30 휴게시간
목
09:00 - 18:00
12:30 - 13:30 휴게시간",051-418-0275
시원신경과의원,"병원,의원","금
09:00 - 17:30
12:30 - 13:30 휴게시간
17:20 접수마감
토
09:00 - 13:00
12:50 접수마감
일
정기휴무 (매주 일요일)
월
09:00 - 17:30
12:30 - 13:30 휴게시간
17:20 접수마감
화(6/6)
현충일 휴무
수
09:00 - 17:30
12:30 - 13:30 휴게시간
17:20 접수마감
목
09:00 - 12:30
12:20 접수마감",051-715-8828
혜화산부인과의원,산부인과,"금
12:30 - 18:30
토
11:30 - 14:00
일
정기휴무 (매주 일요일)
월
12:30 - 18:30
화(6/6)
현충일 휴무
수
12:30 - 18:30
목
12:30 - 18:30",051-405-5511
맘모스의원,재활의학과,"금
09:00 - 18:30
토
09:00 - 15:00
일
정기휴무 (매주 일요일)
월
09:00 - 18:30
화(6/6)
현충일 휴무
수
09:00 - 18:30
목
09:00 - 18:30",051-413-4455
강윤호한의원,한의원,"금
09:30 - 17:00
12:30 - 14:00 휴게시간
16:30 접수마감
토
정기휴무 (매주 토요일)
일
09:30 - 17:00
12:30 - 14:00 휴게시간
16:30 접수마감
월
09:30 - 18:00
12:30 - 14:00 휴게시간
17:30 접수마감
화(6/6)
현충일09:30 - 17:00
12:30 - 14:00 휴게시간
수
09:30 - 12:30
12:00 접수마감
목
09:30 - 18:00
12:30 - 14:00 휴게시간
17:30 접수마감
접기",051-416-6799
부산한의원,한의원,"금
09:30 - 19:00
13:00 - 14:00 휴게시간
토
09:30 - 14:00
일
정기휴무 (매주 일요일)
월
09:30 - 20:00
13:00 - 14:00 휴게시간
화(6/6)
현충일 휴무
수
09:30 - 20:00
13:00 - 14:00 휴게시간
목
09:30 - 19:00
13:00 - 14:00 휴게시간",0507-1400-8101
영도조은치과의원,치과,"금
09:30 - 18:30
13:00 - 14:30 휴게시간
토
09:30 - 13:30
일
정기휴무 (매주 일요일)
월(6/5)
휴무
화(6/6)
현충일 휴무
수
09:30 - 18:30
13:00 - 14:30 휴게시간
목
09:30 - 18:30
13:00 - 14:30 휴게시간",051-413-2275
노치과의원,치과,"금
09:30 - 18:30
12:30 - 14:00 휴게시간
토
09:30 - 13:00
일
정기휴무 (매주 일요일)
월(6/5)
휴무
화(6/6)
현충일 휴무
수
09:30 - 18:30
12:30 - 14:00 휴게시간
목
09:30 - 18:30
12:30 - 14:00 휴게시간",0507-1333-9802
동국한의원,한의원,"금
09:00 - 18:30
13:00 - 14:00 휴게시간
토
09:00 - 13:00
일
정기휴무 (매주 일요일)
월
09:00 - 18:30
13:00 - 14:00 휴게시간
화(6/6)
현충일 휴무
수
09:00 - 18:30
13:00 - 14:00 휴게시간
목
09:00 - 18:30
13:00 - 14:00 휴게시간",051-413-1155
한마음의원,내과,"금
09:00 - 18:00
13:00 - 14:00 휴게시간
토
09:00 - 13:00
일
정기휴무 (매주 일요일)
월
09:00 - 18:00
13:00 - 14:00 휴게시간
화(6/6)
현충일 휴무
수
09:00 - 13:00
목
09:00 - 18:00
13:00 - 14:00 휴게시간",051-416-9095
스마트케어치과의원,치과,"금
09:00 - 18:00
12:00 - 13:30 휴게시간
17:30 접수마감
토
09:00 - 13:00
12:30 접수마감
일
정기휴무 (매주 일요일)
월
09:00 - 18:00
12:00 - 13:30 휴게시간
17:30 접수마감
화(6/6)
현충일 휴무
수
09:00 - 18:00
12:00 - 13:30 휴게시간
17:30 접수마감
목
09:00 - 18:00
12:00 - 13:30 휴게시간
17:30 접수마감",0507-1369-2876
최동정형외과의원,정형외과,"금
09:00 - 18:00
12:30 - 13:30 휴게시간
토
09:00 - 13:00
일
정기휴무 (매주 일요일)
월
09:00 - 18:00
12:30 - 13:30 휴게시간
화(6/6)
현충일 휴무
수
09:00 - 13:00
목
09:00 - 18:00
12:30 - 13:30 휴게시간",051-412-6661
나나재활의학과의원,재활의학과,"금
09:00 - 18:00
13:00 - 14:30 휴게시간
토
09:00 - 13:00
일
정기휴무 (매주 일요일)
월
09:00 - 18:00
13:00 - 14:30 휴게시간
화(6/6)
현충일 휴무
수
09:00 - 18:00
13:00 - 14:30 휴게시간
목
14:00 - 18:00",051-417-7755
영도한의원,한의원,"금
08:30 - 19:00
13:00 - 14:00 휴게시간
토
08:30 - 14:30
일
정기휴무 (매주 일요일)
월
08:30 - 19:00
13:00 - 14:00 휴게시간
화(6/6)
현충일 휴무
수
08:30 - 19:00
13:00 - 14:00 휴게시간
목
08:30 - 19:00
13:00 - 14:00 휴게시간",051-412-0075
태종대요양병원,요양병원,"금
08:30 - 17:30
토
정보없음
일
정보없음
월
08:30 - 17:30
화
08:30 - 17:30
수
08:30 - 17:30
목
08:30 - 17:30",051-717-3101
약손한의원,한의원,"금
09:00 - 19:00
12:30 - 14:00 휴게시간
18:30 접수마감
토
09:00 - 13:30
13:00 접수마감
일
정기휴무 (매주 일요일)
월
09:00 - 19:00
12:30 - 14:00 휴게시간
18:30 접수마감
화(6/6)
현충일09:00 - 13:30
수
09:00 - 19:00
12:30 - 14:00 휴게시간
18:30 접수마감
목
09:00 - 19:00
12:30 - 14:00 휴게시간
18:30 접수마감
접기",051-405-7501
보민한의원,한의원,"금
09:00 - 18:00
13:00 - 14:00 휴게시간
토
09:00 - 14:00
일
정기휴무 (매주 일요일)
월
09:00 - 18:00
13:00 - 14:00 휴게시간
화(6/6)
현충일 휴무
수
09:00 - 18:00
13:00 - 14:00 휴게시간
목
09:00 - 18:00
13:00 - 14:00 휴게시간",051-413-1275
고려의원,"병원,의원","금
09:30 - 18:00
토
09:30 - 13:00
일
정보없음
월
09:30 - 18:00
화(6/6)
현충일 휴무
수
09:30 - 18:00
목
09:30 - 18:00",051-414-7777
영도의원,"병원,의원","금
09:00 - 18:00
토
09:00 - 13:00
일
정기휴무 (매주 일요일)
월
09:00 - 18:00
화(6/6)
현충일 휴무
수
09:00 - 18:00
목
정기휴무 (매주 목요일)",051-415-2332
로덴치과의원,치과,"금
09:30 - 18:30
13:00 - 14:00 휴게시간
토
09:30 - 13:00
일
정기휴무 (매주 일요일)
월
09:30 - 18:30
13:00 - 14:00 휴게시간
화
09:30 - 18:30
13:00 - 14:00 휴게시간
수
09:30 - 19:30
13:00 - 14:00 휴게시간
목
정기휴무 (매주 목요일)
접기",0507-1358-3110
시원메디컬의원,내과,"금
09:00 - 18:00
토
09:00 - 13:00
일
정기휴무 (매주 일요일)
월
09:00 - 18:00
화(6/6)
현충일 휴무
수
09:00 - 18:00
목
09:00 - 18:00",051-412-0110
푸른의원,"병원,의원","금
08:30 - 18:30
토
09:00 - 15:30
일
정기휴무 (매주 일요일)
월
08:30 - 18:30
화(6/6)
현충일09:00 - 12:30
수
08:30 - 18:30
목
08:30 - 18:30
접기",051-417-1114
영도병원 응급실,응급실,"매일
00:00 - 24:00
접기",051-419-7575
이맑은정신건강의학과,정신건강의학과,,No phone number available
장혜경의원,내과,"금
09:00 - 18:30
토
09:00 - 13:30
일
정기휴무 (매주 일요일)
월
09:00 - 18:30
화(6/6)
현충일09:00 - 13:00
수
09:00 - 18:30
목
09:00 - 18:30
접기",051-403-8800
영도병원 종합건강검진센터,건강검진,,051-419-7756
청학치과의원,치과,"금
09:30 - 18:30
13:00 - 14:00 휴게시간
토
09:30 - 13:00
일
정기휴무 (매주 일요일)
월
09:30 - 18:30
13:00 - 14:00 휴게시간
화(6/6)
현충일 휴무
수
09:30 - 18:30
13:00 - 14:00 휴게시간
목
09:30 - 13:00",051-418-7528
김무진의원,"병원,의원","금
09:00 - 18:30
토
09:00 - 12:30
일
정기휴무 (매주 일요일)
월
09:00 - 18:30
화(6/6)
현충일 휴무
수
09:00 - 18:30
목
09:00 - 18:30",051-405-2772
현대치과의원,치과,,051-413-2100
은혜한의원,한의원,"금
09:00 - 18:00
13:00 - 14:00 휴게시간
토
09:00 - 13:30
일
정기휴무 (매주 일요일)
월
09:00 - 18:00
13:00 - 14:00 휴게시간
화(6/6)
현충일 휴무
수
09:00 - 18:00
13:00 - 14:00 휴게시간
목
09:00 - 18:00
13:00 - 14:00 휴게시간",051-403-7048
오렌지치과의원,치과,"금
10:00 - 18:30
13:00 - 14:00 휴게시간
토
10:00 - 13:00
일
정기휴무 (매주 일요일)
월
10:00 - 18:30
13:00 - 14:00 휴게시간
화(6/6)
현충일 휴무
수
10:00 - 18:30
13:00 - 14:00 휴게시간
목
10:00 - 18:30
13:00 - 14:00 휴게시간",051-417-7528
아남한의원,한의원,"금
09:00 - 18:00
13:00 - 14:00 휴게시간
토
09:00 - 13:00
일
정기휴무 (매주 일요일)
월
09:00 - 18:00
13:00 - 14:00 휴게시간
화(6/6)
현충일 휴무
수
09:00 - 19:00
13:00 - 14:00 휴게시간
목
09:00 - 18:00
13:00 - 14:00 휴게시간",051-418-0048
제원한의원,한의원,"금
09:30 - 18:30
토
09:30 - 13:00
일
정기휴무 (매주 일요일)
월
09:30 - 18:30
화(6/6)
현충일 휴무
수
09:30 - 18:30
목
09:30 - 18:30",051-415-3560
태종대한의원,한의원,"금
09:00 - 18:00
13:00 - 14:00 휴게시간
12:00, 17:00 접수마감
토
09:00 - 13:00
12:00 접수마감
일
정기휴무 (매주 일요일)
월
09:00 - 18:00
13:00 - 14:00 휴게시간
12:00, 17:00 접수마감
화
09:00 - 18:00
13:00 - 14:00 휴게시간
12:00, 17:00 접수마감
수
09:00 - 18:00
13:00 - 14:00 휴게시간
12:00, 17:00 접수마감
목
09:00 - 18:00
13:00 - 14:00 휴게시간
12:00, 17:00 접수마감
접기",051-403-7866
미&플란트치과의원,치과,"금
09:30 - 18:00
12:30 - 14:00 휴게시간
토
09:30 - 12:00
일
정기휴무 (매주 일요일)
월
09:30 - 18:00
12:30 - 14:00 휴게시간
화(6/6)
현충일 휴무
수
09:30 - 18:00
12:30 - 14:00 휴게시간
목
정기휴무 (매주 목요일)",051-416-1155
해동병원별관,병원부속시설,,No phone number available
천성의원,내과,"금
09:00 - 18:00
12:30 - 13:30 휴게시간
토
정기휴무 (매주 토요일)
일
정기휴무 (매주 일요일)
월
09:00 - 18:00
12:30 - 13:30 휴게시간
화(6/6)
현충일 휴무
수
09:00 - 18:00
12:30 - 13:30 휴게시간
목
09:00 - 18:00
12:30 - 13:30 휴게시간",051-412-4408
동산의원,가정의학과,"금
09:00 - 18:00
토
09:00 - 13:00
일
정기휴무 (매주 일요일)
월
09:00 - 18:00
화(6/6)
현충일 휴무
수
09:00 - 18:00
목
09:00 - 18:00",051-413-0965
탑치과의원,치과,,051-404-2804
제강한의원,한의원,"금
09:30 - 19:00
토
09:30 - 14:00
일
정기휴무 (매주 일요일)
월
09:30 - 19:00
화(6/6)
현충일 휴무
수
09:30 - 19:00
목
09:30 - 19:00",051-405-1075
해민한의원,한의원,"금
09:00 - 18:20
12:30 - 14:00 휴게시간
토
09:00 - 13:50
일
정기휴무 (매주 일요일)
월
09:00 - 18:20
12:30 - 14:00 휴게시간
화(6/6)
현충일 휴무
수
09:00 - 18:20
12:30 - 14:00 휴게시간
목
09:00 - 18:20
12:30 - 14:00 휴게시간",051-412-7513
상아치과의원,치과,"금
09:30 - 18:00
12:00 - 14:00 휴게시간
17:00 접수마감
토
09:30 - 12:00
11:00 접수마감
일
정기휴무 (매주 일요일)
월
09:30 - 18:00
12:00 - 14:00 휴게시간
17:00 접수마감
화(6/6)
현충일 휴무
수
09:30 - 18:00
12:00 - 14:00 휴게시간
17:00 접수마감
목
09:30 - 12:00
11:00 접수마감",051-413-6115
계응심산부인과의원,산부인과,"금
09:00 - 18:00
토
09:00 - 16:00
일
정기휴무 (매주 일요일)
월
09:00 - 18:00
화(6/6)
현충일 휴무
수
09:00 - 18:00
목
09:00 - 18:00",051-416-5780
수치과의원,치과,,051-405-2875
서승도치과의원,치과,"금
09:00 - 18:00
13:00 - 14:30 휴게시간
토
09:00 - 12:00
일
정기휴무 (매주 일요일)
월
09:00 - 18:00
13:00 - 14:30 휴게시간
화(6/6)
현충일 휴무
수
09:00 - 18:00
13:00 - 14:30 휴게시간
목
09:00 - 18:00
13:00 - 14:30 휴게시간",051-413-0152
경희은한의원,한의원,"금
09:00 - 18:00
토
09:00 - 14:00
일
정기휴무 (매주 일요일)
월
09:00 - 20:00
화(6/6)
현충일 휴무
수
09:00 - 18:00
목
09:00 - 20:00",051-631-1300
제영한의원,한의원,"금
09:30 - 19:00
토
09:30 - 15:30
일
정기휴무 (매주 일요일)
월
09:30 - 19:00
화(6/6)
현충일 휴무
수
09:30 - 19:00
목
09:30 - 19:00",051-404-1275
동삼3동마을건강센터,보건소,,051-419-5787
신아의원,외과,"금
09:00 - 17:00
토
09:00 - 13:00
일
정기휴무 (매주 일요일)
월
09:00 - 17:00
화(6/6)
현충일 휴무
수
정기휴무 (매주 수요일)
목
09:00 - 17:00",0507-1369-7175
김주태내과의원,내과,"금
09:00 - 18:00
토
09:00 - 13:00
일
정기휴무 (매주 일요일)
월
09:00 - 18:00
화(6/6)
현충일 휴무
수
09:00 - 18:00
목
09:00 - 18:00",051-412-1876
원회춘한의원,한의원,"금
09:00 - 18:00
12:00 - 12:30 휴게시간
토
09:00 - 12:00
일
정기휴무 (매주 일요일)
월
09:00 - 18:00
12:00 - 12:30 휴게시간
화(6/6)
현충일 휴무
수
09:00 - 18:00
12:00 - 12:30 휴게시간
목
09:00 - 18:00
12:00 - 12:30 휴게시간",051-416-4687
본디올청학한의원,한의원,"금
09:30 - 19:00
13:00 - 14:00 휴게시간
토
09:30 - 15:00
일
정기휴무 (매주 일요일)
월
09:30 - 19:00
13:00 - 14:00 휴게시간
화(6/6)
현충일09:30 - 13:00
수
09:30 - 19:00
13:00 - 14:00 휴게시간
목
정기휴무 (매주 목요일)
접기",051-416-4167
장창민치과의원,치과,"금
09:30 - 18:00
13:00 - 14:00 휴게시간
토
09:30 - 13:00
일
정기휴무 (매주 일요일)
월
09:30 - 18:00
13:00 - 14:00 휴게시간
화(6/6)
현충일 휴무
수
09:30 - 18:00
13:00 - 14:00 휴게시간
목
09:30 - 18:00
13:00 - 14:00 휴게시간",051-414-7447
오태호마취통증의학과의원,마취통증의학과,"금
09:30 - 18:00
토
09:30 - 12:00
일
정기휴무 (매주 일요일)
월
09:30 - 18:00
화(6/6)
현충일 휴무
수
09:30 - 18:00
목
14:00 - 18:00",051-412-1070
이광열치과의원,치과,"금
09:30 - 17:00
12:30 - 14:00 휴게시간
토
09:30 - 12:00
일
정기휴무 (매주 일요일)
월
09:30 - 17:00
12:30 - 14:00 휴게시간
화(6/6)
현충일 휴무
수
09:30 - 17:00
12:30 - 14:00 휴게시간
목
09:30 - 17:00
12:30 - 14:00 휴게시간",051-413-4604
나비아이한의원 영도점,한의원,"금
09:00 - 18:00
13:00 - 14:00 휴게시간
토
09:00 - 14:00
일
정기휴무 (매주 일요일)
월
09:00 - 18:00
13:00 - 14:00 휴게시간
화(6/6)
현충일 휴무
수
09:00 - 18:00
13:00 - 14:00 휴게시간
목
09:00 - 18:00
13:00 - 14:00 휴게시간",051-418-7575
천성아동재활원,재활의학과,"금
09:00 - 18:00
토
09:00 - 13:00
일
정기휴무 (매주 일요일)
월
09:00 - 18:00
화(6/6)
현충일 휴무
수
09:00 - 18:00
목
09:00 - 18:00",No phone number available
영도복지의원,"병원,의원",,No phone number available
큰사랑한의원,한의원,"금
09:00 - 18:30
13:00 - 14:00 휴게시간
토
09:00 - 13:00
일
정기휴무 (매주 일요일)
월
09:00 - 18:30
13:00 - 14:00 휴게시간
화(6/6)
현충일 휴무
수
09:00 - 18:30
13:00 - 14:00 휴게시간
목
09:00 - 18:30
13:00 - 14:00 휴게시간",051-417-6337
영도병원 물리치료실,종합병원,,051-419-7675
흰여울의원,"병원,의원",,051-415-1223
홍상철한의원,한의원,"금
09:00 - 15:00
토
09:00 - 14:00
일
정기휴무 (매주 일요일)
월
09:00 - 14:00
화(6/6)
현충일 휴무
수
09:00 - 15:00
목
09:00 - 15:00",051-418-1575
한가족한의원,한의원,,051-414-7555
성복한의원,한의원,"금
09:00 - 18:30
12:30 - 14:00 휴게시간
토
09:00 - 13:00
일
정기휴무 (매주 일요일)
월
09:00 - 18:30
12:30 - 14:00 휴게시간
화(6/6)
현충일 휴무
수
09:00 - 18:30
12:30 - 14:00 휴게시간
목
09:00 - 18:30
12:30 - 14:00 휴게시간",051-413-1741
바른약선한의원,한의원,"금
08:30 - 18:30
토
08:30 - 14:00
일
정기휴무 (매주 일요일)
월
08:30 - 18:30
화(6/6)
현충일08:30 - 14:00
수
08:30 - 18:30
목
08:30 - 18:30
접기",051-413-5600
나나한의원,한의원,"금
09:00 - 13:00
토
정기휴무 (매주 토요일)
일
정기휴무 (매주 일요일)
월
정기휴무 (매주 월요일)
화(6/6)
현충일 휴무
수
정기휴무 (매주 수요일)
목
정기휴무 (매주 목요일)",051-971-0949
박성국치과의원,치과,"금
09:00 - 18:30
12:30 - 14:00 휴게시간
토
09:00 - 14:00
일
정기휴무 (매주 일요일)
월
09:00 - 18:30
12:30 - 14:00 휴게시간
화(6/6)
현충일 휴무
수
09:00 - 18:30
12:30 - 14:00 휴게시간
목
09:00 - 18:30
12:30 - 14:00 휴게시간",051-417-2422
부경한의원,한의원,"금
08:00 - 18:00
토
08:00 - 13:00
일
08:00 - 13:00
월
08:00 - 18:00
화(6/6)
현충일08:00 - 13:00
수
08:00 - 18:00
목
08:00 - 18:00
접기",051-412-0106
우리가정의원,가정의학과,"금
09:00 - 18:00
토
09:00 - 13:00
일
정기휴무 (매주 일요일)
월
09:00 - 18:00
화(6/6)
현충일 휴무
수
09:00 - 18:00
목
09:00 - 18:00",051-412-3737
장생한의원,한의원,"금
09:00 - 18:30
12:30 - 14:00 휴게시간
토
09:00 - 14:00
일
정기휴무 (매주 일요일)
월
09:00 - 18:30
12:30 - 14:00 휴게시간
화(6/6)
현충일 휴무
수
09:00 - 18:30
12:30 - 14:00 휴게시간
목
09:00 - 18:30
12:30 - 14:00 휴게시간",051-403-1432
세민치과의원,치과,"금
09:30 - 18:30
12:30 - 14:00 휴게시간
토
정기휴무 (매주 토요일)
일
정기휴무 (매주 일요일)
월
09:30 - 18:30
12:30 - 14:00 휴게시간
화(6/6)
현충일 휴무
수
09:30 - 18:30
12:30 - 14:00 휴게시간
목
09:30 - 18:30
12:30 - 14:00 휴게시간",051-545-2875
소명의료재단한빛사랑의원,내과,"금
09:30 - 17:00
13:00 - 14:00 휴게시간
16:30 접수마감
토
09:30 - 13:00
12:30 접수마감
일
정기휴무 (매주 일요일)
월
09:30 - 17:00
13:00 - 14:00 휴게시간
16:30 접수마감
화(6/6)
현충일 휴무
수
09:30 - 13:00
12:30 접수마감
목
09:30 - 17:00
13:00 - 14:00 휴게시간
16:30 접수마감",051-416-4442
한진복음의원,"병원,의원","금
08:30 - 17:00
토
정기휴무 (매주 토요일)
일
정기휴무 (매주 일요일)
월
08:30 - 17:00
화(6/6)
현충일 휴무
수
08:30 - 17:00
목
08:30 - 17:00",051-410-3664
국사관,정형외과,,051-416-3718
힐링한의원,한의원,"금
09:00 - 18:00
12:30 - 14:00 휴게시간
토
09:00 - 13:00
일
정기휴무 (매주 일요일)
월
09:00 - 18:00
12:30 - 14:00 휴게시간
화(6/6)
현충일 휴무
수
09:00 - 18:00
12:30 - 14:00 휴게시간
목
09:00 - 18:00
12:30 - 14:00 휴게시간",0507-1448-7583
인덕한의원,한의원,"금
09:00 - 18:00
토
정보없음
일
정보없음
월
09:00 - 18:00
화
09:00 - 18:00
수
09:00 - 18:00
목
09:00 - 18:00
접기",051-415-2882
전치과의원,치과,"금
09:30 - 18:00
12:30 - 14:00 휴게시간
토
09:30 - 13:00
일
정기휴무 (매주 일요일)
월
09:30 - 18:00
12:30 - 14:00 휴게시간
화(6/6)
현충일 휴무
수
09:30 - 18:00
12:30 - 14:00 휴게시간
목
09:30 - 18:00
12:30 - 14:00 휴게시간",051-416-5151
경래한의원,한의원,"금
09:00 - 18:00
13:00 - 14:00 휴게시간
토
09:00 - 13:00
일
정기휴무 (매주 일요일)
월
09:00 - 18:00
13:00 - 14:00 휴게시간
화(6/6)
현충일09:00 - 13:00
수
09:00 - 18:00
13:00 - 14:00 휴게시간
목
09:00 - 18:00
13:00 - 14:00 휴게시간
접기",051-416-2525
성심의원,"병원,의원","금
09:00 - 18:00
토
09:00 - 14:00
일
정보없음
월
09:00 - 18:00
화
09:00 - 18:00
수
09:00 - 18:00
목
09:00 - 18:00
접기",051-413-1870
박성국치과의원,치과,,No phone number available
중앙의원,내과,,No phone number available
영도구보건소 선별진료소,선별진료소,"금
09:00 - 18:00
12:00 - 13:00 휴게시간
토
09:00 - 13:00
일
09:00 - 13:00
월
09:00 - 18:00
12:00 - 13:00 휴게시간
화(6/6)
현충일09:00 - 13:00
수
09:00 - 18:00
12:00 - 13:00 휴게시간
목
09:00 - 18:00
12:00 - 13:00 휴게시간
접기",051-416-4000
곤륜한의원,한의원,"금
09:30 - 18:00
13:00 - 14:00 휴게시간
토
09:30 - 14:00
일
정기휴무 (매주 일요일)
월
09:30 - 18:00
13:00 - 14:00 휴게시간
화(6/6)
현충일 휴무
수
09:30 - 18:00
13:00 - 14:00 휴게시간
목
09:30 - 18:00
13:00 - 14:00 휴게시간",051-405-8053
해동병원 선별진료소,선별진료소,"금
09:00 - 17:00
토
09:00 - 12:00
일
정기휴무 (매주 일요일)
월
09:00 - 17:00
화(6/6)
현충일 휴무
수
09:00 - 17:00
목
09:00 - 17:00",051-410-6682
영도병원 선별진료소,선별진료소,"금
09:00 - 16:30
토
09:00 - 12:00
일
정기휴무 (매주 일요일)
월
09:00 - 16:30
화(6/6)
현충일 휴무
수
09:00 - 16:30
목
09:00 - 16:30",051-419-7873
구세산부인과의원,산부인과,"금
09:00 - 19:00
13:00 - 14:00 휴게시간
토
09:00 - 13:00
일
정기휴무 (매주 일요일)
월
09:00 - 19:00
13:00 - 14:00 휴게시간
화(6/6)
현충일 휴무
수
09:00 - 19:00
13:00 - 14:00 휴게시간
목
09:00 - 19:00
13:00 - 14:00 휴게시간",051-253-5555
김용기내과의원,내과,"금
09:00 - 17:30
토
09:00 - 12:30
일
정기휴무 (매주 일요일)
월
09:00 - 17:30
화(6/6)
현충일 휴무
수
09:00 - 17:30
목
09:00 - 17:30",051-245-7100
고운피부과의원,피부과,"금
09:30 - 20:00
12:30 - 14:00 휴게시간
19:30 접수마감
토
09:30 - 15:00
14:30 접수마감
일
정기휴무 (매주 일요일)
월
09:30 - 19:00
12:30 - 14:00 휴게시간
18:30 접수마감
화(6/6)
현충일 휴무
수
09:30 - 18:30
12:30 - 14:00 휴게시간
18:00 접수마감
목
09:30 - 18:30
12:30 - 14:00 휴게시간
18:00 접수마감",051-231-4001
닥터안치과의원,치과,"금
09:30 - 19:00
13:00 - 14:30 휴게시간
18:30 접수마감
토
09:30 - 13:00
12:30 접수마감
일
정기휴무 (매주 일요일)
월
09:30 - 19:00
13:00 - 14:30 휴게시간
18:30 접수마감
화(6/6)
현충일 휴무
수
09:30 - 19:00
13:00 - 14:30 휴게시간
18:30 접수마감
목
09:30 - 19:00
13:00 - 14:30 휴게시간
18:30 접수마감",0507-1465-1067
건강만세365병원,정형외과,"금
09:00 - 18:00
토
09:00 - 13:00
일
09:00 - 13:00
월
09:00 - 18:00
화(6/6)
현충일09:00 - 13:00
수
09:00 - 18:00
목
09:00 - 18:00
접기",051-711-0365
부산성모병원,종합병원,"금
08:30 - 17:30
12:30 - 13:30 휴게시간
토
08:30 - 12:30
일
정기휴무 (매주 일요일)
월
08:30 - 17:30
12:30 - 13:30 휴게시간
화(6/6)
현충일 휴무
수
08:30 - 17:30
12:30 - 13:30 휴게시간
목
08:30 - 17:30
12:30 - 13:30 휴게시간",051-933-7114
바른병원,정형외과,"금
09:00 - 20:00
12:30 - 13:30 휴게시간
19:30 접수마감
토
09:00 - 15:00
14:30 접수마감
일
정기휴무 (매주 일요일)
월
09:00 - 20:00
12:30 - 13:30 휴게시간
19:30 접수마감
화
09:00 - 20:00
12:30 - 13:30 휴게시간
19:30 접수마감
수
09:00 - 20:00
12:30 - 13:30 휴게시간
19:30 접수마감
목
09:00 - 20:00
12:30 - 13:30 휴게시간
19:30 접수마감",051-247-0119
블리비의원 부산남포점,피부과,"금
10:00 - 20:00
토
10:00 - 15:00
일
정기휴무 (매주 일요일)
월
10:00 - 20:00
화(6/6)
현충일 휴무
수
10:00 - 20:00
목
10:00 - 20:00",1811-6686
척시원병원,신경외과,,051-463-9119
주호범이비인후과의원,이비인후과,"금
09:00 - 18:30
13:30 - 15:00 휴게시간
토
09:00 - 15:30
일
정기휴무 (매주 일요일)
월
09:00 - 18:30
13:30 - 15:00 휴게시간
화(6/6)
현충일 휴무
수
09:00 - 18:30
13:30 - 15:00 휴게시간
목
09:00 - 18:30
13:30 - 15:00 휴게시간",051-248-3300
최샘내과의원,내과,"금
09:00 - 19:00
13:00 - 14:00 휴게시간
토
09:00 - 14:00
일
정기휴무 (매주 일요일)
월
09:00 - 19:00
13:00 - 14:00 휴게시간
화(6/6)
현충일 휴무
수
09:00 - 19:00
13:00 - 14:00 휴게시간
목
09:00 - 19:00
13:00 - 14:00 휴게시간",0507-1315-0993
이지숨이비인후과의원,이비인후과,"금
09:00 - 18:30
13:00 - 14:00 휴게시간
18:10 접수마감
토
09:00 - 12:30
12:10 접수마감
일
정기휴무 (매주 일요일)
월
09:00 - 18:30
13:00 - 14:00 휴게시간
18:10 접수마감
화(6/6)
현충일 휴무
수
09:00 - 18:30
13:00 - 14:00 휴게시간
18:10 접수마감
목
09:00 - 18:30
13:00 - 14:00 휴게시간
18:10 접수마감",051-243-0002
바른성모안과의원,안과,"금
09:00 - 18:30
12:30 - 14:00 휴게시간
18:25 접수마감
토
09:00 - 13:30
13:25 접수마감
일
정기휴무 (매주 일요일)
월
09:00 - 18:30
12:30 - 14:00 휴게시간
18:25 접수마감
화(6/6)
현충일 휴무
수
09:00 - 18:30
12:30 - 14:00 휴게시간
18:25 접수마감
목
09:00 - 18:30
12:30 - 14:00 휴게시간
18:25 접수마감",0507-1427-0075
맑은피부과의원,피부과,"금
09:10 - 20:00
12:30 - 13:50 휴게시간
토
09:00 - 13:00
일
정기휴무 (매주 일요일)
월
09:10 - 18:30
12:30 - 13:50 휴게시간
화(6/6)
현충일 휴무
수
13:50 - 18:30
목
09:10 - 18:30
12:30 - 13:50 휴게시간",0507-1421-7700
중구보건소,보건소,"금
09:00 - 18:00
12:00 - 13:00 휴게시간
토
정기휴무 (매주 토요일)
일
정기휴무 (매주 일요일)
월
09:00 - 18:00
12:00 - 13:00 휴게시간
화
09:00 - 18:00
12:00 - 13:00 휴게시간
수
09:00 - 18:00
12:00 - 13:00 휴게시간
목
09:00 - 18:00
12:00 - 13:00 휴게시간
접기",051-600-4741
코끼리내과.진단방사선과의원,내과,"금
09:00 - 18:00
12:30 - 14:00 휴게시간
17:30 접수마감
토
09:00 - 13:00
12:30 접수마감
일
정기휴무 (매주 일요일)
월
09:00 - 18:00
12:30 - 14:00 휴게시간
17:30 접수마감
화(6/6)
현충일 휴무
수
09:00 - 18:00
12:30 - 14:00 휴게시간
17:30 접수마감
목
09:00 - 18:00
12:30 - 14:00 휴게시간
17:30 접수마감",051-231-0066
이창웅치과의원,치과,"금
09:30 - 13:00
12:30 접수마감
토
정기휴무 (매주 토요일)
일
정기휴무 (매주 일요일)
월
09:30 - 18:30
12:30 - 14:00 휴게시간
18:00 접수마감
화(6/6)
현충일 휴무
수
09:30 - 21:00
12:30 - 14:00 휴게시간
20:30 접수마감
목
09:30 - 18:30
12:30 - 14:00 휴게시간
18:00 접수마감",051-622-2878
나은소아청소년과의원,소아청소년과,"금
09:30 - 18:30
12:30 - 14:00 휴게시간
18:10 접수마감
토
09:30 - 13:00
12:40 접수마감
일
정기휴무 (매주 일요일)
월
09:30 - 18:30
12:30 - 14:00 휴게시간
18:10 접수마감
화(6/6)
현충일 휴무
수
09:30 - 18:30
12:30 - 14:00 휴게시간
18:10 접수마감
목
14:30 - 18:30
18:10 접수마감",051-623-9944
김현주산부인과의원,산부인과,"금
09:30 - 18:00
17:30 접수마감
토
09:30 - 12:30
12:00 접수마감
일
정기휴무 (매주 일요일)
월
09:30 - 18:00
17:30 접수마감
화(6/6)
현충일 휴무
수
09:30 - 18:00
17:30 접수마감
목
09:30 - 18:00
17:30 접수마감",051-242-9858
비에스(BS)삼성안과의원,안과,"금
09:00 - 18:30
13:00 - 14:00 휴게시간
토
09:00 - 15:00
일
정기휴무 (매주 일요일)
월
09:00 - 18:30
13:00 - 14:00 휴게시간
화(6/6)
현충일09:00 - 13:00
수
09:00 - 18:30
13:00 - 14:00 휴게시간
목
09:00 - 18:30
13:00 - 14:00 휴게시간",051-808-7688
삼성스마트내과의원,내과,,051-623-7003
우리가족치과의원,치과,"금
09:30 - 19:00
13:00 - 14:30 휴게시간
18:30 접수마감
토
09:30 - 14:00
13:30 접수마감
일
정기휴무 (매주 일요일)
월
09:30 - 19:00
13:00 - 14:30 휴게시간
18:30 접수마감
화(6/6)
현충일 휴무
수
09:30 - 19:00
13:00 - 14:30 휴게시간
18:30 접수마감
목
09:30 - 19:00
13:00 - 14:30 휴게시간
18:30 접수마감",051-791-2822
로즈여성의원,산부인과,"금
10:00 - 19:00
13:00 - 14:00 휴게시간
토(6/3)
09:00 - 12:00
일
정기휴무 (매주 일요일)
월
10:00 - 20:00
13:00 - 14:00 휴게시간
화(6/6)
현충일 휴무
수
10:00 - 18:00
13:00 - 14:00 휴게시간
목
10:00 - 20:00
13:00 - 14:00 휴게시간",051-245-7911
좋은보수가정의학과의원,가정의학과,"금
08:30 - 18:00
토
08:30 - 15:00
일
정기휴무 (매주 일요일)
월
08:30 - 18:00
화(6/6)
현충일09:00 - 13:00
수
08:30 - 18:00
목
08:30 - 18:00
접기",051-246-2333
이상국치과의원,치과,"금
09:30 - 18:30
12:30 - 14:00 휴게시간
토
09:00 - 15:00
12:30 - 14:00 휴게시간
일
정기휴무 (매주 일요일)
월
09:30 - 18:30
12:30 - 14:00 휴게시간
화(6/6)
현충일 휴무
수(6/7)
09:30 - 12:30
목
09:30 - 18:30
12:30 - 14:00 휴게시간",051-246-5781
최신영내과의원,내과,"금
07:00 - 15:00
토
07:00 - 11:00
일
정기휴무 (매주 일요일)
월
07:00 - 15:00
화(6/6)
현충일 휴무
수
07:00 - 11:00
목
07:00 - 15:00",051-465-0882
생생척척의원,가정의학과,"금
10:00 - 19:00
13:00 - 14:30 휴게시간
18:30 접수마감
토
10:00 - 15:00
14:30 접수마감
일
정기휴무 (매주 일요일)
월
10:00 - 19:00
13:00 - 14:30 휴게시간
18:30 접수마감
화(6/6)
현충일 휴무
수
10:00 - 14:00
13:30 접수마감
목
10:00 - 19:00
13:00 - 14:30 휴게시간
18:30 접수마감",051-714-0720
장진석내과의원,내과,"금
09:00 - 18:00
12:30 - 14:00 휴게시간
토
09:00 - 13:00
일
정기휴무 (매주 일요일)
월
09:00 - 18:00
12:30 - 14:00 휴게시간
화
09:00 - 18:00
12:30 - 14:00 휴게시간
수
09:00 - 18:00
12:30 - 14:00 휴게시간
목
09:00 - 18:00
12:30 - 14:00 휴게시간
접기",0507-1353-8189
수월한의원,한의원,"금
09:00 - 20:00
13:00 - 14:00 휴게시간
19:00 접수마감
토
09:00 - 17:00
13:00 - 14:00 휴게시간
16:00 접수마감
일
09:00 - 17:00
13:00 - 14:00 휴게시간
16:00 접수마감
월
09:00 - 20:00
13:00 - 14:00 휴게시간
19:00 접수마감
화(6/6)
현충일09:00 - 17:00
13:00 - 14:00 휴게시간
수
09:00 - 20:00
13:00 - 14:00 휴게시간
19:00 접수마감
목
09:00 - 20:00
13:00 - 14:00 휴게시간
19:00 접수마감",051-243-4300
메리놀병원,종합병원,"금
08:30 - 17:30
12:30 - 13:30 휴게시간
토
08:30 - 12:30
일
정기휴무 (매주 일요일)
월
08:30 - 17:30
12:30 - 13:30 휴게시간
화(6/6)
현충일 휴무
수
08:30 - 17:30
12:30 - 13:30 휴게시간
목
08:30 - 17:30
12:30 - 13:30 휴게시간",051-465-8801
김봉희이비인후과의원,이비인후과,"금
09:30 - 18:00
12:30 - 14:00 휴게시간
토
09:30 - 12:30
일
정기휴무 (매주 일요일)
월
09:30 - 18:00
12:30 - 14:00 휴게시간
화(6/6)
현충일 휴무
수
09:30 - 18:00
12:30 - 14:00 휴게시간
목
09:30 - 18:00
12:30 - 14:00 휴게시간",051-245-8687
세광의원,내과,"금
08:30 - 18:30
13:00 - 14:00 휴게시간
토
08:30 - 15:30
일
08:30 - 13:00
월
08:30 - 18:30
13:00 - 14:00 휴게시간
화(6/6)
현충일08:30 - 15:30
수
08:30 - 18:30
13:00 - 14:00 휴게시간
목
08:30 - 18:30
13:00 - 14:00 휴게시간
접기",0507-1303-6987
자연안에한의원 중구점,한의원,"금
09:00 - 21:00
13:00 - 14:00 휴게시간
20:30 접수마감
토
09:00 - 17:00
13:00 - 14:00 휴게시간
16:30 접수마감
일
09:00 - 17:00
13:00 - 14:00 휴게시간
16:30 접수마감
월
09:00 - 21:00
13:00 - 14:00 휴게시간
20:30 접수마감
화(6/6)
현충일09:00 - 17:00
13:00 - 14:00 휴게시간
수
09:00 - 21:00
13:00 - 14:00 휴게시간
20:30 접수마감
목
09:00 - 21:00
13:00 - 14:00 휴게시간
20:30 접수마감",0507-1377-1077
뷰티플란트치과의원,치과,"금
09:30 - 18:30
13:00 - 14:00 휴게시간
12:00, 17:30 접수마감
토
09:30 - 13:00
12:00 접수마감
일
정기휴무 (매주 일요일)
월(6/5)
09:30 - 18:30
13:00 - 14:00 휴게시간
화(6/6)
현충일 휴무
수
09:30 - 20:30
13:00 - 14:00 휴게시간
12:00, 19:30 접수마감
목
09:30 - 18:30
13:00 - 14:00 휴게시간
12:00, 17:30 접수마감",051-245-7928
정이비인후과의원,이비인후과,"금
09:30 - 18:00
12:30 - 14:00 휴게시간
토
09:30 - 12:30
일
정기휴무 (매주 일요일)
월
09:30 - 18:00
12:30 - 14:00 휴게시간
화(6/6)
현충일09:30 - 12:30
수
09:30 - 18:00
12:30 - 14:00 휴게시간
목
09:30 - 12:30
접기",051-244-7033
고의경이비인후과의원,이비인후과,"금
09:00 - 18:00
12:30 - 14:00 휴게시간
토
09:00 - 13:00
일
정보없음
월
09:00 - 18:00
12:30 - 14:00 휴게시간
화(6/6)
현충일 휴무
수
09:00 - 12:30
목
09:00 - 18:00
12:30 - 14:00 휴게시간",051-714-6990
맑고고운의원,피부과,"금
10:00 - 20:00
13:00 - 14:00 휴게시간
토
10:00 - 14:00
일
정기휴무 (매주 일요일)
월
10:00 - 20:00
13:00 - 14:00 휴게시간
화(6/6)
현충일 휴무
수(6/7)
10:00 - 20:00
13:00 - 14:00 휴게시간
목
10:00 - 20:00
13:00 - 14:00 휴게시간",0507-1389-7277
미소안의원,피부과,"금
10:00 - 18:00
13:00 - 14:00 휴게시간
토
10:00 - 14:00
일
정기휴무 (매주 일요일)
월
10:00 - 18:00
13:00 - 14:00 휴게시간
화(6/6)
현충일 휴무
수
10:00 - 20:00
13:00 - 14:00 휴게시간
목
정기휴무 (매주 목요일)",051-257-0097
눈초롱안과의원,안과,"금
09:30 - 18:00
13:00 - 14:00 휴게시간
토
09:30 - 13:00
일
정보없음
월
09:30 - 18:00
13:00 - 14:00 휴게시간
화(6/6)
현충일 휴무
수
09:30 - 18:00
13:00 - 14:00 휴게시간
목
09:30 - 18:00
13:00 - 14:00 휴게시간",051-243-3348
이홍석정형외과의원,정형외과,"금
09:00 - 18:30
13:00 - 14:00 휴게시간
토
09:00 - 13:00
일
정기휴무 (매주 일요일)
월
09:00 - 18:30
13:00 - 14:00 휴게시간
화(6/6)
현충일 휴무
수
09:00 - 18:30
13:00 - 14:00 휴게시간
목
09:00 - 18:30
13:00 - 14:00 휴게시간",051-995-8275
웰컴치과의원 남포점,치과,"금
10:00 - 18:30
12:00 - 13:30 휴게시간
17:30 접수마감
토
정기휴무 (매주 토요일)
일
정기휴무 (매주 일요일)
월
10:00 - 20:30
12:00 - 13:30 휴게시간
19:30 접수마감
화(6/6)
현충일 휴무
수
10:00 - 20:30
12:00 - 13:30 휴게시간
19:30 접수마감
목
10:00 - 18:30
12:00 - 13:30 휴게시간
17:30 접수마감",051-710-2875
설피부과의원,피부과,"금
09:30 - 17:30
12:30 - 14:00 휴게시간
토
09:30 - 12:30
일
정기휴무 (매주 일요일)
월
09:30 - 17:30
12:30 - 14:00 휴게시간
화(6/6)
현충일 휴무
수
09:30 - 17:30
12:30 - 14:00 휴게시간
목
09:30 - 17:30
12:30 - 14:00 휴게시간",051-463-3831
남포신용훈내과의원,내과,"금
09:00 - 16:30
토
09:00 - 12:30
일
정보없음
월
09:00 - 16:30
화(6/6)
현충일 휴무
수
09:00 - 16:30
목
09:00 - 12:30",051-715-3100
홍이비인후과의원,이비인후과,"금
09:00 - 18:00
13:00 - 14:00 휴게시간
토
09:00 - 13:00
일
정기휴무 (매주 일요일)
월
09:00 - 18:00
13:00 - 14:00 휴게시간
화(6/6)
현충일 휴무
수
09:00 - 18:00
13:00 - 14:00 휴게시간
목
09:00 - 18:00
13:00 - 14:00 휴게시간",070-7770-2651
평화소아청소년과의원,소아청소년과,"금
09:00 - 18:00
토
09:00 - 14:00
일
정기휴무 (매주 일요일)
월
09:00 - 18:00
화(6/6)
현충일09:00 - 14:00
수
09:00 - 18:00
목
09:00 - 18:00
접기",051-245-2052
송인제정신과의원,정신건강의학과,"금
09:30 - 18:00
13:00 - 14:00 휴게시간
토
09:30 - 14:00
일
정기휴무 (매주 일요일)
월
09:30 - 18:00
13:00 - 14:00 휴게시간
화(6/6)
현충일 휴무
수
09:30 - 18:00
13:00 - 14:00 휴게시간
목
09:30 - 18:00
13:00 - 14:00 휴게시간",051-241-7577
대한최강정형외과의원,정형외과,"금
09:00 - 18:30
13:00 - 14:00 휴게시간
토
09:00 - 13:00
일
정기휴무 (매주 일요일)
월
09:00 - 18:30
13:00 - 14:00 휴게시간
화(6/6)
현충일 휴무
수
09:00 - 18:30
13:00 - 14:00 휴게시간
목
09:00 - 18:30
13:00 - 14:00 휴게시간",0507-1327-0158
정세일비뇨기과의원,비뇨의학과,,0507-1414-3131
김정근내과의원,내과,"매일
08:30 - 18:00
접기",051-243-5100
장덕한방병원 부산,한방병원,"금
09:00 - 19:00
13:00 - 14:00 휴게시간
토
09:00 - 17:00
13:00 - 14:00 휴게시간
일
09:00 - 17:00
13:00 - 14:00 휴게시간
월
09:00 - 19:00
13:00 - 14:00 휴게시간
화(6/6)
현충일09:00 - 17:00
13:00 - 14:00 휴게시간
수
09:00 - 21:00
13:00 - 14:00 휴게시간
목
09:00 - 19:00
13:00 - 14:00 휴게시간
접기",051-231-0052
쉬즈성형외과의원,성형외과,"금
09:30 - 19:30
12:00 - 13:00 휴게시간
19:00 접수마감
토
09:30 - 17:30
12:00 - 13:00 휴게시간
17:00 접수마감
일
정기휴무 (매주 일요일)
월
09:30 - 19:30
12:00 - 13:00 휴게시간
19:00 접수마감
화(6/6)
현충일 휴무
수
09:30 - 19:30
12:00 - 13:00 휴게시간
19:00 접수마감
목
09:30 - 19:30
12:00 - 13:00 휴게시간
19:00 접수마감",0507-1412-4216
새한정형외과의원,정형외과,"금
09:00 - 20:00
13:00 - 14:00 휴게시간
토
09:00 - 13:00
일
정기휴무 (매주 일요일)
월
09:00 - 20:00
13:00 - 14:00 휴게시간
화(6/6)
현충일 휴무
수
09:00 - 17:00
13:00 - 14:00 휴게시간
목
09:00 - 17:00
13:00 - 14:00 휴게시간",051-247-7172
유디치과의원 부산남포점,치과,"금
09:30 - 18:30
13:00 - 14:00 휴게시간
토
09:30 - 14:30
일
정기휴무 (매주 일요일)
월
09:30 - 18:30
13:00 - 14:00 휴게시간
화(6/6)
현충일 휴무
수
09:30 - 18:30
13:00 - 14:00 휴게시간
목
09:30 - 18:30
13:00 - 14:00 휴게시간",051-253-5115
엄상훈치과의원,치과,"금
10:00 - 18:00
토
10:00 - 13:00
일
정기휴무 (매주 일요일)
월
10:00 - 18:00
화
10:00 - 18:00
수
10:00 - 18:00
목
10:00 - 18:00
접기",051-254-7713
남포속바른내과의원,내과,"금
08:30 - 18:00
13:00 - 14:00 휴게시간
토
08:30 - 14:00
일
정기휴무 (매주 일요일)
월
08:30 - 18:00
13:00 - 14:00 휴게시간
화(6/6)
현충일 휴무
수
08:30 - 18:00
13:00 - 14:00 휴게시간
목
08:30 - 18:00
13:00 - 14:00 휴게시간",0507-1416-0100
연세미래정형외과의원,정형외과,"금
09:00 - 18:00
13:00 - 14:00 휴게시간
토
09:00 - 13:00
일
정기휴무 (매주 일요일)
월
09:00 - 18:00
13:00 - 14:00 휴게시간
화(6/6)
현충일 휴무
수
09:00 - 18:00
13:00 - 14:00 휴게시간
목
09:00 - 18:00
13:00 - 14:00 휴게시간",051-231-5555
중앙나라요양병원,요양병원,"금
09:00 - 18:00
토
09:00 - 13:00
일
정보없음
월
09:00 - 18:00
화
09:00 - 18:00
수
09:00 - 18:00
목
09:00 - 18:00
접기",051-246-0505
강남성모치과의원,치과,"금
09:30 - 18:30
12:30 - 14:00 휴게시간
18:00 접수마감
토
09:30 - 15:00
14:30 접수마감
일
정기휴무 (매주 일요일)
월
09:30 - 18:30
12:30 - 14:00 휴게시간
18:00 접수마감
화(6/6)
현충일 휴무
수
09:30 - 18:30
12:30 - 14:00 휴게시간
18:00 접수마감
목
09:30 - 18:30
12:30 - 14:00 휴게시간
18:00 접수마감",0507-1377-2824
대항길외과의원,외과,"금
09:00 - 18:00
12:30 - 13:30 휴게시간
토
09:00 - 15:00
일
정기휴무 (매주 일요일)
월
09:00 - 18:00
12:30 - 13:30 휴게시간
화(6/6)
현충일09:00 - 13:00
수
09:00 - 18:00
12:30 - 13:30 휴게시간
목
09:00 - 18:00
12:30 - 13:30 휴게시간
접기",051-710-7588
인플란트치과의원,치과,"금
09:30 - 18:30
13:00 - 14:00 휴게시간
토
09:30 - 13:00
일
정기휴무 (매주 일요일)
월
09:30 - 18:30
13:00 - 14:00 휴게시간
화(6/6)
현충일 휴무
수
09:30 - 18:30
13:00 - 14:00 휴게시간
목
09:30 - 20:30
13:00 - 14:00 휴게시간",051-256-2833
해양요양병원,요양병원,"금
09:00 - 18:00
12:00 - 13:00 휴게시간
17:40 접수마감
토
09:00 - 12:00
11:40 접수마감
일
정기휴무 (매주 일요일)
월
09:00 - 18:00
12:00 - 13:00 휴게시간
17:40 접수마감
화(6/6)
현충일 휴무
수
09:00 - 18:00
12:00 - 13:00 휴게시간
17:40 접수마감
목
09:00 - 18:00
12:00 - 13:00 휴게시간
17:40 접수마감",051-466-0008
조진수소아청소년과의원,소아청소년과,"금
09:00 - 18:00
12:30 - 14:00 휴게시간
토
정기휴무 (매주 토요일)
일
정기휴무 (매주 일요일)
월
09:00 - 18:00
12:30 - 14:00 휴게시간
화(6/6)
현충일 휴무
수
09:00 - 18:00
12:30 - 14:00 휴게시간
목
09:00 - 18:00
12:30 - 14:00 휴게시간",051-625-9933
코끼리마취통증의학과의원,마취통증의학과,"금
09:00 - 17:30
13:00 - 14:00 휴게시간
토
09:00 - 13:00
일
정기휴무 (매주 일요일)
월
09:00 - 17:30
13:00 - 14:00 휴게시간
화(6/6)
현충일 휴무
수
09:00 - 17:30
13:00 - 14:00 휴게시간
목
09:00 - 17:30
13:00 - 14:00 휴게시간",051-246-8288
이명수내과의원,내과,,0507-1385-3008
퍼스트안과의원,안과,"금
09:30 - 18:30
13:00 - 14:00 휴게시간
18:00 접수마감
토
09:30 - 15:30
15:00 접수마감
일
정기휴무 (매주 일요일)
월
09:30 - 18:30
13:00 - 14:00 휴게시간
18:00 접수마감
화(6/6)
09:30 - 13:00
수
09:30 - 18:30
13:00 - 14:00 휴게시간
18:00 접수마감
목
09:30 - 18:30
13:00 - 14:00 휴게시간
18:00 접수마감
접기",1670-1552
휘림한방병원,한방병원,"금
09:00 - 18:00
13:00 - 14:00 휴게시간
토
09:00 - 18:00
13:00 - 14:00 휴게시간
일
09:00 - 18:00
13:00 - 14:00 휴게시간
월
09:00 - 18:00
13:00 - 14:00 휴게시간
화
09:00 - 18:00
13:00 - 14:00 휴게시간
수
09:00 - 18:00
13:00 - 14:00 휴게시간
목
09:00 - 18:00
13:00 - 14:00 휴게시간
접기",051-507-8500
기본이바른치과의원,치과,"금
09:30 - 18:30
13:00 - 14:00 휴게시간
토(6/3)
휴무
일
정기휴무 (매주 일요일)
월(6/5)
휴무
화(6/6)
현충일 휴무
수
09:30 - 18:30
13:00 - 14:00 휴게시간
목
09:30 - 20:30
13:00 - 14:00 휴게시간",051-245-7475
이강룡내과의원,내과,"금
09:00 - 18:00
12:30 - 14:00 휴게시간
토
09:00 - 13:00
일
정기휴무 (매주 일요일)
월
09:00 - 18:00
12:30 - 14:00 휴게시간
화(6/6)
현충일 휴무
수
09:00 - 18:00
12:30 - 14:00 휴게시간
목
09:00 - 18:00
12:30 - 14:00 휴게시간",051-627-7474
시원비뇨기과의원,비뇨의학과,"금
09:00 - 17:30
12:30 - 14:00 휴게시간
토
09:00 - 13:00
일
정기휴무 (매주 일요일)
월
09:00 - 17:30
12:30 - 14:00 휴게시간
화(6/6)
현충일 휴무
수
09:00 - 17:30
12:30 - 14:00 휴게시간
목
09:00 - 17:30
12:30 - 14:00 휴게시간",051-255-8200
강남굿모닝의원,"병원,의원","금
09:00 - 18:00
토
09:00 - 14:00
일
정기휴무 (매주 일요일)
월
09:00 - 18:00
화(6/6)
현충일 휴무
수
09:00 - 18:00
목
09:00 - 18:00",051-715-8891
새로고침의원,피부과,"금
11:00 - 21:00
토
11:00 - 15:00
일
정기휴무 (매주 일요일)
월(6/5)
휴무
화(6/6)
현충일 휴무
수
11:00 - 19:00
목
11:00 - 20:00",051-243-7975
김상호신경과의원,신경과,"금
09:00 - 17:30
토
09:00 - 13:00
일
정기휴무 (매주 일요일)
월
09:00 - 17:30
화(6/6)
현충일 휴무
수
09:00 - 17:30
목
09:00 - 17:30",051-254-3500
강철중정신건강의학과의원,정신건강의학과,"금
09:00 - 18:00
13:00 - 14:00 휴게시간
17:30 접수마감
토
09:00 - 13:00
12:30 접수마감
일
정기휴무 (매주 일요일)
월
09:00 - 18:00
13:00 - 14:00 휴게시간
17:30 접수마감
화(6/6)
현충일 휴무
수
정기휴무 (매주 수요일)
목
09:00 - 18:00
13:00 - 14:00 휴게시간
17:30 접수마감",0507-1337-0275
광덕안정한의원 부산중구점,한의원,"금
08:00 - 21:00
13:00 - 14:00 휴게시간
토
08:00 - 17:00
13:00 - 14:00 휴게시간
일
08:00 - 17:00
13:00 - 14:00 휴게시간
월
08:00 - 21:00
13:00 - 14:00 휴게시간
화(6/6)
현충일08:00 - 17:00
13:00 - 14:00 휴게시간
수
08:00 - 21:00
13:00 - 14:00 휴게시간
목
08:00 - 21:00
13:00 - 14:00 휴게시간
접기",051-243-1075
이외과의원,외과,"금
09:00 - 18:00
13:00 - 14:00 휴게시간
토
09:00 - 12:30
일
정기휴무 (매주 일요일)
월
09:00 - 18:00
13:00 - 14:00 휴게시간
화(6/6)
현충일 휴무
수
09:00 - 18:00
13:00 - 14:00 휴게시간
목
09:00 - 18:00
13:00 - 14:00 휴게시간",051-628-8176
부산헬스케어의원,내과,,No phone number available
최석렬내과의원,내과,,051-241-1088
균형한의원 남포점,한의원,"금
09:00 - 21:00
12:30 - 14:00 휴게시간
토
09:00 - 17:00
12:30 - 14:00 휴게시간
일
09:00 - 17:00
12:30 - 14:00 휴게시간
월
09:00 - 21:00
12:30 - 14:00 휴게시간
화(6/6)
현충일09:00 - 17:00
12:30 - 14:00 휴게시간
수
09:00 - 21:00
12:30 - 14:00 휴게시간
목
09:00 - 21:00
12:30 - 14:00 휴게시간",0507-1485-5961
구영일재활의학과의원,재활의학과,"금
08:30 - 17:30
12:30 - 14:00 휴게시간
토
08:30 - 13:30
일
정기휴무 (매주 일요일)
월
08:30 - 17:30
12:30 - 14:00 휴게시간
화(6/6)
현충일 휴무
수
08:30 - 17:30
12:30 - 14:00 휴게시간
목
08:30 - 17:30
12:30 - 14:00 휴게시간",051-468-2666
굿힐링병원,재활의학과,"금
09:00 - 18:00
12:30 - 13:30 휴게시간
토
09:00 - 12:30
일
정기휴무 (매주 일요일)
월
09:00 - 18:00
12:30 - 13:30 휴게시간
화(6/6)
현충일 휴무
수
09:00 - 18:00
12:30 - 13:30 휴게시간
목
09:00 - 18:00
12:30 - 13:30 휴게시간",051-255-0200
플러스치과의원,치과,"금
09:30 - 18:30
12:30 - 14:00 휴게시간
토
정기휴무 (매주 토요일)
일
정기휴무 (매주 일요일)
월
09:30 - 18:30
12:30 - 14:00 휴게시간
화(6/6)
현충일 휴무
수
09:30 - 18:30
12:30 - 14:00 휴게시간
목
09:30 - 20:00
12:30 - 14:00 휴게시간",0507-1317-2804
청아인한의원,한의원,"금
09:00 - 18:00
12:30 - 14:00 휴게시간
토
09:00 - 13:00
일
정기휴무 (매주 일요일)
월
09:00 - 18:00
12:30 - 14:00 휴게시간
화(6/6)
현충일 휴무
수
09:00 - 18:00
12:30 - 14:00 휴게시간
목
09:00 - 18:00
12:30 - 14:00 휴게시간",051-469-8485
부산성모병원 응급실,응급실,"매일
00:00 - 24:00
접기",051-933-7119
중앙치과의원,치과,"금
09:30 - 18:00
12:30 - 14:00 휴게시간
토
정기휴무 (매주 토요일)
일
정기휴무 (매주 일요일)
월
09:30 - 18:00
12:30 - 14:00 휴게시간
화(6/6)
현충일 휴무
수
09:30 - 18:00
12:30 - 14:00 휴게시간
목
09:30 - 18:00
12:30 - 14:00 휴게시간",051-464-2804
부산성모병원 장례식장,장례식장,,051-933-7480
공감정신건강의학과의원,정신건강의학과,"금
09:00 - 18:00
토
09:00 - 16:00
일
정기휴무 (매주 일요일)
월
09:00 - 18:00
12:30 - 14:00 휴게시간
화(6/6)
현충일 휴무
수
09:00 - 18:00
목
09:00 - 18:00",0507-1490-0069
화이트이치과의원 남포,치과,"금
10:00 - 21:00
13:00 - 14:00 휴게시간
17:30 - 18:00 휴게시간
20:00 접수마감
토
10:00 - 14:00
13:00 접수마감
일
정기휴무 (매주 일요일)
월
10:00 - 19:00
13:00 - 14:00 휴게시간
18:00 접수마감
화(6/6)
현충일 휴무
수
10:00 - 19:00
13:00 - 14:00 휴게시간
18:00 접수마감
목
10:00 - 21:00
13:00 - 14:00 휴게시간
17:30 - 18:00 휴게시간
20:00 접수마감",0507-1306-2870
흰치과의원,치과,"금
09:30 - 18:30
13:00 - 14:30 휴게시간
토
정기휴무 (매주 토요일)
일
정기휴무 (매주 일요일)
월
09:30 - 18:30
13:00 - 14:30 휴게시간
화(6/6)
현충일 휴무
수
14:30 - 20:30
목
09:30 - 20:30
13:00 - 14:30 휴게시간",051-466-5588
빛으로의원,"병원,의원","금
08:30 - 18:30
토
08:30 - 12:30
일
정기휴무 (매주 일요일)
월
08:30 - 18:30
화(6/6)
현충일08:30 - 12:30
수
08:30 - 18:30
목
08:30 - 18:30
접기",051-253-7582
김양희치과의원,치과,"금
09:30 - 18:00
토
09:30 - 13:00
일
정기휴무 (매주 일요일)
월
09:30 - 18:00
화(6/6)
현충일 휴무
수
09:30 - 18:00
목
정기휴무 (매주 목요일)",051-465-2875
한양마디시원정형외과의원,정형외과,"금
09:00 - 18:00
13:00 - 14:00 휴게시간
17:45 접수마감
토
09:00 - 13:00
12:45 접수마감
일
정기휴무 (매주 일요일)
월
09:00 - 18:00
13:00 - 14:00 휴게시간
17:45 접수마감
화(6/6)
현충일 휴무
수
09:00 - 18:00
13:00 - 14:00 휴게시간
17:45 접수마감
목
09:00 - 18:00
13:00 - 14:00 휴게시간
17:45 접수마감",051-257-9991
성비뇨기과의원,비뇨의학과,"금
09:30 - 18:30
13:00 - 14:00 휴게시간
토
09:30 - 13:00
일
정기휴무 (매주 일요일)
월
09:30 - 18:30
13:00 - 14:00 휴게시간
화(6/6)
현충일 휴무
수
09:30 - 18:30
13:00 - 14:00 휴게시간
목
09:30 - 18:30
13:00 - 14:00 휴게시간",051-245-7272
강순일치과의원,치과,"금
09:30 - 18:00
13:00 - 14:30 휴게시간
토
09:30 - 13:00
일
정기휴무 (매주 일요일)
월
09:30 - 18:00
13:00 - 14:30 휴게시간
화(6/6)
현충일 휴무
수
09:30 - 18:00
13:00 - 14:30 휴게시간
목
09:30 - 18:00
13:00 - 14:30 휴게시간",051-244-7400
다사랑의원,내과,"금
09:00 - 18:30
토
09:00 - 13:00
일
정기휴무 (매주 일요일)
월
09:00 - 18:30
화(6/6)
현충일 휴무
수
09:00 - 18:30
목
09:00 - 18:30",051-245-7856
참조은의원,가정의학과,"금
08:30 - 18:00
12:40 - 14:00 휴게시간
토
08:30 - 13:00
일
정기휴무 (매주 일요일)
월
08:30 - 18:00
12:40 - 14:00 휴게시간
화(6/6)
현충일 휴무
수
08:30 - 13:00
목
08:30 - 18:00
12:40 - 14:00 휴게시간",051-241-3476
영주조은의원,피부과,"금
09:00 - 18:30
12:30 - 14:00 휴게시간
토
09:00 - 16:00
12:30 - 14:00 휴게시간
일
정보없음
월
09:00 - 18:30
12:30 - 14:00 휴게시간
화
09:00 - 18:30
12:30 - 14:00 휴게시간
수
09:00 - 18:30
12:30 - 14:00 휴게시간
목
09:00 - 18:30
12:30 - 14:00 휴게시간
접기",0507-1378-5504
경희미르애한의원,한의원,"금
09:00 - 20:30
13:00 - 14:00 휴게시간
토
09:00 - 15:00
일
정기휴무 (매주 일요일)
월
09:00 - 20:30
13:00 - 14:00 휴게시간
화(6/6)
현충일 휴무
수
09:00 - 20:30
13:00 - 14:00 휴게시간
목
09:00 - 19:00
13:00 - 14:00 휴게시간",051-241-3721
성신항운외과의원,외과,"금
09:00 - 18:00
12:30 - 14:00 휴게시간
토
09:00 - 13:00
일
정기휴무 (매주 일요일)
월
09:00 - 18:00
12:30 - 14:00 휴게시간
화(6/6)
현충일 휴무
수
09:00 - 18:00
12:30 - 14:00 휴게시간
목
09:00 - 18:00
12:30 - 14:00 휴게시간",051-466-7507
푸른정의원,"병원,의원","금
09:00 - 20:00
13:00 - 14:00 휴게시간
토
09:00 - 16:00
일
09:00 - 13:00
월
09:00 - 20:00
13:00 - 14:00 휴게시간
화(6/6)
현충일09:00 - 13:00
수
09:00 - 20:00
13:00 - 14:00 휴게시간
목
09:00 - 20:00
13:00 - 14:00 휴게시간
접기",051-417-2111
국민한의원프롤로의원,한의원,"금
09:30 - 18:30
13:00 - 14:00 휴게시간
토
09:30 - 13:30
일
정기휴무 (매주 일요일)
월
09:30 - 18:30
13:00 - 14:00 휴게시간
화(6/6)
현충일 휴무
수
09:30 - 13:30
목
09:30 - 18:30
13:00 - 14:00 휴게시간",0507-1478-0223
기정의원,"병원,의원","금
09:00 - 18:30
13:00 - 14:00 휴게시간
토
09:00 - 14:00
일
정기휴무 (매주 일요일)
월
09:00 - 18:30
13:00 - 14:00 휴게시간
화(6/6)
현충일 휴무
수
09:00 - 18:30
13:00 - 14:00 휴게시간
목
09:00 - 18:30
13:00 - 14:00 휴게시간",051-254-8335
미소마취통증의학과의원,마취통증의학과,"금
09:00 - 17:00
13:00 - 14:30 휴게시간
토
09:00 - 12:00
일
정기휴무 (매주 일요일)
월
09:00 - 17:00
13:00 - 14:30 휴게시간
화(6/6)
현충일 휴무
수
09:00 - 12:00
목
09:00 - 17:00
13:00 - 14:30 휴게시간",051-469-9957
신윤원내과의원,내과,"금
08:50 - 18:00
12:30 - 13:30 휴게시간
토
08:50 - 14:00
일
정기휴무 (매주 일요일)
월
08:50 - 18:00
12:30 - 13:30 휴게시간
화(6/6)
현충일 휴무
수
08:50 - 18:00
12:30 - 13:30 휴게시간
목
08:50 - 18:00
12:30 - 13:30 휴게시간",0507-1319-7025
가온미의원,피부과,"금
10:00 - 18:00
12:30 - 14:00 휴게시간
17:40 접수마감
토
09:30 - 13:30
13:10 접수마감
일
정기휴무 (매주 일요일)
월
10:00 - 18:00
12:30 - 14:00 휴게시간
17:40 접수마감
화(6/6)
현충일 휴무
수
14:00 - 18:00
17:40 접수마감
목
10:00 - 18:00
12:30 - 14:00 휴게시간
17:40 접수마감",051-244-0128
보스톤치과의원,치과,"금
09:30 - 16:30
12:30 - 14:00 휴게시간
토
09:30 - 12:00
일
정보없음
월
09:30 - 18:00
12:30 - 14:00 휴게시간
화
09:30 - 18:00
12:30 - 14:00 휴게시간
수
09:30 - 18:00
12:30 - 14:00 휴게시간
목
09:30 - 19:30
12:30 - 14:00 휴게시간
접기",051-242-2879
신창요양병원,요양병원,"금
09:00 - 17:30
토
09:00 - 12:00
일
정기휴무 (매주 일요일)
월
09:00 - 17:30
화(6/6)
현충일 휴무
수
09:00 - 17:30
목
09:00 - 17:30",051-243-8800
스타화이트치과의원,치과,"금
10:00 - 21:00
토
09:00 - 14:00
일
정기휴무 (매주 일요일)
월
10:00 - 19:00
화
10:00 - 19:00
수
13:00 - 21:00
목
10:00 - 19:00
접기",051-714-0100
홍가정의학과의원,가정의학과,"금
09:00 - 18:00
12:30 - 14:00 휴게시간
토
09:00 - 12:30
일
정기휴무 (매주 일요일)
월
09:00 - 18:00
12:30 - 14:00 휴게시간
화(6/6)
현충일 휴무
수
09:00 - 18:00
12:30 - 14:00 휴게시간
목
09:00 - 18:00
12:30 - 14:00 휴게시간",051-245-7075
홍관표내과의원,내과,"금
09:00 - 18:00
13:00 - 14:00 휴게시간
토
정기휴무 (매주 토요일)
일
정기휴무 (매주 일요일)
월
09:00 - 18:00
13:00 - 14:00 휴게시간
화(6/6)
현충일 휴무
수
09:00 - 18:00
13:00 - 14:00 휴게시간
목
09:00 - 18:00
13:00 - 14:00 휴게시간",051-254-5577
부산의원,내과,"금
09:00 - 18:00
12:30 - 13:30 휴게시간
토
09:00 - 12:30
일
정기휴무 (매주 일요일)
월
09:00 - 18:00
12:30 - 13:30 휴게시간
화(6/6)
현충일 휴무
수
09:00 - 18:00
12:30 - 13:30 휴게시간
목
13:30 - 18:00",051-243-2778
연세치과의원,치과,"금
09:30 - 18:00
12:30 - 14:00 휴게시간
17:30 접수마감
토
09:30 - 12:30
12:00 접수마감
일
정기휴무 (매주 일요일)
월
09:30 - 18:00
12:30 - 14:00 휴게시간
17:30 접수마감
화(6/6)
현충일 휴무
수
09:30 - 18:00
12:30 - 14:00 휴게시간
17:30 접수마감
목
09:30 - 18:00
12:30 - 14:00 휴게시간
17:30 접수마감",051-243-2275
선일치과의원,치과,"금
09:30 - 12:00
토
09:30 - 12:00
일
정기휴무 (매주 일요일)
월
09:30 - 17:00
12:00 - 14:00 휴게시간
화(6/6)
현충일 휴무
수
09:30 - 17:00
12:00 - 14:00 휴게시간
목
09:30 - 17:00
12:00 - 14:00 휴게시간",051-231-1302
서울리안치과의원,치과,"금
09:30 - 18:30
13:00 - 14:00 휴게시간
18:00 접수마감
토
정기휴무 (매주 토요일)
일
정기휴무 (매주 일요일)
월
09:30 - 18:30
13:00 - 14:00 휴게시간
18:00 접수마감
화(6/6)
현충일 휴무
수
09:30 - 18:30
13:00 - 14:00 휴게시간
18:00 접수마감
목
09:30 - 20:30
13:00 - 14:00 휴게시간
20:00 접수마감",051-791-2880
부산신창한의원,한의원,"금
09:30 - 17:30
12:30 - 14:00 휴게시간
토
09:30 - 16:30
일
정기휴무 (매주 일요일)
월
09:30 - 17:30
12:30 - 14:00 휴게시간
화(6/6)
현충일 휴무
수
09:30 - 17:30
12:30 - 14:00 휴게시간
목
09:30 - 17:30
12:30 - 14:00 휴게시간",051-469-1987
디자인치과교정과치과의원,치과,"금
10:30 - 19:00
13:00 - 14:30 휴게시간
18:30 접수마감
토
10:00 - 16:00
13:00 - 14:00 휴게시간
15:30 접수마감
일
정기휴무 (매주 일요일)
월
10:30 - 19:00
13:00 - 14:30 휴게시간
18:30 접수마감
화(6/6)
현충일 휴무
수
10:30 - 19:00
13:00 - 14:30 휴게시간
18:30 접수마감
목
10:30 - 19:00
13:00 - 14:30 휴게시간
18:30 접수마감",0507-1423-2885
B&S의원,성형외과,"금
10:00 - 18:30
13:00 - 14:00 휴게시간
토
10:00 - 15:00
일
정기휴무 (매주 일요일)
월
10:00 - 18:30
13:00 - 14:00 휴게시간
화(6/6)
현충일 휴무
수
10:00 - 18:30
13:00 - 14:00 휴게시간
목
10:00 - 18:30
13:00 - 14:00 휴게시간",051-248-5494
내일N성형외과의원,성형외과,"금
09:30 - 18:30
토
09:30 - 13:00
일
정기휴무 (매주 일요일)
월
09:30 - 18:30
화(6/6)
현충일 휴무
수
09:30 - 18:30
목
09:30 - 18:30",051-231-8088
이편한치과의원,치과,"금
09:30 - 17:00
13:00 - 14:00 휴게시간
토
09:30 - 13:00
일
정기휴무 (매주 일요일)
월
09:30 - 17:00
13:00 - 14:00 휴게시간
화(6/6)
현충일 휴무
수
정기휴무 (매주 수요일)
목
09:30 - 17:00
13:00 - 14:00 휴게시간",051-245-0428
충무새힘한의원,한의원,"금
08:30 - 19:00
12:20 - 14:00 휴게시간
18:00 접수마감
토
08:30 - 13:00
12:00 접수마감
일
08:30 - 13:00
12:00 접수마감
월
08:30 - 19:00
12:20 - 14:00 휴게시간
18:00 접수마감
화(6/6)
현충일 휴무
수
08:30 - 19:00
12:20 - 14:00 휴게시간
18:00 접수마감
목
08:30 - 19:00
12:20 - 14:00 휴게시간
18:00 접수마감",051-247-5245
이춘식안과의원,안과,"금
09:00 - 18:00
12:30 - 14:00 휴게시간
토
09:00 - 12:00
일
정기휴무 (매주 일요일)
월
09:00 - 18:00
12:30 - 14:00 휴게시간
화(6/6)
현충일 휴무
수
09:00 - 18:00
12:30 - 14:00 휴게시간
목
09:00 - 18:00
12:30 - 14:00 휴게시간",051-465-6761
센스원의원,성형외과,"금
10:00 - 20:00
13:00 - 14:00 휴게시간
토
10:00 - 15:00
일
정보없음
월
10:00 - 19:00
13:00 - 14:00 휴게시간
화
10:00 - 20:00
13:00 - 14:00 휴게시간
수
10:00 - 19:00
13:00 - 14:00 휴게시간
목
10:00 - 19:00
13:00 - 14:00 휴게시간
접기",010-7245-2893
지창준내과의원,내과,"금
09:00 - 17:00
12:30 - 14:00 휴게시간
16:30 접수마감
토
09:00 - 12:00
11:30 접수마감
일
정기휴무 (매주 일요일)
월
09:00 - 17:00
12:30 - 14:00 휴게시간
16:30 접수마감
화(6/6)
현충일 휴무
수
09:00 - 17:00
12:30 - 14:00 휴게시간
16:30 접수마감
목
09:00 - 17:00
12:30 - 14:00 휴게시간
16:30 접수마감",051-245-1434
365석치과의원,치과,"금
14:00 - 18:30
토
09:30 - 14:00
일
정기휴무 (매주 일요일)
월
09:30 - 18:30
12:30 - 14:00 휴게시간
화(6/6)
현충일 휴무
수
09:30 - 18:30
12:30 - 14:00 휴게시간
목
09:30 - 21:00
12:30 - 14:00 휴게시간",051-714-7141
이상익신경과의원,신경과,"금
09:00 - 18:00
13:00 - 14:00 휴게시간
17:45 접수마감
토
09:00 - 13:00
12:45 접수마감
일
정기휴무 (매주 일요일)
월
09:00 - 18:00
13:00 - 14:00 휴게시간
17:45 접수마감
화(6/6)
현충일 휴무
수
09:00 - 18:00
13:00 - 14:00 휴게시간
17:45 접수마감
목
09:00 - 18:00
13:00 - 14:00 휴게시간
17:45 접수마감",051-464-1373
메리놀병원 응급실,응급실,,051-461-2300
애플치과의원,치과,"금
09:30 - 18:30
12:30 - 14:00 휴게시간
토
09:30 - 13:30
일
정기휴무 (매주 일요일)
월(6/5)
휴무
화(6/6)
현충일 휴무
수(6/7)
14:00 - 18:30
목
09:30 - 19:30
12:30 - 14:00 휴게시간",0507-1376-2829
J&L우리들내과,내과,"금
09:00 - 17:30
12:30 - 14:00 휴게시간
토
09:00 - 12:30
일
정기휴무 (매주 일요일)
월
09:00 - 17:30
12:30 - 14:00 휴게시간
화(6/6)
현충일 휴무
수
09:00 - 17:30
12:30 - 14:00 휴게시간
목
09:00 - 12:30",051-255-7533
부산예스치과의원,치과,"금
10:00 - 18:30
12:30 - 14:00 휴게시간
토
10:00 - 14:00
일
정기휴무 (매주 일요일)
월
10:00 - 18:30
12:30 - 14:00 휴게시간
화(6/6)
현충일 휴무
수
10:00 - 18:30
12:30 - 14:00 휴게시간
목
10:00 - 18:30
12:30 - 14:00 휴게시간",051-245-4200
자갈치남포마취통증의학과의원,마취통증의학과,"금
09:00 - 17:00
12:30 - 14:00 휴게시간
토
09:00 - 12:30
일
정기휴무 (매주 일요일)
월
09:00 - 17:00
12:30 - 14:00 휴게시간
화(6/6)
현충일 휴무
수
09:00 - 17:00
12:30 - 14:00 휴게시간
목
09:00 - 12:30",051-246-7282
다솜의원 자갈치점,내과,"금
08:30 - 17:20
12:30 - 13:30 휴게시간
토
08:30 - 12:40
일
정기휴무 (매주 일요일)
월
08:30 - 17:20
12:30 - 13:30 휴게시간
화(6/6)
현충일 휴무
수
08:30 - 17:20
12:30 - 13:30 휴게시간
목
08:30 - 17:20
12:30 - 13:30 휴게시간",051-243-7582
이창영정신과의원,신경과,"금
09:30 - 18:30
12:30 - 13:30 휴게시간
토
09:30 - 13:00
일
정기휴무 (매주 일요일)
월
09:30 - 18:30
12:30 - 13:30 휴게시간
화(6/6)
현충일 휴무
수
09:30 - 18:30
12:30 - 13:30 휴게시간
목
09:30 - 18:30
12:30 - 13:30 휴게시간",051-242-2112
변창순치과의원,치과,"금
09:00 - 18:30
13:00 - 14:30 휴게시간
토
09:00 - 13:00
일
정기휴무 (매주 일요일)
월
09:00 - 18:30
13:00 - 14:30 휴게시간
화(6/6)
현충일 휴무
수
09:00 - 18:30
13:00 - 14:30 휴게시간
목
09:00 - 18:30
13:00 - 14:30 휴게시간",051-464-6107
이경인내과의원,내과,"금
09:00 - 18:00
12:30 - 14:00 휴게시간
토
09:00 - 13:00
일
정기휴무 (매주 일요일)
월
09:00 - 18:00
12:30 - 14:00 휴게시간
화(6/6)
현충일 휴무
수
09:00 - 18:00
12:30 - 14:00 휴게시간
목
09:00 - 18:00
12:30 - 14:00 휴게시간",051-246-2682
센텀신경외과,신경외과,,051-466-0002
감동호내과의원,내과,"금
09:00 - 18:00
12:30 - 14:00 휴게시간
토
09:00 - 14:00
일
정기휴무 (매주 일요일)
월
09:00 - 18:00
12:30 - 14:00 휴게시간
화(6/6)
현충일 휴무
수
09:00 - 18:00
12:30 - 14:00 휴게시간
목
09:00 - 18:00
12:30 - 14:00 휴게시간",051-242-6086
고려정형외과의원,정형외과,"금
09:30 - 16:30
12:30 - 13:30 휴게시간
토
정기휴무 (매주 토요일)
일
정기휴무 (매주 일요일)
월
09:30 - 16:30
12:30 - 13:30 휴게시간
화(6/6)
현충일 휴무
수
정기휴무 (매주 수요일)
목
09:30 - 16:30
12:30 - 13:30 휴게시간",051-245-3488
차영일비뇨기과의원,비뇨의학과,"금
10:00 - 18:00
12:00 - 14:00 휴게시간
토
10:00 - 12:00
일
정기휴무 (매주 일요일)
월
10:00 - 18:00
12:00 - 14:00 휴게시간
화(6/6)
현충일10:00 - 12:00
수
10:00 - 18:00
12:00 - 14:00 휴게시간
목
10:00 - 18:00
12:00 - 14:00 휴게시간
접기",051-243-9090
탑조인트의원,"병원,의원","금
09:00 - 18:30
13:00 - 14:00 휴게시간
토
09:00 - 13:30
일
정기휴무 (매주 일요일)
월
09:00 - 18:30
13:00 - 14:00 휴게시간
화(6/6)
현충일 휴무
수
09:00 - 18:30
13:00 - 14:00 휴게시간
목
09:00 - 18:30
13:00 - 14:00 휴게시간",0507-1469-1611
삼성한의원,한의원,"금
09:00 - 19:00
13:00 - 14:00 휴게시간
토
09:00 - 13:00
일
정기휴무 (매주 일요일)
월
09:00 - 19:00
13:00 - 14:00 휴게시간
화(6/6)
현충일09:00 - 13:00
수
09:00 - 19:00
13:00 - 14:00 휴게시간
목
09:00 - 19:00
13:00 - 14:00 휴게시간
접기",0507-1312-7579
성모마취통증의학과의원,마취통증의학과,"금
09:30 - 18:00
12:30 - 14:00 휴게시간
토
09:30 - 13:00
일
정기휴무 (매주 일요일)
월
09:30 - 18:00
12:30 - 14:00 휴게시간
화(6/6)
현충일 휴무
수
09:30 - 18:00
12:30 - 14:00 휴게시간
목
09:30 - 13:00",051-246-7077
서울의원,성형외과,"금
09:00 - 18:00
토
09:00 - 14:00
일
정기휴무 (매주 일요일)
월
09:00 - 18:00
화(6/6)
현충일 휴무
수
09:00 - 18:00
목
09:00 - 18:00",051-244-7777
